tinfection,tremoved,infector_id,infected_id
2020.0232644576488,2020.0846994535702,284,30_d500_77_0_badger_2020-02-01
2018.5684571076426,2019.2465753425358,638,40305051_9_cattle_2019-04-01
2019.6297830402896,2020.0846994536091,446,45_d500_100_0_badger_2020-02-01
2020.0614661107347,2020.0846994535686,252,45_d500_101_0_badger_2020-02-01
2017.241137681169,2018.4136986302312,897,45_d500_103_0_badger_2018-06-01
2020.0614020314163,2020.0846994536462,253,45_d500_105_728_0_badger_2020-02-01
2019.1979910446323,2019.495890410972,556,45_d500_119_795_0_badger_2019-07-01
2020.0090755162082,2020.0846994536353,293,45_d500_126_1578_0_badger_2020-02-01
2018.1484334006611,2018.4958904110058,747,45_d500_132_811_0_badger_2018-07-01
2020.0468532900618,2020.0846994536068,264,45_d500_133_0_badger_2020-02-01
2020.0085464854708,2020.084699453607,294,45_d500_146_0_badger_2020-02-01
2019.154524795796,2019.4958904109828,564,45_d500_148_0_badger_2019-07-01
2019.3726977872195,2019.6657534247336,523,45_d500_148_1_badger_2019-09-01
2020.0619105237645,2020.08469945357,251,45_d500_148_2_badger_2020-02-01
2019.7484503839182,2019.9150684931913,413,45_d500_154_0_badger_2019-12-01
2019.9770062776986,2020.084699453637,311,45_d500_154_1_badger_2020-02-01
2011.6980821013601,2012.4153005465444,211,45_d500_160_2_badger_2012-06-01
2020.0464167164823,2020.0846994535743,265,45_d500_162_0_badger_2020-02-01
2016.636965513159,2017.4958904110033,909,45_d500_298_0_badger_2017-07-01
2016.1999921997876,2017.5808219178157,916,45_d500_37_585_0_badger_2017-08-01
2019.9561959521266,2020.084699453618,333,45_d500_37_585_1_badger_2020-02-01
2019.2350851258648,2020.0846994535905,549,45_d500_53_597_0_badger_2020-02-01
2020.063228774439,2020.0846994536355,250,45_d500_53_597_1_badger_2020-02-01
2020.007633752012,2020.0846994535668,295,45_d500_88_0_badger_2020-02-01
2017.3914254736305,2018.2465753425006,884,45_d500_88_1_badger_2018-04-01
2019.966486664314,2020.0846994536007,322,45_d500_88_2_badger_2020-02-01
2020.0481941752425,2020.0846994535668,261,45_d500_88_3_badger_2020-02-01
2020.0584061510895,2020.0846994535875,256,45_d500_88_4_badger_2020-02-01
2020.0726026491045,2020.084699453648,243,45_d500_88_5_badger_2020-02-01
2017.9485958200644,2019.41369863015,143,45_d500_94_0_badger_2019-06-01
2020.0593229931944,2020.084699453553,255,45_d500_94_1_badger_2020-02-01
2019.8925082284268,2020.0846994535682,361,45_d500_94_2_badger_2020-02-01
2015.4049107758499,2015.9150684932315,35,45_d500_95_695_0_badger_2015-12-01
2018.9674131927977,2019.3287671233745,609,45_d500_99_720_0_badger_2019-05-01
2014.0952857142668,2015.6657534247095,36,45_d500_99_866_0_badger_2015-09-01
2013.9883498876138,2015.6657534247208,136,45_d500_99_866_1_badger_2015-09-01
2014.5273110593103,2016.6666666667509,35,45_d500_99_869_0_badger_2016-09-01
2016.9040746780856,2017.5808219178366,912,45_d500_99_869_1_badger_2017-08-01
2014.0125518463335,2015.2465753425324,136,45_d500_99_869_2_badger_2015-04-01
2019.945891833275,2020.0846994535668,338,49_d500_7_0_badger_2020-02-01
2020.0188794984558,2020.08469945365,286,64099007_0_cattle_2020-02-01
2019.9527054626203,2020.0846994535816,337,64099007_1_cattle_2020-02-01
2020.0022393747665,2020.0846994535634,297,64099007_2_cattle_2020-02-01
2018.306996390785,2018.915068493167,747,64099007_3_cattle_2018-12-01
2020.0305789621898,2020.0846994536462,278,64099007_4_cattle_2020-02-01
2019.9399973198463,2020.0846994536314,340,64099007_5_cattle_2020-02-01
2019.2897665594708,2019.747945205577,535,64099007_6_cattle_2019-10-01
2020.0185541598028,2020.0846994535868,287,64099007_7_cattle_2020-02-01
2019.4830554822338,2020.084699453602,490,64099007_8_cattle_2020-02-01
2020.074948849752,2020.0846994536328,241,64099007_9_cattle_2020-02-01
2019.7511783026466,2020.0846994535525,411,64149009_0_cattle_2020-02-01
2020.0685512681355,2020.0846994535532,245,64149009_1_cattle_2020-02-01
2019.4633259148186,2019.747945205548,496,64149026_0_cattle_2019-10-01
2018.6150598876231,2019.495890411052,684,64149026_1_cattle_2019-07-01
2019.502661499877,2019.747945205507,485,64149026_2_cattle_2019-10-01
2019.6442001010485,2019.7479452055607,441,64149026_3_cattle_2019-10-01
2019.4504325611395,2019.7479452055582,62,64149026_4_cattle_2019-10-01
2019.2892666496082,2019.7479452055784,62,64149026_5_cattle_2019-10-01
2019.4471857781596,2019.7479452055409,500,64149026_6_cattle_2019-10-01
2019.1471214582746,2019.7479452055504,567,64149026_7_cattle_2019-10-01
2019.5799100171891,2019.7479452055566,466,64149026_8_cattle_2019-10-01
2019.1062789630384,2019.7479452055682,54,64149026_9_cattle_2019-10-01
2018.4624804522264,2019.0849315069117,717,64159002_0_cattle_2019-02-01
2018.3326502454674,2018.8328767123544,741,64159002_1_cattle_2018-11-01
2018.824901955125,2019.0849315069352,642,64159002_2_cattle_2019-02-01
2019.1467607227623,2019.5808219178518,568,64159002_3_cattle_2019-08-01
2018.4145061999996,2019.084931506888,727,64159002_4_cattle_2019-02-01
2018.8690461493447,2019.3287671233338,65,64159002_5_cattle_2019-05-01
2018.9844140882808,2019.3287671233095,68,64159002_6_cattle_2019-05-01
2018.7966827827547,2019.0849315068558,648,64159002_7_cattle_2019-02-01
2018.7649475503456,2019.3287671233152,657,64159002_8_cattle_2019-05-01
2019.1814926884606,2019.3287671233188,68,64159002_9_cattle_2019-05-01
2020.081352481351,2020.0846994535561,239,64192008_0_cattle_2020-02-01
2019.775698218607,2020.0846994535702,405,64301083_0_cattle_2020-02-01
2019.9685577318419,2020.0846994535702,320,64301083_1_cattle_2020-02-01
2020.0345792527478,2020.0846994536273,274,64301083_2_cattle_2020-02-01
2018.6764325231604,2019.0000000000289,674,64359001_0_cattle_2019-01-01
2016.9017728881824,2018.0849315069358,843,64359005_0_cattle_2018-02-01
2017.9375184921582,2018.4136986301771,814,64359005_1_cattle_2018-06-01
2018.1441344592893,2018.9150684932079,746,64359005_2_cattle_2018-12-01
2018.3860896163474,2018.9150684931856,183,64359005_3_cattle_2018-12-01
2018.787365967192,2019.1616438356837,650,64359005_4_cattle_2019-03-01
2019.419954581692,2019.9150684931533,510,64359005_5_cattle_2019-12-01
2016.102486656684,2017.0000000000396,37,64359008_0_cattle_2017-01-01
2016.3357788945632,2017.0000000000196,33,64359008_1_cattle_2017-01-01
2014.9537493369771,2017.0000000000853,215,64359008_2_cattle_2017-01-01
2019.0587929693925,2019.3287671233848,584,64359008_3_cattle_2019-05-01
2019.1512516901257,2019.5808219178405,565,64359008_4_cattle_2019-08-01
2020.0560932976764,2020.084699453625,257,64359023_0_cattle_2020-02-01
2020.0473597540845,2020.084699453586,263,64359023_1_cattle_2020-02-01
2018.491392036774,2019.084931506947,706,64359035_0_cattle_2019-02-01
2018.5120566532528,2018.9150684931903,700,64359035_1_cattle_2018-12-01
2018.8695449692646,2019.0849315068872,630,64359035_2_cattle_2019-02-01
2018.5115092278352,2019.000000000056,701,64359045_0_cattle_2019-01-01
2018.365304968026,2019.1616438356627,734,64359045_1_cattle_2019-03-01
2018.7281080553885,2019.084931506869,662,64359045_2_cattle_2019-02-01
2018.175244035603,2019.161643835659,771,64359045_3_cattle_2019-03-01
2018.9029720453339,2019.1616438356257,623,64359045_4_cattle_2019-03-01
2017.598231088801,2018.0849315068606,865,64359056_0_cattle_2018-02-01
2020.0441527835758,2020.084699453596,268,64359056_10_cattle_2020-02-01
2016.4101217939651,2017.9150684931706,918,64359056_1_cattle_2017-12-01
2016.9368128137778,2017.9150684931933,869,64359056_2_cattle_2017-12-01
2017.2923554490444,2017.9150684932486,865,64359056_3_cattle_2017-12-01
2017.7908283334784,2017.9150684932335,838,64359056_4_cattle_2017-12-01
2017.7247963983666,2018.0849315068776,848,64359056_5_cattle_2018-02-01
2017.5691338791357,2018.0849315069086,869,64359056_6_cattle_2018-02-01
2017.989747235573,2018.0849315069388,806,64359056_7_cattle_2018-02-01
2017.6223615387114,2018.0849315068942,860,64359056_8_cattle_2018-02-01
2018.7449854041174,2019.084931506864,660,64359056_9_cattle_2019-02-01
2016.0989927799594,2017.0849315068624,33,64359061_0_cattle_2017-02-01
2017.446101896319,2018.4136986301394,882,64359061_10_cattle_2018-06-01
2018.9343314439936,2019.16164383569,615,64359061_11_cattle_2019-03-01
2019.7832925488929,2019.915068493188,399,64359061_12_cattle_2019-12-01
2019.9815622835117,2020.0846994536093,309,64359061_13_cattle_2020-02-01
2016.5627882523165,2017.4136986302194,120,64359061_1_cattle_2017-06-01
2016.8672424563538,2017.0849315069308,110,64359061_2_cattle_2017-02-01
2016.3048499525364,2017.4136986302242,119,64359061_3_cattle_2017-06-01
2016.907118454208,2017.413698630148,121,64359061_4_cattle_2017-06-01
2016.122406200388,2017.4136986302321,120,64359061_5_cattle_2017-06-01
2016.0749270886283,2017.0849315069063,33,64359061_6_cattle_2017-02-01
2016.4572001474558,2017.4136986301405,119,64359061_7_cattle_2017-06-01
2016.9767397352362,2017.665753424682,117,64359061_8_cattle_2017-09-01
2017.9429300392048,2018.4136986302349,812,64359061_9_cattle_2018-06-01
2019.384186543969,2019.9150684932395,520,64359079_0_cattle_2019-12-01
2019.5322933291286,2019.9150684931749,481,64359079_1_cattle_2019-12-01
2018.1019112319957,2018.4958904110347,786,64359103_0_cattle_2018-07-01
2019.9982692143685,2020.0846994536082,300,64359103_1_cattle_2020-02-01
2019.8874349056823,2020.0846994535823,366,64359103_2_cattle_2020-02-01
2020.025751352326,2020.0846994536212,281,64359103_3_cattle_2020-02-01
2013.7306445321599,2015.0849315068824,209,64359108_0_cattle_2015-02-01
2019.861313505483,2020.0846994535725,371,64359108_10_cattle_2020-02-01
2014.3269408802942,2015.0849315069406,209,64359108_1_cattle_2015-02-01
2013.7532353354904,2015.084931506851,209,64359108_2_cattle_2015-02-01
2013.9797288627033,2015.2465753425622,133,64359108_3_cattle_2015-04-01
2014.4647070944554,2015.2465753424974,134,64359108_4_cattle_2015-04-01
2013.8705485970802,2015.2465753425324,133,64359108_5_cattle_2015-04-01
2018.6218724011223,2019.0000000000534,683,64359108_6_cattle_2019-01-01
2018.9471383396403,2019.1616438356982,613,64359108_7_cattle_2019-03-01
2018.739758294869,2019.0000000000184,661,64359108_8_cattle_2019-01-01
2018.3104271334514,2019.1616438356564,745,64359108_9_cattle_2019-03-01
2015.2473076102754,2016.1639344262467,215,64359110_0_cattle_2016-03-01
2016.6929517062013,2017.0000000000282,146,64359110_1_cattle_2017-01-01
2017.578877411984,2018.2465753425288,866,64359110_2_cattle_2018-04-01
2019.533622638174,2019.7479452055095,480,64359110_3_cattle_2019-10-01
2020.0249609809568,2020.0846994535962,283,64359110_4_cattle_2020-02-01
2016.3493958595136,2016.9153005465214,86,64359119_0_cattle_2016-12-01
2017.3286623057488,2018.1616438356832,889,64359142_0_cattle_2018-03-01
2018.106507704235,2018.1616438356475,147,64359142_1_cattle_2018-03-01
2017.72494738748,2018.161643835664,147,64359142_2_cattle_2018-03-01
2017.5753518627212,2018.3287671233165,867,64359142_3_cattle_2018-05-01
2020.011967417487,2020.08469945357,292,64359142_4_cattle_2020-02-01
2019.05229835054,2019.915068493187,587,64359142_5_cattle_2019-12-01
2018.7811642148463,2019.0849315069395,653,64359149_0_cattle_2019-02-01
2019.2665745850998,2019.4136986301762,541,64359149_10_cattle_2019-06-01
2019.8948151991667,2020.0846994536298,360,64359149_11_cattle_2020-02-01
2019.9756776325053,2020.0846994535802,314,64359149_12_cattle_2020-02-01
2019.1928621217291,2019.665753424743,559,64359149_13_cattle_2019-09-01
2018.8070678352626,2019.665753424675,645,64359149_1_cattle_2019-09-01
2019.0189747664672,2019.0849315068572,595,64359149_2_cattle_2019-02-01
2018.799458977415,2019.2465753424947,647,64359149_3_cattle_2019-04-01
2018.3265171211067,2019.0849315069333,30,64359149_4_cattle_2019-02-01
2018.9523583469454,2019.0849315069438,610,64359149_5_cattle_2019-02-01
2018.9097320129636,2019.6657534246622,619,64359149_6_cattle_2019-09-01
2018.6994550418756,2019.0849315069252,669,64359149_7_cattle_2019-02-01
2020.0632707606358,2020.0846994535816,249,64359149_8_cattle_2020-02-01
2019.224622882886,2019.413698630202,551,64359149_9_cattle_2019-06-01
2019.8534983208078,2020.0846994535602,375,64359158_0_cattle_2020-02-01
2018.6880576909564,2019.161643835714,672,64359167_0_cattle_2019-03-01
2018.4097079732844,2019.1616438356177,728,64359167_1_cattle_2019-03-01
2019.1144937156614,2019.3287671233415,574,64359167_2_cattle_2019-05-01
2018.6369388830485,2019.3287671233843,681,64359167_3_cattle_2019-05-01
2017.9758661541766,2018.6657534246674,807,64359187_0_cattle_2018-09-01
2017.2644964555316,2017.9150684931762,894,64359187_1_cattle_2017-12-01
2016.9501232648747,2018.0849315069386,117,64359187_2_cattle_2018-02-01
2018.4646944383028,2019.0000000000389,715,64359187_3_cattle_2019-01-01
2018.9058685459643,2019.0849315069286,621,64359187_4_cattle_2019-02-01
2017.635125998584,2018.495890410994,857,64359187_5_cattle_2018-07-01
2018.7856846833713,2019.084931506863,651,64359196_0_cattle_2019-02-01
2018.7896696915632,2019.0849315069142,649,64359196_1_cattle_2019-02-01
2018.322510276201,2019.0849315069036,743,64359196_2_cattle_2019-02-01
2019.7960187583365,2020.0846994536464,394,64359196_3_cattle_2020-02-01
2018.8230081992313,2019.000000000057,80,64359200_0_cattle_2019-01-01
2018.2351199619802,2018.9150684932458,758,64359200_1_cattle_2018-12-01
2018.7568619022463,2019.3287671233657,658,64359200_2_cattle_2019-05-01
2019.8971985367334,2020.0846994535636,358,64359204_0_cattle_2020-02-01
2019.6038783130546,2019.9150684932345,452,64359204_1_cattle_2019-12-01
2020.0654720983043,2020.0846994535605,246,64359204_2_cattle_2020-02-01
2019.4428448648976,2019.9150684932256,503,64359204_3_cattle_2019-12-01
2019.9657763663715,2020.0846994535584,324,64359204_4_cattle_2020-02-01
2019.9071473128988,2020.0846994535596,351,64359204_5_cattle_2020-02-01
2019.8494529953264,2019.9150684931612,369,64359204_6_cattle_2019-12-01
2019.5985503821435,2019.9150684931915,458,64359209_0_cattle_2019-12-01
2019.1191679699407,2019.161643835714,198,64359211_0_cattle_2019-03-01
2017.7172965732327,2019.0849315068656,826,64359211_1_cattle_2019-02-01
2019.0469825384357,2019.1616438356666,589,64359211_2_cattle_2019-03-01
2018.607540292056,2019.1616438356366,686,64359211_3_cattle_2019-03-01
2019.036831483087,2019.1616438356364,590,64359211_4_cattle_2019-03-01
2018.7200868796554,2019.161643835634,664,64359211_5_cattle_2019-03-01
2018.869462181578,2019.1616438356436,631,64359211_6_cattle_2019-03-01
2018.357873181006,2019.1616438356293,736,64359211_7_cattle_2019-03-01
2014.8165435565131,2016.0846994536378,36,64359225_0_cattle_2016-02-01
2015.9881319655196,2017.0000000000641,37,64359225_1_cattle_2017-01-01
2019.8893053846973,2020.084699453612,364,64359225_2_cattle_2020-02-01
2012.6604806681955,2013.0849315069454,17,64420009_0_cattle_2013-02-01
2015.190685780413,2016.1639344262667,215,64420009_1_cattle_2016-03-01
2020.0708235087668,2020.0846994536337,244,64420009_2_cattle_2020-02-01
2020.0397955748408,2020.0846994535746,272,64420009_3_cattle_2020-02-01
2013.3343792545606,2014.5808219178282,17,64420012_0_cattle_2014-08-01
2013.535222111288,2014.6657534246779,208,64420012_1_cattle_2014-09-01
2007.4091254924826,2008.248633879808,212,64420015_0_cattle_2008-04-01
2007.463191765496,2008.248633879882,212,64420015_1_cattle_2008-04-01
2006.7565948352615,2008.1639344262837,0,64420015_2_cattle_2008-03-01
2007.229462657214,2008.1639344263137,212,64420015_3_cattle_2008-03-01
2007.730083505435,2008.248633879851,212,64420015_4_cattle_2008-04-01
2014.2441028929775,2016.0846994536496,36,64420047_0_cattle_2016-02-01
2019.581178089129,2019.9150684931565,464,64508019_0_cattle_2019-12-01
2019.7017422249662,2019.9150684931844,428,64508019_1_cattle_2019-12-01
2020.0736715938413,2020.0846994535532,242,64508022_0_cattle_2020-02-01
2017.5639534004918,2018.1616438356527,870,64508031_0_cattle_2018-03-01
2018.4992472489043,2019.3287671233086,705,64512024_0_cattle_2019-05-01
2018.673630166733,2019.328767123303,676,64512024_1_cattle_2019-05-01
2019.6357327523026,2019.9150684932445,443,64512024_2_cattle_2019-12-01
2018.5745606328596,2019.1616438356564,638,64512026_0_cattle_2019-03-01
2020.0403995478944,2020.0846994536005,271,64551017_0_cattle_2020-02-01
2017.044052000295,2017.495890411027,906,64556002_0_cattle_2017-07-01
2016.697060614345,2017.5808219178937,916,64556002_1_cattle_2017-08-01
2020.041942291341,2020.0846994536432,270,64556002_2_cattle_2020-02-01
2019.7397041615727,2020.0846994535993,415,64556002_3_cattle_2020-02-01
2019.9412788090667,2020.0846994536232,339,64556002_4_cattle_2020-02-01
2016.688862181288,2017.3287671233709,884,64556005_0_cattle_2017-05-01
2016.9454523051372,2017.4958904110263,911,64556005_1_cattle_2017-07-01
2014.9501418635327,2017.4958904109926,920,64556005_2_cattle_2017-07-01
2018.6970595446332,2019.0000000000891,671,64556005_3_cattle_2019-01-01
2017.5989694929765,2017.9150684932035,864,64556023_0_cattle_2017-12-01
2018.4357037722805,2019.0849315069368,721,64556023_1_cattle_2019-02-01
2018.4428337156342,2019.0849315068751,720,64556023_2_cattle_2019-02-01
2018.8343181127855,2019.1616438356707,638,64556039_0_cattle_2019-03-01
2020.075496389866,2020.0846994535734,240,64556039_1_cattle_2020-02-01
2020.0547237025874,NA,258,unsampled
2020.0638560681145,NA,247,unsampled
2020.0394136183663,NA,273,unsampled
2020.0338542078923,NA,276,unsampled
2019.9991077828379,NA,299,unsampled
2020.0635691024984,NA,248,unsampled
2020.059680305347,NA,254,unsampled
2020.0173803042044,NA,288,unsampled
2020.0474429012972,NA,262,unsampled
2020.0513169141218,NA,260,unsampled
2020.034188543667,NA,275,unsampled
2020.0424867977706,NA,269,unsampled
2020.0256150492044,NA,282,unsampled
2019.9699975907904,NA,319,unsampled
2019.7807490644445,NA,402,unsampled
2020.0193287423904,NA,285,unsampled
2020.0448311671287,NA,266,unsampled
2020.0535692303595,NA,259,unsampled
2019.845299088181,NA,380,unsampled
2019.987608656395,NA,307,unsampled
2020.044312974903,NA,267,unsampled
2019.9618648969474,NA,328,unsampled
2020.0281009163818,NA,280,unsampled
2020.0282295624274,NA,279,unsampled
2019.9817128614216,NA,308,unsampled
2019.9930476352374,NA,303,unsampled
2020.016844067873,NA,289,unsampled
2019.9743936113782,NA,317,unsampled
2019.9548769083574,NA,335,unsampled
2019.9746208476356,NA,316,unsampled
2019.9782099375084,NA,310,unsampled
2020.0125267770632,NA,291,unsampled
2019.8555366881646,NA,374,unsampled
2020.0310428428852,NA,277,unsampled
2019.9991275370915,NA,298,unsampled
2019.9932239356235,NA,302,unsampled
2019.96494116936,NA,325,unsampled
2019.953594081802,NA,336,unsampled
2020.0032076797984,NA,296,unsampled
2019.9676580834844,NA,321,unsampled
2019.9664392266914,NA,323,unsampled
2020.0159434070097,NA,290,unsampled
2019.9561185251653,NA,334,unsampled
2019.9644680721758,NA,326,unsampled
2019.9766374862,NA,312,unsampled
2019.991324743903,NA,304,unsampled
2019.9574477370172,NA,332,unsampled
2019.9746354838348,NA,315,unsampled
2019.9949193402235,NA,301,unsampled
2019.9763809375877,NA,313,unsampled
2019.9609533343526,NA,330,unsampled
2019.8669622188538,NA,369,unsampled
2019.9740800559375,NA,318,unsampled
2019.9398821014067,NA,341,unsampled
2019.9583167645033,NA,331,unsampled
2019.7985101954864,NA,393,unsampled
2019.7880983386494,NA,397,unsampled
2019.961484955707,NA,329,unsampled
2019.9262286581297,NA,347,unsampled
2019.9895799420162,NA,306,unsampled
2019.990922082091,NA,305,unsampled
2019.9624713622181,NA,327,unsampled
2019.9040603600727,NA,354,unsampled
2019.9286136236558,NA,346,unsampled
2019.9148792211327,NA,350,unsampled
2019.937628588569,NA,343,unsampled
2019.8483210623908,NA,378,unsampled
2019.78105213891,NA,401,unsampled
2019.7701247355533,NA,407,unsampled
2019.9002995652356,NA,356,unsampled
2019.9360311231067,NA,345,unsampled
2019.8012171016694,NA,390,unsampled
2019.1210072411275,NA,572,unsampled
2019.851786753863,NA,376,unsampled
2019.888535149943,NA,365,unsampled
2019.8126442425519,NA,388,unsampled
2019.8512051282362,NA,377,unsampled
2019.9026821144062,NA,355,unsampled
2019.897164310789,NA,359,unsampled
2019.9369397838045,NA,344,unsampled
2019.8976714549683,NA,357,unsampled
2019.8739233269855,NA,367,unsampled
2019.9179910263892,NA,348,unsampled
2019.9395449088597,NA,342,unsampled
2019.6021954550902,NA,457,unsampled
2019.9059045504446,NA,352,unsampled
2019.9227403185037,NA,181,unsampled
2019.7131402486204,NA,422,unsampled
2019.6182918202383,NA,449,unsampled
2019.8697099209114,NA,330,unsampled
2019.91540369222,NA,349,unsampled
2019.8302401615022,NA,384,unsampled
2019.44664298252,NA,501,unsampled
2019.889698968886,NA,363,unsampled
2019.8255708992094,NA,385,unsampled
2019.7767804059395,NA,404,unsampled
2019.6022674435228,NA,456,unsampled
2019.7299706463866,NA,416,unsampled
2019.6913231687117,NA,432,unsampled
2019.7520342717241,NA,410,unsampled
2019.8901297541356,NA,362,unsampled
2019.7819804443347,NA,400,unsampled
2019.8648961464205,NA,370,unsampled
2019.7768338111823,NA,403,unsampled
2019.7990238344842,NA,392,unsampled
2019.8323088216187,NA,383,unsampled
2019.7907924148935,NA,395,unsampled
2019.8245107015696,NA,386,unsampled
2019.9045945625448,NA,353,unsampled
2019.6027282626005,NA,454,unsampled
2019.8605278857726,NA,372,unsampled
2019.7872009935809,NA,398,unsampled
2019.6154777633565,NA,450,unsampled
2019.5094631169904,NA,484,unsampled
2019.8039735325726,NA,389,unsampled
2019.866969331665,NA,368,unsampled
2019.8448592345997,NA,381,unsampled
2019.746900672533,NA,414,unsampled
2019.4305392394435,NA,506,unsampled
2019.8755080532117,NA,345,unsampled
2019.7600309480397,NA,408,unsampled
2019.6350683331416,NA,444,unsampled
2019.8461611802772,NA,379,unsampled
2019.7999758977135,NA,391,unsampled
2019.7193188742929,NA,420,unsampled
2019.8572386410272,NA,373,unsampled
2019.7072061753686,NA,425,unsampled
2019.835213082005,NA,382,unsampled
2019.6888534863583,NA,433,unsampled
2019.5579923840874,NA,474,unsampled
2019.6685038995945,NA,436,unsampled
2019.3784153107395,NA,522,unsampled
2019.8149559813605,NA,387,unsampled
2019.416281720361,NA,511,unsampled
2019.5881171966,NA,462,unsampled
2019.6258516852815,NA,448,unsampled
2019.6076198371577,NA,451,unsampled
2019.4366276879655,NA,488,unsampled
2019.7494588240843,NA,412,unsampled
2019.7001318304835,NA,429,unsampled
2019.6929582182715,NA,431,unsampled
2019.7898823728997,NA,396,unsampled
2019.666277503838,NA,438,unsampled
2019.0591500588564,NA,583,unsampled
2019.632844363142,NA,445,unsampled
2019.7707162405882,NA,406,unsampled
2019.722548138921,NA,418,unsampled
2019.7215042636506,NA,419,unsampled
2019.7026946529227,NA,426,unsampled
2019.7546566567507,NA,409,unsampled
2019.588800506993,NA,461,unsampled
2019.5659461167222,NA,471,unsampled
2019.5557550883545,NA,476,unsampled
2019.547984370146,NA,478,unsampled
2019.69618948348,NA,430,unsampled
2019.583462443386,NA,463,unsampled
2019.6026860426002,NA,455,unsampled
2019.534683829327,NA,479,unsampled
2019.5969759445486,NA,459,unsampled
2019.7025401529131,NA,427,unsampled
2018.8667507772934,NA,632,unsampled
2019.6582315333646,NA,439,unsampled
2019.3440571023264,NA,527,unsampled
2019.1907665436413,NA,560,unsampled
2019.717895105998,NA,421,unsampled
2019.5675185675357,NA,470,unsampled
2019.7105180434746,NA,423,unsampled
2019.4825587275172,NA,491,unsampled
2019.5760606899012,NA,468,unsampled
2019.09254889613,NA,576,unsampled
2019.6680358408348,NA,437,unsampled
2019.683535904852,NA,435,unsampled
2019.595447747171,NA,460,unsampled
2019.46844036617,NA,494,unsampled
2019.7234340742878,NA,417,unsampled
2019.6277583425785,NA,447,unsampled
2019.6887927883797,NA,434,unsampled
2019.4692931940438,NA,493,unsampled
2019.1409764885964,NA,569,unsampled
2019.5787363916463,NA,467,unsampled
2019.4548771010795,NA,498,unsampled
2019.7082161907808,NA,424,unsampled
2019.6027599132829,NA,453,unsampled
2019.3322904771996,NA,529,unsampled
2019.4218164033196,NA,508,unsampled
2019.6550943424597,NA,440,unsampled
2019.3314910218792,NA,530,unsampled
2019.641816948494,NA,442,unsampled
2019.5607887804867,NA,472,unsampled
2019.4384561656107,NA,505,unsampled
2019.4709805644613,NA,492,unsampled
2019.4401134493437,NA,504,unsampled
2019.269964536436,NA,539,unsampled
2019.5251396807491,NA,482,unsampled
2019.4300516145565,NA,507,unsampled
2019.5685148421271,NA,469,unsampled
2019.5809508172415,NA,465,unsampled
2019.4044893006046,NA,513,unsampled
2019.365528381687,NA,524,unsampled
2019.488926062371,NA,487,unsampled
2019.0981768806312,NA,571,unsampled
2019.5550907064116,NA,477,unsampled
2019.245908852796,NA,54,unsampled
2019.5560487679759,NA,475,unsampled
2019.455934709121,NA,497,unsampled
2019.2397461300804,NA,546,unsampled
2019.5176848737424,NA,483,unsampled
2019.0303681865091,NA,592,unsampled
2019.4665083227553,NA,495,unsampled
2019.5595898817016,NA,473,unsampled
2019.4973983439986,NA,486,unsampled
2019.4839436839243,NA,489,unsampled
2019.338101797363,NA,528,unsampled
2019.3186006606645,NA,531,unsampled
2018.967850800689,NA,608,unsampled
2019.3904000354046,NA,517,unsampled
2019.2705020434682,NA,538,unsampled
2019.0090525845162,NA,599,unsampled
2019.2793068330861,NA,537,unsampled
2019.4449978918526,NA,502,unsampled
2019.3865382827844,NA,519,unsampled
2018.9784793457777,NA,605,unsampled
2019.3571898863593,NA,525,unsampled
2019.4543405128325,NA,499,unsampled
2019.2858477637087,NA,536,unsampled
2018.9104046278362,NA,618,unsampled
2019.3825606473522,NA,521,unsampled
2019.329187097481,NA,509,unsampled
2019.1937240743614,NA,558,unsampled
2019.3140606548711,NA,532,unsampled
2018.6668833632175,NA,677,unsampled
2019.135221766066,NA,570,unsampled
2019.2131585329334,NA,553,unsampled
2019.4075669678987,NA,512,unsampled
2019.485455334847,NA,488,unsampled
2019.043982234874,NA,578,unsampled
2018.9696715516645,NA,606,unsampled
2019.3970035514521,NA,516,unsampled
2019.3878898810258,NA,518,unsampled
2019.3996511920102,NA,515,unsampled
2018.9680996065806,NA,607,unsampled
2019.1970192006434,NA,557,unsampled
2019.4016359433347,NA,514,unsampled
2019.0618399221785,NA,582,unsampled
2019.2985678409905,NA,534,unsampled
2019.0110024544074,NA,597,unsampled
2019.4200383634825,NA,509,unsampled
2018.4823891690905,NA,709,unsampled
2019.2537610976283,NA,545,unsampled
2019.3489481065496,NA,522,unsampled
2019.2542065336015,NA,544,unsampled
2019.001920249659,NA,600,unsampled
2018.8756562137655,NA,628,unsampled
2018.71993167233,NA,665,unsampled
2019.2217184828426,NA,552,unsampled
2019.2386346772612,NA,547,unsampled
2018.7814944363754,NA,652,unsampled
2018.7572456994599,NA,582,unsampled
2018.8933891663446,NA,627,unsampled
2019.1871506271707,NA,561,unsampled
2018.7074639321297,NA,666,unsampled
2019.0478839215687,NA,588,unsampled
2019.0112746532136,NA,596,unsampled
2019.3510893060945,NA,526,unsampled
2018.9954718011022,NA,601,unsampled
2018.6567756047311,NA,679,unsampled
2018.9032665402688,NA,622,unsampled
2019.2609348611732,NA,542,unsampled
2019.1802218536593,NA,562,unsampled
2019.0760998094652,NA,579,unsampled
2019.3037524261042,NA,533,unsampled
2019.170424204341,NA,563,unsampled
2019.1503731555817,NA,566,unsampled
2019.0302833930355,NA,490,unsampled
2019.0557786346776,NA,586,unsampled
2019.2361743666813,NA,548,unsampled
2018.9402564587333,NA,614,unsampled
2019.2542691199335,NA,543,unsampled
2019.1275384248827,NA,571,unsampled
2018.9490344813373,NA,611,unsampled
2019.2678611840495,NA,540,unsampled
2018.6599163599396,NA,678,unsampled
2019.204149991321,NA,555,unsampled
2019.0367219451482,NA,591,unsampled
2019.1151254604447,NA,573,unsampled
2019.234188500472,NA,550,unsampled
2019.0771439915197,NA,578,unsampled
2018.8944924306572,NA,626,unsampled
2019.0918263019141,NA,577,unsampled
2019.017115208145,NA,546,unsampled
2019.0389366068769,NA,496,unsampled
2018.8066604890687,NA,646,unsampled
2018.69825424029,NA,670,unsampled
2018.7529672589578,NA,659,unsampled
2019.2332944056518,NA,62,unsampled
2017.1780586878685,NA,899,unsampled
2018.8514419702492,NA,600,unsampled
2018.6062093017322,NA,688,unsampled
2019.2111349954828,NA,554,unsampled
2018.513185427492,NA,698,unsampled
2018.901680722102,NA,624,unsampled
2018.9820745218008,NA,604,unsampled
2018.8379017362056,NA,637,unsampled
2019.030140898666,NA,593,unsampled
2018.989993573232,NA,602,unsampled
2018.779756158724,NA,654,unsampled
2019.010711149835,NA,598,unsampled
2018.829848363219,NA,640,unsampled
2018.8637774650035,NA,578,unsampled
2018.9841155797606,NA,603,unsampled
2018.8439195414114,NA,635,unsampled
2018.6219733669877,NA,639,unsampled
2018.8255304256572,NA,641,unsampled
2018.768995165452,NA,656,unsampled
2018.8311960612632,NA,639,unsampled
2018.9480149796825,NA,612,unsampled
2018.9086068478007,NA,620,unsampled
2018.0406909284743,NA,795,unsampled
2018.5077897966355,NA,702,unsampled
2018.9699209183125,NA,550,unsampled
2019.0581780583968,NA,585,unsampled
2019.10899335149,NA,575,unsampled
2019.0657641696125,NA,580,unsampled
2019.0648543364737,NA,581,unsampled
2018.3453547050883,NA,738,unsampled
2018.6708731997599,NA,2,unsampled
2018.1614272656727,NA,773,unsampled
2018.6108674906777,NA,685,unsampled
2018.368140249124,NA,733,unsampled
2018.4903047027672,NA,707,unsampled
2018.9266731625016,NA,616,unsampled
2018.6863380710915,NA,673,unsampled
2018.7560229760004,NA,573,unsampled
2019.0243874869764,NA,594,unsampled
2018.3812207068506,NA,638,unsampled
2018.1591043741298,NA,774,unsampled
2018.0565924387824,NA,792,unsampled
2018.8129505146908,NA,644,unsampled
2019.0058516609708,NA,571,unsampled
2018.4743440381533,NA,573,unsampled
2018.8381109591087,NA,636,unsampled
2018.1295536310606,NA,782,unsampled
2018.1590910801758,NA,775,unsampled
2018.5594704137188,NA,573,unsampled
2018.4766514868652,NA,713,unsampled
2018.7793198420788,NA,655,unsampled
2018.5152652472793,NA,697,unsampled
2018.6068804792612,NA,687,unsampled
2018.0313355041953,NA,798,unsampled
2018.5129911386764,NA,573,unsampled
2018.2546973003143,NA,757,unsampled
2018.3314355064676,NA,742,unsampled
2018.7501659719378,NA,658,unsampled
2018.9193052076432,NA,617,unsampled
2018.8598992500977,NA,634,unsampled
2018.8624069345467,NA,633,unsampled
2018.0300120477693,NA,799,unsampled
2018.0918112207064,NA,787,unsampled
2018.7211509581894,NA,663,unsampled
2018.8952900809616,NA,625,unsampled
2018.1488141337627,NA,777,unsampled
2018.6516170880263,NA,588,unsampled
2018.6748053954248,NA,675,unsampled
2018.4770015526735,NA,712,unsampled
2018.2344212892747,NA,759,unsampled
2018.2181939447569,NA,762,unsampled
2018.8173833179299,NA,643,unsampled
2017.8621517039153,NA,830,unsampled
2018.592252342468,NA,689,unsampled
2017.90298498499,NA,823,unsampled
2018.872734591104,NA,629,unsampled
2018.023264791139,NA,800,unsampled
2018.5179520537565,NA,696,unsampled
2018.427785596154,NA,725,unsampled
2018.699540735601,NA,668,unsampled
2018.5785724583063,NA,692,unsampled
2018.030660431208,NA,697,unsampled
2018.480882853646,NA,710,unsampled
2018.3354387785544,NA,740,unsampled
2018.047207992761,NA,700,unsampled
2018.4998410465914,NA,704,unsampled
2018.4839329806002,NA,708,unsampled
2018.5038225126027,NA,703,unsampled
2018.4857391156515,NA,618,unsampled
2018.5812913043608,NA,691,unsampled
2018.4340538716847,NA,722,unsampled
2018.426784871793,NA,726,unsampled
2018.2140456260274,NA,764,unsampled
2018.4806677600714,NA,711,unsampled
2018.4302341362516,NA,723,unsampled
2018.5428698164098,NA,694,unsampled
2018.2129195543032,NA,697,unsampled
2017.8958845024758,NA,826,unsampled
2018.223221268025,NA,761,unsampled
2018.7069309429799,NA,667,unsampled
2018.3607811603379,NA,735,unsampled
2018.5129473882469,NA,699,unsampled
2018.5864323052524,NA,690,unsampled
2018.7306194510545,NA,585,unsampled
2018.2272972344763,NA,747,unsampled
2018.409910013658,NA,719,unsampled
2018.6568909913535,NA,622,unsampled
2015.4929042715933,NA,917,unsampled
2018.5594153765073,NA,693,unsampled
2018.6414897760371,NA,680,unsampled
2018.4536956947836,NA,718,unsampled
2018.0783454491273,NA,790,unsampled
2018.625843211794,NA,682,unsampled
2018.4633424552464,NA,716,unsampled
2018.0628518274154,NA,649,unsampled
2017.1882123587845,NA,851,unsampled
2018.102637782691,NA,785,unsampled
2018.189878993705,NA,767,unsampled
2018.3192768180836,NA,689,unsampled
2018.4121977108384,NA,30,unsampled
2018.229426432395,NA,677,unsampled
2018.352948542357,NA,737,unsampled
2017.7417202707388,NA,845,unsampled
2018.2144408505428,NA,763,unsampled
2018.3073729065704,NA,746,unsampled
2018.3723462111984,NA,732,unsampled
2018.2627836524553,NA,755,unsampled
2018.3544932624777,NA,700,unsampled
2018.0326035906544,NA,797,unsampled
2018.157194432445,NA,776,unsampled
2018.1936989459407,NA,766,unsampled
2018.2769723932604,NA,751,unsampled
2018.4681346868592,NA,714,unsampled
2018.3397127827898,NA,739,unsampled
2018.2770026205867,NA,750,unsampled
2018.2705010831899,NA,752,unsampled
2016.6115571329842,NA,813,unsampled
2018.1307695655355,NA,781,unsampled
2018.133416914417,NA,780,unsampled
2018.5427351759731,NA,695,unsampled
2018.215559429221,NA,697,unsampled
2018.224151674978,NA,670,unsampled
2018.3903507889174,NA,731,unsampled
2017.6460639963102,NA,856,unsampled
2018.3131510612086,NA,744,unsampled
2018.39336149409,NA,730,unsampled
2018.2628483708177,NA,754,unsampled
2017.181954379073,NA,818,unsampled
2017.916212511388,NA,817,unsampled
2017.994733701441,NA,805,unsampled
2017.7032358529405,NA,850,unsampled
2017.496790916873,NA,876,unsampled
2018.4287921231614,NA,724,unsampled
2018.3962418527897,NA,729,unsampled
2018.257717741088,NA,756,unsampled
2017.8943705762406,NA,827,unsampled
2018.0202809773034,NA,803,unsampled
2017.9582311967856,NA,810,unsampled
2018.036873846321,NA,744,unsampled
2017.881160192075,NA,828,unsampled
2017.16637257563,NA,900,unsampled
2018.0908867772282,NA,788,unsampled
2018.0043834007163,NA,804,unsampled
2017.8643272216066,NA,700,unsampled
2017.6316721233864,NA,858,unsampled
2017.735960022754,NA,847,unsampled
2017.7133160326741,NA,849,unsampled
2018.0223060189087,NA,802,unsampled
2018.089029514895,NA,789,unsampled
2018.2939339893408,NA,748,unsampled
2018.4433436948002,NA,719,unsampled
2017.9138210703363,NA,818,unsampled
2018.3223514508875,NA,697,unsampled
2016.9703957508502,NA,836,unsampled
2018.162960670466,NA,772,unsampled
2016.6366364004148,NA,913,unsampled
2017.7216149698438,NA,778,unsampled
2017.7400881964236,NA,846,unsampled
2017.9082039749612,NA,821,unsampled
2017.4986458126368,NA,844,unsampled
2017.93097706141,NA,815,unsampled
2017.9464825610598,NA,811,unsampled
2018.2396597717573,NA,697,unsampled
2018.2301609875067,NA,760,unsampled
2018.375863601907,NA,725,unsampled
2018.196572206722,NA,618,unsampled
2018.189013597269,NA,768,unsampled
2018.2015563446694,NA,765,unsampled
2018.1181907400135,NA,783,unsampled
2017.6843780718405,NA,852,unsampled
2017.5397221536366,NA,835,unsampled
2018.0225896042182,NA,801,unsampled
2017.9074900022722,NA,822,unsampled
2017.927902447186,NA,816,unsampled
2018.2668154323069,NA,753,unsampled
2018.178781967391,NA,770,unsampled
2017.859837266862,NA,831,unsampled
2017.466540197014,NA,880,unsampled
2017.9030674321625,NA,801,unsampled
2018.035547482717,NA,796,unsampled
2018.2788263105333,NA,749,unsampled
2018.044234660396,NA,794,unsampled
2017.723032635946,NA,757,unsampled
2018.1345324901886,NA,779,unsampled
2017.4149433453588,NA,834,unsampled
2017.2296213039492,NA,898,unsampled
2018.1384422813883,NA,778,unsampled
2017.6773585266064,NA,819,unsampled
2018.1813504292672,NA,769,unsampled
2017.5031290412553,NA,857,unsampled
2017.8063054828083,NA,834,unsampled
2017.9105446775213,NA,820,unsampled
2017.685811136517,NA,147,unsampled
2017.4877781124724,NA,879,unsampled
2017.6994835072937,NA,752,unsampled
2017.8991322449397,NA,824,unsampled
2017.8975470558985,NA,825,unsampled
2017.600620209383,NA,863,unsampled
2017.366549687705,NA,885,unsampled
2016.9138526004606,NA,874,unsampled
2017.6294163585426,NA,859,unsampled
2017.8525543522492,NA,833,unsampled
2017.4420402220223,NA,808,unsampled
2017.2928414371938,NA,892,unsampled
2017.7821538052754,NA,147,unsampled
2017.976266963781,NA,761,unsampled
2017.5521320472083,NA,826,unsampled
2017.8518813313915,NA,834,unsampled
2017.761921308772,NA,842,unsampled
2018.0662724302656,NA,791,unsampled
2017.7851736740095,NA,839,unsampled
2017.8679373579853,NA,829,unsampled
2017.9117590416859,NA,819,unsampled
2017.3075537794168,NA,816,unsampled
2018.1163823608044,NA,784,unsampled
2017.8452183264656,NA,835,unsampled
2017.9598160592934,NA,809,unsampled
2017.515471060816,NA,874,unsampled
2017.4689318867404,NA,787,unsampled
2017.557143248097,NA,871,unsampled
2017.341381382977,NA,887,unsampled
2017.7496101967492,NA,844,unsampled
2017.971871326695,NA,808,unsampled
2016.9608101161527,NA,910,unsampled
2017.023779765621,NA,898,unsampled
2017.673652615751,NA,853,unsampled
2017.7819927264682,NA,841,unsampled
2017.832183481332,NA,837,unsampled
2017.4911798830524,NA,878,unsampled
2017.8355699844271,NA,836,unsampled
2017.3575527310063,NA,886,unsampled
2017.6213479680112,NA,828,unsampled
2017.4368504569395,NA,883,unsampled
2015.3953741204684,NA,915,unsampled
2018.0493535024607,NA,793,unsampled
2016.7411414230214,NA,895,unsampled
2016.983615962803,NA,813,unsampled
2017.0132649597206,NA,892,unsampled
2016.931084580959,NA,845,unsampled
2017.5717913589467,NA,868,unsampled
2017.8549979686832,NA,832,unsampled
2016.7415882281528,NA,915,unsampled
2017.938716170932,NA,813,unsampled
2017.617298883332,NA,861,unsampled
2017.777353017094,NA,827,unsampled
2017.641690625493,NA,816,unsampled
2015.862581747036,NA,813,unsampled
2017.3895893005133,NA,830,unsampled
2017.5223042009018,NA,873,unsampled
2017.053817061122,NA,876,unsampled
2017.2118556420635,NA,803,unsampled
2017.0269198697283,NA,902,unsampled
2015.176523296917,NA,917,unsampled
2017.4946457209078,NA,877,unsampled
2016.2898623071228,NA,845,unsampled
2017.0869864479182,NA,878,unsampled
2017.7838177493845,NA,840,unsampled
2017.6936096698917,NA,851,unsampled
2017.6362698629246,NA,849,unsampled
2015.3664305681566,NA,917,unsampled
2017.218151697903,NA,897,unsampled
2017.6537886821397,NA,855,unsampled
2016.53221624519,NA,867,unsampled
2017.5041580655966,NA,875,unsampled
2016.5509355953786,NA,882,unsampled
2017.1241038162404,NA,902,unsampled
2017.7506514251615,NA,843,unsampled
2017.2430463930893,NA,881,unsampled
2017.2722659034166,NA,892,unsampled
2017.58397969654,NA,709,unsampled
2017.278727536453,NA,893,unsampled
2016.679897997842,NA,641,unsampled
2016.7859279543322,NA,902,unsampled
2016.9738325044418,NA,836,unsampled
2016.8560452572024,NA,851,unsampled
2016.598802282396,NA,917,unsampled
2017.1862744559567,NA,707,unsampled
2017.5227893996766,NA,792,unsampled
2017.2666805388226,NA,844,unsampled
2017.071812204966,NA,904,unsampled
2017.0392038554676,NA,836,unsampled
2017.3318303883896,NA,816,unsampled
2016.8138308028413,NA,892,unsampled
2016.3352686425956,NA,641,unsampled
2017.6710639937214,NA,854,unsampled
2017.6068684803877,NA,862,unsampled
2016.5929504667026,NA,887,unsampled
2017.3387108305856,NA,888,unsampled
2017.1608374241644,NA,845,unsampled
2014.9197637876978,NA,37,unsampled
2016.2682768662098,NA,813,unsampled
2015.459892713764,NA,787,unsampled
2017.4507046305828,NA,875,unsampled
2017.0906618367421,NA,777,unsampled
2017.1180529923267,NA,865,unsampled
2017.241384385939,NA,896,unsampled
2017.2949236274837,NA,891,unsampled
2016.6246005604992,NA,816,unsampled
2016.8501185024625,NA,914,unsampled
2017.555800499279,NA,872,unsampled
2016.3318167179261,NA,919,unsampled
2016.1255084440375,NA,845,unsampled
2017.4026260362903,NA,827,unsampled
2016.9076224183257,NA,867,unsampled
2017.2486981338661,NA,895,unsampled
2017.4461851209646,NA,881,unsampled
2017.1527337783239,NA,901,unsampled
2015.8649919305117,NA,915,unsampled
2016.9098394230966,NA,895,unsampled
2017.323944532636,NA,890,unsampled
2017.100301097439,NA,903,unsampled
2015.4696829439995,NA,884,unsampled
2017.0323001881056,NA,907,unsampled
2016.277438970571,NA,120,unsampled
2017.0497754858748,NA,905,unsampled
2015.0387687925004,NA,232,unsampled
2016.2168030119142,NA,869,unsampled
2015.9234282982666,NA,915,unsampled
2016.739030679736,NA,840,unsampled
2016.5061175724913,NA,882,unsampled
2016.5026663154854,NA,813,unsampled
2016.9369004977723,NA,895,unsampled
2016.202045373421,NA,913,unsampled
2017.1270099515618,NA,867,unsampled
2016.634975922358,NA,787,unsampled
2017.0221039303492,NA,908,unsampled
2017.0254561215754,NA,887,unsampled
2015.9253908137428,NA,845,unsampled
2015.166758822032,NA,843,unsampled
2016.8933990099736,NA,907,unsampled
2014.8420849853446,NA,37,unsampled
2016.8980413262375,NA,826,unsampled
2017.0431524001506,NA,829,unsampled
2015.6850438893673,NA,882,unsampled
2016.9500146109315,NA,641,unsampled
2016.9937631736443,NA,909,unsampled
2016.8795579722826,NA,913,unsampled
2015.8458260400478,NA,917,unsampled
2016.6798341730107,NA,816,unsampled
2016.6733180142787,NA,917,unsampled
2016.5085110835591,NA,867,unsampled
2015.8129617997151,NA,915,unsampled
2016.6147323712976,NA,146,unsampled
2015.7027527254832,NA,843,unsampled
2016.3373019278658,NA,787,unsampled
2017.0994605878868,NA,852,unsampled
2016.731106543899,NA,904,unsampled
2015.4451280768903,NA,869,unsampled
2016.513036449206,NA,867,unsampled
2016.4312161623761,NA,915,unsampled
2016.3870693813851,NA,882,unsampled
2016.4032680290134,NA,881,unsampled
2016.202478278116,NA,912,unsampled
2015.5669403294646,NA,232,unsampled
2015.560404144615,NA,869,unsampled
2015.3534655724004,NA,920,unsampled
2016.6136799377323,NA,855,unsampled
2016.6840671784944,NA,916,unsampled
2015.5972131426006,NA,920,unsampled
2015.6679083658607,NA,845,unsampled
2015.693993769204,NA,787,unsampled
2015.0821841855527,NA,920,unsampled
2015.28308942584,NA,884,unsampled
2015.0222338130975,NA,884,unsampled
2015.6915459373963,NA,915,unsampled
2016.207725367875,NA,869,unsampled
2014.807595697701,NA,37,unsampled
