X1,root,type,sp_infected,sp_infector,infected,infector,pop_infected,pop_infector,modeinfection,tinfection,tinfective,tremoved,moderemoval,index,sim,transmission,year,period_inf,surv,nb_lineages,badger,boar,cattle,trans_1,trans_2,trans_3,trans_4,trans_5,trans_6,presence_2,presence_3,presence_4,presence_5,presence_6
40081,13,SB0832,cattle,NA,64420015_0,NA,64420015,NA,initialisation,0,3,21,abattage,13,121,NA->cattle,2007,21,b2012,219,39,51,129,NA,NA,NA,NA,NA,NA,1,1,1,1,1
40082,13,SB0832,cattle,cattle,64420015_1,64420015_0,64420015,64420015,within,4,21,21,abattage,26,121,cattle->cattle,2007,17,b2012,219,39,51,129,64420015_0->64420015_1,64420015_0->64420015_1,64420015_0->64420015_1,64420015_0->64420015_1,64420015_0->64420015_1,64420015_0->64420015_1,1,1,1,1,1
40083,13,SB0832,cattle,cattle,64420015_2,64420015_0,64420015,64420015,within,7,8,21,abattage,52,121,cattle->cattle,2007,14,b2012,219,39,51,129,64420015_0->64420015_2,64420015_0->64420015_2,64420015_0->64420015_2,64420015_0->64420015_2,64420015_0->64420015_2,64420015_0->64420015_2,1,1,1,1,1
40084,13,SB0832,cattle,cattle,64420015_3,64420015_0,64420015,64420015,within,11,13,21,abattage,88,121,cattle->cattle,2007,10,b2012,219,39,51,129,64420015_0->64420015_3,64420015_0->64420015_3,64420015_0->64420015_3,64420015_0->64420015_3,64420015_0->64420015_3,64420015_0->64420015_3,1,1,1,1,1
40085,13,SB0832,cattle,cattle,64420015_4,64420015_0,64420015,64420015,within,12,13,21,abattage,97,121,cattle->cattle,2008,9,b2012,219,39,51,129,64420015_0->64420015_4,64420015_0->64420015_4,64420015_0->64420015_4,64420015_0->64420015_4,64420015_0->64420015_4,64420015_0->64420015_4,1,1,1,1,1
40086,13,SB0832,cattle,cattle,64420015_5,64420015_3,64420015,64420015,within,13,15,20,demographie,113,121,cattle->cattle,2008,7,b2012,219,39,51,129,64420015_3->64420015_5,64420015_3->64420015_5,64420015_3->64420015_5,64420015_3->64420015_5,64420015_3->64420015_5,64420015_3->64420015_5,1,1,1,1,1
40087,13,SB0832,cattle,cattle,64420015_6,64420015_4,64420015,64420015,within,14,18,21,abattage,126,121,cattle->cattle,2008,7,b2012,219,39,51,129,64420015_4->64420015_6,64420015_4->64420015_6,64420015_4->64420015_6,64420015_4->64420015_6,64420015_4->64420015_6,64420015_4->64420015_6,1,1,1,1,1
40088,13,SB0832,badger,cattle,45_d500_152_0,64420015_3,45_d500_152,64420015,cattle,16,16,41,demographie,150,121,cattle->badger,2008,25,b2012,219,39,51,129,64420015_3->45_d500_152_0,NA,64420015_3->45_d500_152_0,NA,NA,NA,0,1,0,0,0
40089,13,SB0832,cattle,cattle,64420015_7,64420015_2,64420015,64420015,within,17,-1,21,abattage,163,121,cattle->cattle,2008,4,b2012,219,39,51,129,64420015_2->64420015_7,64420015_2->64420015_7,64420015_2->64420015_7,64420015_2->64420015_7,64420015_2->64420015_7,64420015_2->64420015_7,1,1,1,1,1
40090,13,SB0832,badger,cattle,45_d500_99_839_0,64420015_3,45_d500_99_839,64420015,cattle,18,18,54,demographie,174,121,cattle->badger,2008,36,b2012,219,39,51,129,64420015_3->45_d500_99_839_0,NA,64420015_3->45_d500_99_839_0,NA,NA,NA,0,1,0,0,0
40091,13,SB0832,badger,cattle,45_d500_160_1,64420015_4,45_d500_160,64420015,cattle,18,18,59,demographie,175,121,cattle->badger,2008,41,b2012,219,39,51,129,64420015_4->45_d500_160_1,NA,64420015_4->45_d500_160_1,NA,NA,NA,1,1,1,1,1
40092,13,SB0832,badger,cattle,45_d500_99_839_1,64420015_4,45_d500_99_839,64420015,cattle,18,18,31,demographie,176,121,cattle->badger,2008,13,b2012,219,39,51,129,64420015_4->45_d500_99_839_1,NA,64420015_4->45_d500_99_839_1,NA,NA,NA,0,1,0,0,0
40093,13,SB0832,cattle,cattle,64420015_8,64420015_6,64420015,64420015,within,18,19,20,demographie,177,121,cattle->cattle,2008,2,b2012,219,39,51,129,64420015_6->64420015_8,64420015_6->64420015_8,64420015_6->64420015_8,64420015_6->64420015_8,64420015_6->64420015_8,64420015_6->64420015_8,1,1,1,1,1
40094,13,SB0832,cattle,cattle,40270058_0,64420015_6,64420015,64420015,within,20,24,52,abattage,199,121,cattle->cattle,2008,32,b2012,219,39,51,129,64420015_6->40270058_0,64420015_6->40270058_0,64420015_6->40270058_0,64420015_6->40270058_0,64420015_6->40270058_0,64420015_6->40270058_0,1,1,1,1,1
40095,13,SB0832,cattle,cattle,64420015_9,64420015_1,64420015,64420015,within,21,-1,21,abattage,211,121,cattle->cattle,2008,0,b2012,219,39,51,129,64420015_1->64420015_9,64420015_1->64420015_9,64420015_1->64420015_9,64420015_1->64420015_9,64420015_1->64420015_9,64420015_1->64420015_9,1,1,1,1,1
40096,13,SB0832,badger,cattle,45_d500_152_1,64420015_6,45_d500_152,64420015,cattle,21,21,85,demographie,212,121,cattle->badger,2008,64,b2012,219,39,51,129,64420015_6->45_d500_152_1,64420015_6->45_d500_152_1,64420015_6->45_d500_152_1,NA,64420015_6->45_d500_152_1,NA,1,1,0,1,0
40097,13,SB0832,badger,cattle,27_d500_39_0,40270058_0,27_d500_39,40270058,cattle,27,27,157,NA,292,121,cattle->badger,2009,130,b2012,219,39,51,129,40270058_0->27_d500_39_0,40270058_0->27_d500_39_0,40270058_0->27_d500_39_0,NA,40270058_0->27_d500_39_0,NA,1,1,1,1,1
40098,13,SB0832,cattle,cattle,40270058_1,40270058_0,40270058,40270058,within,28,29,52,abattage,305,121,cattle->cattle,2009,24,b2012,219,39,51,129,40270058_0->40270058_1,40270058_0->40270058_1,40270058_0->40270058_1,40270058_0->40270058_1,40270058_0->40270058_1,40270058_0->40270058_1,1,1,1,1,1
40099,13,SB0832,badger,cattle,27_d500_26_0,40270058_0,27_d500_26,40270058,cattle,28,28,36,demographie,306,121,cattle->badger,2009,8,b2012,219,39,51,129,40270058_0->27_d500_26_0,NA,40270058_0->27_d500_26_0,NA,NA,NA,0,1,0,0,0
40100,13,SB0832,boar,cattle,40270_0,40270058_0,40270,40270058,cattle,30,30,51,demographie,326,121,cattle->boar,2009,21,b2012,219,39,51,129,40270058_0->40270_0,NA,NA,40270058_0->40270_0,NA,NA,0,0,1,0,0
40101,13,SB0832,badger,badger,45_d500_99_839_2,45_d500_99_839_0,45_d500_99_839,45_d500_99_839,within,30,30,53,demographie,327,121,badger->badger,2009,23,b2012,219,39,51,129,45_d500_99_839_0->45_d500_99_839_2,NA,45_d500_99_839_0->45_d500_99_839_2,NA,NA,NA,0,1,0,0,0
40102,13,SB0832,badger,cattle,27_d500_145_0,40270058_0,27_d500_145,40270058,cattle,32,32,52,demographie,350,121,cattle->badger,2009,20,b2012,219,39,51,129,40270058_0->27_d500_145_0,NA,40270058_0->27_d500_145_0,NA,NA,NA,1,1,1,0,1
40103,13,SB0832,badger,cattle,27_d500_149_1,40270058_0,27_d500_149,40270058,cattle,32,32,47,demographie,351,121,cattle->badger,2009,15,b2012,219,39,51,129,40270058_0->27_d500_149_1,NA,40270058_0->27_d500_149_1,NA,NA,NA,1,1,1,0,1
40104,13,SB0832,boar,cattle,40270_1,40270058_0,40270,40270058,cattle,32,32,55,demographie,352,121,cattle->boar,2009,23,b2012,219,39,51,129,40270058_0->40270_1,NA,NA,40270058_0->40270_1,NA,NA,0,0,1,0,0
40105,13,SB0832,cattle,cattle,40270033_0,40270058_1,40270033,40270058,pasture,32,33,87,abattage,353,121,cattle->cattle,2009,55,b2012,219,39,51,129,40270058_1->40270033_0,40270058_1->40270033_0,40270058_1->40270033_0,40270058_1->40270033_0,40270058_1->40270033_0,40270058_1->40270033_0,1,1,1,1,1
40106,13,SB0832,badger,cattle,27_d500_149_0,40270058_1,27_d500_149,40270058,cattle,32,32,91,trapping,354,121,cattle->badger,2009,59,b2012,219,39,51,129,40270058_1->27_d500_149_0,40270058_1->27_d500_149_0,40270058_1->27_d500_149_0,NA,40270058_1->27_d500_149_0,NA,1,1,0,1,0
40107,13,SB0832,badger,cattle,27_d500_102_0,40270033_0,27_d500_102,40270033,cattle,34,34,127,demographie,382,121,cattle->badger,2009,93,b2012,219,39,51,129,40270033_0->27_d500_102_0,40270033_0->27_d500_102_0,40270033_0->27_d500_102_0,NA,40270033_0->27_d500_102_0,NA,1,1,1,1,1
40108,13,SB0832,badger,cattle,27_d500_138_0,40270033_0,27_d500_138,40270033,cattle,34,34,88,trapping,383,121,cattle->badger,2009,54,b2012,219,39,51,129,40270033_0->27_d500_138_0,40270033_0->27_d500_138_0,40270033_0->27_d500_138_0,NA,40270033_0->27_d500_138_0,NA,1,1,1,1,1
40109,13,SB0832,cattle,cattle,40270058_2,40270058_0,40270058,40270058,within,35,41,51,demographie,393,121,cattle->cattle,2009,16,b2012,219,39,51,129,40270058_0->40270058_2,40270058_0->40270058_2,40270058_0->40270058_2,40270058_0->40270058_2,40270058_0->40270058_2,40270058_0->40270058_2,1,1,1,1,1
40110,13,SB0832,cattle,cattle,40270058_3,40270058_0,40270058,40270058,within,35,40,52,abattage,394,121,cattle->cattle,2009,17,b2012,219,39,51,129,40270058_0->40270058_3,40270058_0->40270058_3,40270058_0->40270058_3,40270058_0->40270058_3,40270058_0->40270058_3,40270058_0->40270058_3,1,1,1,1,1
40111,13,SB0832,boar,cattle,40270_2,40270058_0,40270,40270058,cattle,35,35,36,demographie,395,121,cattle->boar,2009,1,b2012,219,39,51,129,40270058_0->40270_2,NA,NA,40270058_0->40270_2,NA,NA,0,0,1,0,0
40112,13,SB0832,boar,cattle,40270_3,40270058_1,40270,40270058,cattle,35,35,41,demographie,396,121,cattle->boar,2009,6,b2012,219,39,51,129,40270058_1->40270_3,NA,NA,40270058_1->40270_3,NA,NA,0,0,1,0,0
40113,13,SB0832,boar,badger,40270_4,27_d500_149_1,40270,27_d500_149,badger,36,36,155,demographie,404,121,badger->boar,2010,119,b2012,219,39,51,129,27_d500_149_1->40270_4,40270058_0->40270_4,NA,40270058_0->40270_4,NA,40270058_0->40270_4,1,0,1,0,1
40114,13,SB0832,cattle,cattle,40270058_4,40270058_1,40270058,40270058,within,36,46,52,abattage,412,121,cattle->cattle,2010,16,b2012,219,39,51,129,40270058_1->40270058_4,40270058_1->40270058_4,40270058_1->40270058_4,40270058_1->40270058_4,40270058_1->40270058_4,40270058_1->40270058_4,1,1,1,1,1
40115,13,SB0832,cattle,cattle,40270058_5,40270058_0,40270058,40270058,within,37,38,52,abattage,436,121,cattle->cattle,2010,15,b2012,219,39,51,129,40270058_0->40270058_5,40270058_0->40270058_5,40270058_0->40270058_5,40270058_0->40270058_5,40270058_0->40270058_5,40270058_0->40270058_5,1,1,1,1,1
40116,13,SB0832,boar,badger,40270_5,27_d500_138_0,40270,27_d500_138,badger,38,38,62,demographie,450,121,badger->boar,2010,24,b2012,219,39,51,129,27_d500_138_0->40270_5,27_d500_138_0->40270_5,NA,40270033_0->40270_5,NA,40270033_0->40270_5,1,0,1,0,1
40117,13,SB0832,boar,badger,40270_6,27_d500_145_0,40270,27_d500_145,badger,38,38,64,demographie,451,121,badger->boar,2010,26,b2012,219,39,51,129,27_d500_145_0->40270_6,40270058_0->40270_6,NA,40270058_0->40270_6,NA,40270058_0->40270_6,1,0,1,0,1
40118,13,SB0832,cattle,cattle,40270058_6,40270058_0,40270058,40270058,within,38,45,52,abattage,455,121,cattle->cattle,2010,14,b2012,219,39,51,129,40270058_0->40270058_6,40270058_0->40270058_6,40270058_0->40270058_6,40270058_0->40270058_6,40270058_0->40270058_6,40270058_0->40270058_6,1,1,1,1,1
40119,13,SB0832,boar,cattle,40270_7,40270033_0,40270,40270033,cattle,39,39,40,demographie,471,121,cattle->boar,2010,1,b2012,219,39,51,129,40270033_0->40270_7,NA,NA,40270033_0->40270_7,NA,NA,0,0,1,0,0
40120,13,SB0832,badger,badger,27_d500_149_2,27_d500_149_0,27_d500_149,27_d500_149,within,40,40,50,demographie,479,121,badger->badger,2010,10,b2012,219,39,51,129,27_d500_149_0->27_d500_149_2,NA,27_d500_149_0->27_d500_149_2,NA,NA,NA,0,1,0,0,0
40121,13,SB0832,boar,cattle,40270_8,40270033_0,40270,40270033,cattle,40,40,70,demographie,487,121,cattle->boar,2010,30,b2012,219,39,51,129,40270033_0->40270_8,40270033_0->40270_8,NA,40270033_0->40270_8,NA,40270033_0->40270_8,1,0,1,0,1
40122,13,SB0832,cattle,cattle,40270058_7,40270058_5,40270058,40270058,within,40,44,52,abattage,488,121,cattle->cattle,2010,12,b2012,219,39,51,129,40270058_5->40270058_7,40270058_5->40270058_7,40270058_5->40270058_7,40270058_5->40270058_7,40270058_5->40270058_7,40270058_5->40270058_7,1,1,1,1,1
40123,13,SB0832,cattle,cattle,40270058_8,40270033_0,40270058,40270033,pasture,41,45,52,abattage,510,121,cattle->cattle,2010,11,b2012,219,39,51,129,40270033_0->40270058_8,40270033_0->40270058_8,40270033_0->40270058_8,40270033_0->40270058_8,40270033_0->40270058_8,40270033_0->40270058_8,1,1,1,1,1
40124,13,SB0832,badger,cattle,27_d500_140_0,40270033_0,27_d500_140,40270033,cattle,41,41,53,demographie,511,121,cattle->badger,2010,12,b2012,219,39,51,129,40270033_0->27_d500_140_0,NA,40270033_0->27_d500_140_0,NA,NA,NA,1,1,0,1,0
40125,13,SB0832,badger,cattle,27_d500_141_0,40270033_0,27_d500_141,40270033,cattle,41,41,157,NA,512,121,cattle->badger,2010,116,b2012,219,39,51,129,40270033_0->27_d500_141_0,40270033_0->27_d500_141_0,40270033_0->27_d500_141_0,NA,40270033_0->27_d500_141_0,NA,1,1,1,1,1
40126,13,SB0832,badger,cattle,27_d500_145_1,40270033_0,27_d500_145,40270033,cattle,41,41,103,trapping,513,121,cattle->badger,2010,62,b2012,219,39,51,129,40270033_0->27_d500_145_1,40270033_0->27_d500_145_1,40270033_0->27_d500_145_1,NA,40270033_0->27_d500_145_1,NA,1,1,1,1,1
40127,13,SB0832,boar,cattle,40270_9,40270033_0,40270,40270033,cattle,41,41,104,demographie,514,121,cattle->boar,2010,63,b2012,219,39,51,129,40270033_0->40270_9,40270033_0->40270_9,NA,40270033_0->40270_9,NA,40270033_0->40270_9,1,0,1,0,1
40128,13,SB0832,boar,cattle,40270_10,40270033_0,40270,40270033,cattle,42,42,52,demographie,536,121,cattle->boar,2010,10,b2012,219,39,51,129,40270033_0->40270_10,NA,NA,40270033_0->40270_10,NA,NA,0,0,1,0,0
40129,13,SB0832,cattle,cattle,40270033_1,40270033_0,40270033,40270033,within,43,-1,46,demographie,565,121,cattle->cattle,2010,3,b2012,219,39,51,129,40270033_0->40270033_1,40270033_0->40270033_1,40270033_0->40270033_1,40270033_0->40270033_1,40270033_0->40270033_1,40270033_0->40270033_1,1,1,1,1,1
40130,13,SB0832,badger,cattle,27_d500_142_0,40270033_0,27_d500_142,40270033,cattle,43,43,62,demographie,566,121,cattle->badger,2010,19,b2012,219,39,51,129,40270033_0->27_d500_142_0,40270033_0->27_d500_142_0,40270033_0->27_d500_142_0,NA,40270033_0->27_d500_142_0,NA,1,1,0,1,0
40131,13,SB0832,badger,cattle,27_d500_142_1,40270033_0,27_d500_142,40270033,cattle,43,43,153,demographie,567,121,cattle->badger,2010,110,b2012,219,39,51,129,40270033_0->27_d500_142_1,40270033_0->27_d500_142_1,40270033_0->27_d500_142_1,NA,40270033_0->27_d500_142_1,NA,1,1,1,1,1
40132,13,SB0832,badger,cattle,27_d500_149_4,40270058_2,27_d500_149,40270058,cattle,43,43,72,demographie,568,121,cattle->badger,2010,29,b2012,219,39,51,129,40270058_2->27_d500_149_4,40270058_2->27_d500_149_4,40270058_2->27_d500_149_4,NA,40270058_2->27_d500_149_4,NA,1,1,0,1,0
40133,13,SB0832,boar,cattle,40270_11,40270058_3,40270,40270058,cattle,43,43,56,demographie,569,121,cattle->boar,2010,13,b2012,219,39,51,129,40270058_3->40270_11,NA,NA,40270058_3->40270_11,NA,NA,0,0,1,0,0
40134,13,SB0832,badger,cattle,27_d500_149_3,40270058_5,27_d500_149,40270058,cattle,43,43,157,NA,570,121,cattle->badger,2010,114,b2012,219,39,51,129,40270058_5->27_d500_149_3,40270058_5->27_d500_149_3,40270058_5->27_d500_149_3,NA,40270058_5->27_d500_149_3,NA,1,1,1,1,1
40135,13,SB0832,badger,cattle,27_d500_141_1,40270033_0,27_d500_141,40270033,cattle,44,44,50,demographie,594,121,cattle->badger,2010,6,b2012,219,39,51,129,40270033_0->27_d500_141_1,NA,40270033_0->27_d500_141_1,NA,NA,NA,0,1,0,0,0
40136,13,SB0832,badger,cattle,27_d500_142_2,40270033_0,27_d500_142,40270033,cattle,44,44,90,demographie,595,121,cattle->badger,2010,46,b2012,219,39,51,129,40270033_0->27_d500_142_2,40270033_0->27_d500_142_2,40270033_0->27_d500_142_2,NA,40270033_0->27_d500_142_2,NA,1,1,1,1,1
40137,13,SB0832,boar,cattle,40270_12,40270058_2,40270,40270058,cattle,44,44,59,demographie,596,121,cattle->boar,2010,15,b2012,219,39,51,129,40270058_2->40270_12,NA,NA,40270058_2->40270_12,NA,NA,0,0,1,0,0
40138,13,SB0832,boar,cattle,40270_13,40270058_2,40270,40270058,cattle,45,45,73,demographie,624,121,cattle->boar,2010,28,b2012,219,39,51,129,40270058_2->40270_13,40270058_2->40270_13,NA,40270058_2->40270_13,NA,40270058_2->40270_13,1,0,1,0,1
40139,13,SB0832,badger,cattle,27_d500_26_1,40270058_5,27_d500_26,40270058,cattle,45,45,51,demographie,625,121,cattle->badger,2010,6,b2012,219,39,51,129,40270058_5->27_d500_26_1,NA,40270058_5->27_d500_26_1,NA,NA,NA,0,1,0,0,0
40140,13,SB0832,boar,cattle,40270_14,40270033_0,40270,40270033,cattle,46,46,72,demographie,644,121,cattle->boar,2010,26,b2012,219,39,51,129,40270033_0->40270_14,40270033_0->40270_14,NA,40270033_0->40270_14,NA,40270033_0->40270_14,1,0,1,0,1
40141,13,SB0832,cattle,cattle,40270058_9,40270058_2,40270058,40270058,within,46,48,52,demographie,645,121,cattle->cattle,2010,6,b2012,219,39,51,129,40270058_2->40270058_9,40270058_2->40270058_9,40270058_2->40270058_9,40270058_2->40270058_9,40270058_2->40270058_9,40270058_2->40270058_9,1,1,1,1,1
40142,13,SB0832,cattle,cattle,40270058_10,40270058_3,40270058,40270058,within,47,51,52,abattage,689,121,cattle->cattle,2010,5,b2012,219,39,51,129,40270058_3->40270058_10,40270058_3->40270058_10,40270058_3->40270058_10,40270058_3->40270058_10,40270058_3->40270058_10,40270058_3->40270058_10,1,1,1,1,1
40143,13,SB0832,cattle,cattle,40270058_11,40270058_4,40270058,40270058,within,47,-1,52,abattage,690,121,cattle->cattle,2010,5,b2012,219,39,51,129,40270058_4->40270058_11,40270058_4->40270058_11,40270058_4->40270058_11,40270058_4->40270058_11,40270058_4->40270058_11,40270058_4->40270058_11,1,1,1,1,1
40144,13,SB0832,boar,cattle,40270_15,40270058_5,40270,40270058,cattle,47,47,52,demographie,691,121,cattle->boar,2010,5,b2012,219,39,51,129,40270058_5->40270_15,NA,NA,40270058_5->40270_15,NA,NA,0,0,1,0,0
40145,13,SB0832,cattle,cattle,40270058_12,40270058_6,40270058,40270058,within,47,51,52,abattage,692,121,cattle->cattle,2010,5,b2012,219,39,51,129,40270058_6->40270058_12,40270058_6->40270058_12,40270058_6->40270058_12,40270058_6->40270058_12,40270058_6->40270058_12,40270058_6->40270058_12,1,1,1,1,1
40146,13,SB0832,cattle,cattle,40270033_2,40270033_0,40270033,40270033,within,48,55,80,demographie,743,121,cattle->cattle,2011,32,b2012,219,39,51,129,40270033_0->40270033_2,40270033_0->40270033_2,40270033_0->40270033_2,40270033_0->40270033_2,40270033_0->40270033_2,40270033_0->40270033_2,1,1,1,1,1
40147,13,SB0832,cattle,cattle,40270058_16,40270058_2,40270058,40270058,within,48,-1,52,abattage,744,121,cattle->cattle,2011,4,b2012,219,39,51,129,40270058_2->40270058_16,40270058_2->40270058_16,40270058_2->40270058_16,40270058_2->40270058_16,40270058_2->40270058_16,40270058_2->40270058_16,1,1,1,1,1
40148,13,SB0832,cattle,cattle,40270058_17,40270058_4,40270058,40270058,within,48,-1,50,demographie,745,121,cattle->cattle,2011,2,b2012,219,39,51,129,40270058_4->40270058_17,40270058_4->40270058_17,40270058_4->40270058_17,40270058_4->40270058_17,40270058_4->40270058_17,40270058_4->40270058_17,1,1,1,1,1
40149,13,SB0832,cattle,cattle,40270058_13,40270058_8,40270058,40270058,within,48,51,52,abattage,746,121,cattle->cattle,2011,4,b2012,219,39,51,129,40270058_8->40270058_13,40270058_8->40270058_13,40270058_8->40270058_13,40270058_8->40270058_13,40270058_8->40270058_13,40270058_8->40270058_13,1,1,1,1,1
40150,13,SB0832,cattle,cattle,40270058_14,40270058_8,40270058,40270058,within,48,-1,52,abattage,747,121,cattle->cattle,2011,4,b2012,219,39,51,129,40270058_8->40270058_14,40270058_8->40270058_14,40270058_8->40270058_14,40270058_8->40270058_14,40270058_8->40270058_14,40270058_8->40270058_14,1,1,1,1,1
40151,13,SB0832,cattle,cattle,40270058_15,40270058_8,40270058,40270058,within,48,-1,52,abattage,748,121,cattle->cattle,2011,4,b2012,219,39,51,129,40270058_8->40270058_15,40270058_8->40270058_15,40270058_8->40270058_15,40270058_8->40270058_15,40270058_8->40270058_15,40270058_8->40270058_15,1,1,1,1,1
40152,13,SB0832,boar,badger,40270_17,27_d500_145_0,40270,27_d500_145,badger,49,49,57,demographie,782,121,badger->boar,2011,8,b2012,219,39,51,129,27_d500_145_0->40270_17,NA,NA,40270058_0->40270_17,NA,NA,0,0,1,0,0
40153,13,SB0832,boar,cattle,40270_16,40270033_0,40270,40270033,cattle,49,49,65,demographie,790,121,cattle->boar,2011,16,b2012,219,39,51,129,40270033_0->40270_16,40270033_0->40270_16,NA,40270033_0->40270_16,NA,40270033_0->40270_16,1,0,1,0,1
40154,13,SB0832,cattle,cattle,40270058_19,40270058_2,40270058,40270058,within,49,-1,52,abattage,791,121,cattle->cattle,2011,3,b2012,219,39,51,129,40270058_2->40270058_19,40270058_2->40270058_19,40270058_2->40270058_19,40270058_2->40270058_19,40270058_2->40270058_19,40270058_2->40270058_19,1,1,1,1,1
40155,13,SB0832,cattle,cattle,40270058_20,40270058_8,40270058,40270058,within,49,-1,52,abattage,792,121,cattle->cattle,2011,3,b2012,219,39,51,129,40270058_8->40270058_20,40270058_8->40270058_20,40270058_8->40270058_20,40270058_8->40270058_20,40270058_8->40270058_20,40270058_8->40270058_20,1,1,1,1,1
40156,13,SB0832,cattle,cattle,40270058_18,40270058_9,40270058,40270058,within,49,49,52,abattage,793,121,cattle->cattle,2011,3,b2012,219,39,51,129,40270058_9->40270058_18,40270058_9->40270058_18,40270058_9->40270058_18,40270058_9->40270058_18,40270058_9->40270058_18,40270058_9->40270058_18,1,1,1,1,1
40157,13,SB0832,badger,badger,27_d500_142_3,27_d500_142_0,27_d500_142,27_d500_142,within,50,50,88,trapping,819,121,badger->badger,2011,38,b2012,219,39,51,129,27_d500_142_0->27_d500_142_3,27_d500_142_0->27_d500_142_3,27_d500_142_0->27_d500_142_3,NA,27_d500_142_0->27_d500_142_3,NA,1,1,0,1,0
40158,13,SB0832,cattle,cattle,40270058_23,40270058_0,40270058,40270058,within,50,-1,52,abattage,841,121,cattle->cattle,2011,2,b2012,219,39,51,129,40270058_0->40270058_23,40270058_0->40270058_23,40270058_0->40270058_23,40270058_0->40270058_23,40270058_0->40270058_23,40270058_0->40270058_23,1,1,1,1,1
40159,13,SB0832,cattle,cattle,40270058_24,40270058_21,40270058,40270058,within,50,-1,52,abattage,842,121,cattle->cattle,2011,2,b2012,219,39,51,129,40270058_21->40270058_24,40270058_21->40270058_24,40270058_21->40270058_24,40270058_21->40270058_24,40270058_21->40270058_24,40270058_21->40270058_24,1,1,1,1,1
40160,13,SB0832,cattle,cattle,40270058_25,40270058_3,40270058,40270058,within,50,-1,52,abattage,843,121,cattle->cattle,2011,2,b2012,219,39,51,129,40270058_3->40270058_25,40270058_3->40270058_25,40270058_3->40270058_25,40270058_3->40270058_25,40270058_3->40270058_25,40270058_3->40270058_25,1,1,1,1,1
40161,13,SB0832,cattle,cattle,40270058_22,40270058_5,40270058,40270058,within,50,51,52,abattage,844,121,cattle->cattle,2011,2,b2012,219,39,51,129,40270058_5->40270058_22,40270058_5->40270058_22,40270058_5->40270058_22,40270058_5->40270058_22,40270058_5->40270058_22,40270058_5->40270058_22,1,1,1,1,1
40162,13,SB0832,cattle,cattle,40270058_21,40270058_7,40270058,40270058,within,50,50,52,abattage,845,121,cattle->cattle,2011,2,b2012,219,39,51,129,40270058_7->40270058_21,40270058_7->40270058_21,40270058_7->40270058_21,40270058_7->40270058_21,40270058_7->40270058_21,40270058_7->40270058_21,1,1,1,1,1
40163,13,SB0832,badger,badger,27_d500_140_1,27_d500_140_0,27_d500_140,27_d500_140,within,51,51,94,demographie,863,121,badger->badger,2011,43,b2012,219,39,51,129,27_d500_140_0->27_d500_140_1,40270033_0->27_d500_140_1,27_d500_140_0->27_d500_140_1,NA,40270033_0->27_d500_140_1,NA,1,1,0,1,0
40164,13,SB0832,badger,cattle,27_d500_140_2,40270033_0,27_d500_140,40270033,cattle,51,51,56,demographie,868,121,cattle->badger,2011,5,b2012,219,39,51,129,40270033_0->27_d500_140_2,NA,40270033_0->27_d500_140_2,NA,NA,NA,0,1,0,0,0
40165,13,SB0832,cattle,cattle,40270058_26,40270058_18,40270058,40270058,within,52,-1,52,abattage,888,121,cattle->cattle,2011,0,b2012,219,39,51,129,40270058_18->40270058_26,40270058_18->40270058_26,40270058_18->40270058_26,40270058_18->40270058_26,40270058_18->40270058_26,40270058_18->40270058_26,1,1,1,1,1
40166,13,SB0832,cattle,cattle,40270058_27,40270058_22,40270058,40270058,within,52,-1,52,abattage,889,121,cattle->cattle,2011,0,b2012,219,39,51,129,40270058_22->40270058_27,40270058_22->40270058_27,40270058_22->40270058_27,40270058_22->40270058_27,40270058_22->40270058_27,40270058_22->40270058_27,1,1,1,1,1
40167,13,SB0832,badger,badger,27_d500_144_1,27_d500_142_1,27_d500_144,27_d500_144,within,53,53,79,trapping,903,121,badger->badger,2011,26,b2012,219,39,51,129,27_d500_142_1->27_d500_144_1,27_d500_142_1->27_d500_144_1,27_d500_142_1->27_d500_144_1,NA,27_d500_142_1->27_d500_144_1,NA,1,1,1,1,1
40168,13,SB0832,badger,cattle,27_d500_148_0,40270058_0,27_d500_148,40270058,cattle,53,53,68,demographie,918,121,cattle->badger,2011,15,b2012,219,39,51,129,40270058_0->27_d500_148_0,40270058_0->27_d500_148_0,40270058_0->27_d500_148_0,NA,40270058_0->27_d500_148_0,NA,1,1,0,1,0
40169,13,SB0832,boar,badger,40270_18,27_d500_145_1,40270,27_d500_145,badger,54,54,68,demographie,933,121,badger->boar,2011,14,b2012,219,39,51,129,27_d500_145_1->40270_18,27_d500_145_1->40270_18,NA,40270033_0->40270_18,NA,40270033_0->40270_18,1,0,1,0,1
40170,13,SB0832,badger,badger,45_d500_160_2,45_d500_160_1,45_d500_160,45_d500_160,within,54,54,77,demographie,943,121,badger->badger,2011,23,b2012,219,39,51,129,45_d500_160_1->45_d500_160_2,64420015_4->45_d500_160_2,45_d500_160_1->45_d500_160_2,NA,64420015_4->45_d500_160_2,NA,1,1,0,1,0
40171,13,SB0832,boar,badger,40270_19,27_d500_142_1,40270,27_d500_144,badger,55,55,59,demographie,952,121,badger->boar,2011,4,b2012,219,39,51,129,27_d500_142_1->40270_19,NA,NA,40270033_0->40270_19,NA,NA,0,0,1,0,0
40172,13,SB0832,boar,cattle,40270_22,40270033_2,40270,40270033,cattle,55,55,92,demographie,964,121,cattle->boar,2011,37,b2012,219,39,51,129,40270033_2->40270_22,40270033_2->40270_22,NA,40270033_2->40270_22,NA,40270033_2->40270_22,1,0,1,0,1
40173,13,SB0832,boar,cattle,40270_20,40270058_12,40270,40270058,cattle,55,55,69,demographie,965,121,cattle->boar,2011,14,b2012,219,39,51,129,40270058_12->40270_20,40270058_12->40270_20,NA,40270058_12->40270_20,NA,40270058_12->40270_20,1,0,1,0,1
40174,13,SB0832,boar,cattle,40270_21,40270058_9,40270,40270058,cattle,55,55,88,demographie,966,121,cattle->boar,2011,33,b2012,219,39,51,129,40270058_9->40270_21,40270058_9->40270_21,NA,40270058_9->40270_21,NA,40270058_9->40270_21,1,0,1,0,1
40175,13,SB0832,badger,cattle,27_d500_140_3,40270033_0,27_d500_140,40270033,cattle,56,56,78,trapping,993,121,cattle->badger,2011,22,b2012,219,39,51,129,40270033_0->27_d500_140_3,40270033_0->27_d500_140_3,40270033_0->27_d500_140_3,NA,40270033_0->27_d500_140_3,NA,1,1,1,1,1
40176,13,SB0832,badger,badger,45_d500_160_3,45_d500_160_1,45_d500_160,45_d500_160,within,58,58,137,trapping,1038,121,badger->badger,2011,79,b2012,219,39,51,129,45_d500_160_1->45_d500_160_3,64420015_4->45_d500_160_3,45_d500_160_1->45_d500_160_3,NA,64420015_4->45_d500_160_3,NA,1,1,1,1,1
40177,13,SB0832,cattle,cattle,40270033_3,40270033_2,40270033,40270033,within,59,64,87,abattage,1069,121,cattle->cattle,2011,28,b2012,219,39,51,129,40270033_2->40270033_3,40270033_2->40270033_3,40270033_2->40270033_3,40270033_2->40270033_3,40270033_2->40270033_3,40270033_2->40270033_3,1,1,1,1,1
40178,13,SB0832,badger,badger,27_d500_144_2,27_d500_144_1,27_d500_144,27_d500_144,within,60,60,90,trapping,1078,121,badger->badger,2012,30,b2016,219,39,51,129,27_d500_144_1->27_d500_144_2,27_d500_144_1->27_d500_144_2,27_d500_144_1->27_d500_144_2,NA,27_d500_144_1->27_d500_144_2,NA,1,1,0,1,0
40179,13,SB0832,boar,badger,40097_1,27_d500_39_0,40097,27_d500_39,badger,60,60,61,demographie,1079,121,badger->boar,2012,1,b2016,219,39,51,129,27_d500_39_0->40097_1,27_d500_39_0->40097_1,NA,40270058_0->40097_1,NA,40270058_0->40097_1,1,0,1,0,1
40180,13,SB0832,cattle,cattle,40270033_4,40270033_0,40270033,40270033,within,60,64,87,abattage,1092,121,cattle->cattle,2012,27,b2016,219,39,51,129,40270033_0->40270033_4,40270033_0->40270033_4,40270033_0->40270033_4,40270033_0->40270033_4,40270033_0->40270033_4,40270033_0->40270033_4,1,1,1,1,1
40181,13,SB0832,cattle,cattle,40270033_5,40270033_0,40270033,40270033,within,60,63,79,demographie,1093,121,cattle->cattle,2012,19,b2016,219,39,51,129,40270033_0->40270033_5,40270033_0->40270033_5,40270033_0->40270033_5,40270033_0->40270033_5,40270033_0->40270033_5,40270033_0->40270033_5,1,1,1,1,1
40182,13,SB0832,cattle,cattle,40270033_6,40270033_0,40270033,40270033,within,60,-1,77,demographie,1094,121,cattle->cattle,2012,17,b2016,219,39,51,129,40270033_0->40270033_6,40270033_0->40270033_6,40270033_0->40270033_6,40270033_0->40270033_6,40270033_0->40270033_6,40270033_0->40270033_6,1,1,1,1,1
40183,13,SB0832,boar,cattle,40270_23,40270033_2,40270,40270033,cattle,60,60,82,demographie,1095,121,cattle->boar,2012,22,b2016,219,39,51,129,40270033_2->40270_23,40270033_2->40270_23,NA,40270033_2->40270_23,NA,40270033_2->40270_23,1,0,1,0,1
40184,13,SB0832,cattle,cattle,40270033_7,40270033_2,40270033,40270033,within,61,62,86,demographie,1121,121,cattle->cattle,2012,25,b2016,219,39,51,129,40270033_2->40270033_7,40270033_2->40270033_7,40270033_2->40270033_7,40270033_2->40270033_7,40270033_2->40270033_7,40270033_2->40270033_7,1,1,1,1,1
40185,13,SB0832,cattle,cattle,40270033_8,40270033_2,40270033,40270033,within,61,64,87,abattage,1122,121,cattle->cattle,2012,26,b2016,219,39,51,129,40270033_2->40270033_8,40270033_2->40270033_8,40270033_2->40270033_8,40270033_2->40270033_8,40270033_2->40270033_8,40270033_2->40270033_8,1,1,1,1,1
40186,13,SB0832,boar,badger,40270_24,27_d500_140_3,40270,27_d500_140,badger,62,62,71,demographie,1141,121,badger->boar,2012,9,b2016,219,39,51,129,27_d500_140_3->40270_24,27_d500_140_3->40270_24,NA,40270033_0->40270_24,NA,40270033_0->40270_24,1,0,1,0,1
40187,13,SB0832,cattle,cattle,40270033_10,40270033_2,40270033,40270033,within,62,63,87,abattage,1159,121,cattle->cattle,2012,25,b2016,219,39,51,129,40270033_2->40270033_10,40270033_2->40270033_10,40270033_2->40270033_10,40270033_2->40270033_10,40270033_2->40270033_10,40270033_2->40270033_10,1,1,1,1,1
40188,13,SB0832,cattle,cattle,40270033_9,40270033_7,40270033,40270033,within,62,64,73,demographie,1160,121,cattle->cattle,2012,11,b2016,219,39,51,129,40270033_7->40270033_9,40270033_7->40270033_9,40270033_7->40270033_9,40270033_7->40270033_9,40270033_7->40270033_9,40270033_7->40270033_9,1,1,1,1,1
40189,13,SB0832,badger,cattle,27_d500_140_4,40270033_10,27_d500_140,40270033,cattle,63,63,65,trapping,1182,121,cattle->badger,2012,2,b2016,219,39,51,129,40270033_10->27_d500_140_4,40270033_10->27_d500_140_4,40270033_10->27_d500_140_4,NA,40270033_10->27_d500_140_4,NA,1,1,0,1,0
40190,13,SB0832,badger,badger,27_d500_140_5,27_d500_140_1,27_d500_140,27_d500_140,within,64,64,88,demographie,1200,121,badger->badger,2012,24,b2016,219,39,51,129,27_d500_140_1->27_d500_140_5,27_d500_140_1->27_d500_140_5,27_d500_140_1->27_d500_140_5,NA,27_d500_140_1->27_d500_140_5,NA,1,1,0,1,0
40191,13,SB0832,cattle,badger,40270058_28,27_d500_145_1,40270058,27_d500_145,badger,64,65,75,abattage,1201,121,badger->cattle,2012,11,b2016,219,39,51,129,27_d500_145_1->40270058_28,27_d500_145_1->40270058_28,27_d500_145_1->40270058_28,40270033_0->40270058_28,27_d500_145_1->40270058_28,40270033_0->40270058_28,1,1,1,1,1
40192,13,SB0832,boar,cattle,40270_26,40270033_3,40270,40270033,cattle,64,64,68,demographie,1213,121,cattle->boar,2012,4,b2016,219,39,51,129,40270033_3->40270_26,40270033_3->40270_26,NA,40270033_3->40270_26,NA,40270033_3->40270_26,1,0,1,0,1
40193,13,SB0832,boar,cattle,40270_25,40270033_9,40270,40270033,cattle,64,64,85,demographie,1214,121,cattle->boar,2012,21,b2016,219,39,51,129,40270033_9->40270_25,40270033_9->40270_25,NA,40270033_9->40270_25,NA,40270033_9->40270_25,1,0,1,0,1
40194,13,SB0832,cattle,cattle,40270057_0,40270033_7,40270057,40270033,pasture,65,68,83,abattage,1250,121,cattle->cattle,2012,18,b2016,219,39,51,129,40270033_7->40270057_0,40270033_7->40270057_0,40270033_7->40270057_0,40270033_7->40270057_0,40270033_7->40270057_0,40270033_7->40270057_0,1,1,1,1,1
40195,13,SB0832,boar,cattle,40270_28,40270033_8,40270,40270033,cattle,66,66,95,demographie,1279,121,cattle->boar,2012,29,b2016,219,39,51,129,40270033_8->40270_28,40270033_8->40270_28,NA,40270033_8->40270_28,NA,40270033_8->40270_28,1,0,1,0,1
40196,13,SB0832,cattle,cattle,40270058_30,40270033_4,40270058,40270033,pasture,67,73,74,demographie,1318,121,cattle->cattle,2012,7,b2016,219,39,51,129,40270033_4->40270058_30,40270033_4->40270058_30,40270033_4->40270058_30,40270033_4->40270058_30,40270033_4->40270058_30,40270033_4->40270058_30,1,1,1,1,1
40197,13,SB0832,cattle,cattle,40270058_29,40270033_9,40270058,40270033,pasture,67,75,75,abattage,1319,121,cattle->cattle,2012,8,b2016,219,39,51,129,40270033_9->40270058_29,40270033_9->40270058_29,40270033_9->40270058_29,40270033_9->40270058_29,40270033_9->40270058_29,40270033_9->40270058_29,1,1,1,1,1
40198,13,SB0832,cattle,cattle,40270058_31,40270033_5,40270058,40270033,pasture,68,70,75,abattage,1366,121,cattle->cattle,2012,7,b2016,219,39,51,129,40270033_5->40270058_31,40270033_5->40270058_31,40270033_5->40270058_31,40270033_5->40270058_31,40270033_5->40270058_31,40270033_5->40270058_31,1,1,1,1,1
40199,13,SB0832,cattle,cattle,40270058_32,40270033_5,40270058,40270033,pasture,69,-1,75,abattage,1396,121,cattle->cattle,2012,6,b2016,219,39,51,129,40270033_5->40270058_32,40270033_5->40270058_32,40270033_5->40270058_32,40270033_5->40270058_32,40270033_5->40270058_32,40270033_5->40270058_32,1,1,1,1,1
40200,13,SB0832,cattle,cattle,40270057_1,40270033_8,40270057,40270033,pasture,69,72,83,abattage,1397,121,cattle->cattle,2012,14,b2016,219,39,51,129,40270033_8->40270057_1,40270033_8->40270057_1,40270033_8->40270057_1,40270033_8->40270057_1,40270033_8->40270057_1,40270033_8->40270057_1,1,1,1,1,1
40201,13,SB0832,badger,cattle,27_d500_149_5,40270058_28,27_d500_149,40270058,cattle,69,69,76,trapping,1398,121,cattle->badger,2012,7,b2016,219,39,51,129,40270058_28->27_d500_149_5,40270058_28->27_d500_149_5,40270058_28->27_d500_149_5,NA,40270058_28->27_d500_149_5,NA,1,1,0,1,0
40202,13,SB0832,boar,cattle,40270_29,40270058_28,40270,40270058,cattle,69,69,77,demographie,1399,121,cattle->boar,2012,8,b2016,219,39,51,129,40270058_28->40270_29,40270058_28->40270_29,NA,40270058_28->40270_29,NA,40270058_28->40270_29,1,0,1,0,1
40203,13,SB0832,cattle,cattle,40270057_2,40270057_0,40270057,40270057,within,70,71,83,abattage,1424,121,cattle->cattle,2012,13,b2016,219,39,51,129,40270057_0->40270057_2,40270057_0->40270057_2,40270057_0->40270057_2,40270057_0->40270057_2,40270057_0->40270057_2,40270057_0->40270057_2,1,1,1,1,1
40204,13,SB0832,cattle,cattle,40270033_11,40270033_0,40270033,40270033,within,71,71,87,abattage,1454,121,cattle->cattle,2012,16,b2016,219,39,51,129,40270033_0->40270033_11,40270033_0->40270033_11,40270033_0->40270033_11,40270033_0->40270033_11,40270033_0->40270033_11,40270033_0->40270033_11,1,1,1,1,1
40205,13,SB0832,cattle,cattle,40270033_12,40270033_4,40270033,40270033,within,71,72,87,abattage,1455,121,cattle->cattle,2012,16,b2016,219,39,51,129,40270033_4->40270033_12,40270033_4->40270033_12,40270033_4->40270033_12,40270033_4->40270033_12,40270033_4->40270033_12,40270033_4->40270033_12,1,1,1,1,1
40206,13,SB0832,cattle,cattle,40270058_33,40270058_31,40270058,40270058,within,71,73,75,abattage,1456,121,cattle->cattle,2012,4,b2016,219,39,51,129,40270058_31->40270058_33,40270058_31->40270058_33,40270058_31->40270058_33,40270058_31->40270058_33,40270058_31->40270058_33,40270058_31->40270058_33,1,1,1,1,1
40207,13,SB0832,cattle,cattle,40270058_34,40270058_31,40270058,40270058,within,71,-1,75,abattage,1457,121,cattle->cattle,2012,4,b2016,219,39,51,129,40270058_31->40270058_34,40270058_31->40270058_34,40270058_31->40270058_34,40270058_31->40270058_34,40270058_31->40270058_34,40270058_31->40270058_34,1,1,1,1,1
40208,13,SB0832,cattle,cattle,40270033_17,40270033_0,40270033,40270033,within,72,81,87,abattage,1514,121,cattle->cattle,2013,15,b2016,219,39,51,129,40270033_0->40270033_17,40270033_0->40270033_17,40270033_0->40270033_17,40270033_0->40270033_17,40270033_0->40270033_17,40270033_0->40270033_17,1,1,1,1,1
40209,13,SB0832,cattle,cattle,40270033_13,40270033_4,40270033,40270033,within,72,74,87,abattage,1515,121,cattle->cattle,2013,15,b2016,219,39,51,129,40270033_4->40270033_13,40270033_4->40270033_13,40270033_4->40270033_13,40270033_4->40270033_13,40270033_4->40270033_13,40270033_4->40270033_13,1,1,1,1,1
40210,13,SB0832,cattle,cattle,40270033_14,40270033_5,40270033,40270033,within,72,78,87,abattage,1516,121,cattle->cattle,2013,15,b2016,219,39,51,129,40270033_5->40270033_14,40270033_5->40270033_14,40270033_5->40270033_14,40270033_5->40270033_14,40270033_5->40270033_14,40270033_5->40270033_14,1,1,1,1,1
40211,13,SB0832,cattle,cattle,40270033_19,40270033_5,40270033,40270033,within,72,75,87,abattage,1517,121,cattle->cattle,2013,15,b2016,219,39,51,129,40270033_5->40270033_19,40270033_5->40270033_19,40270033_5->40270033_19,40270033_5->40270033_19,40270033_5->40270033_19,40270033_5->40270033_19,1,1,1,1,1
40212,13,SB0832,cattle,cattle,40270033_15,40270033_7,40270033,40270033,within,72,73,87,abattage,1518,121,cattle->cattle,2013,15,b2016,219,39,51,129,40270033_7->40270033_15,40270033_7->40270033_15,40270033_7->40270033_15,40270033_7->40270033_15,40270033_7->40270033_15,40270033_7->40270033_15,1,1,1,1,1
40213,13,SB0832,cattle,cattle,40270033_16,40270033_8,40270033,40270033,within,72,75,87,abattage,1519,121,cattle->cattle,2013,15,b2016,219,39,51,129,40270033_8->40270033_16,40270033_8->40270033_16,40270033_8->40270033_16,40270033_8->40270033_16,40270033_8->40270033_16,40270033_8->40270033_16,1,1,1,1,1
40214,13,SB0832,cattle,cattle,40270033_18,40270033_9,40270033,40270033,within,72,75,87,abattage,1520,121,cattle->cattle,2013,15,b2016,219,39,51,129,40270033_9->40270033_18,40270033_9->40270033_18,40270033_9->40270033_18,40270033_9->40270033_18,40270033_9->40270033_18,40270033_9->40270033_18,1,1,1,1,1
40215,13,SB0832,cattle,cattle,40270033_22,40270033_2,40270033,40270033,within,73,-1,75,demographie,1563,121,cattle->cattle,2013,2,b2016,219,39,51,129,40270033_2->40270033_22,40270033_2->40270033_22,40270033_2->40270033_22,40270033_2->40270033_22,40270033_2->40270033_22,40270033_2->40270033_22,1,1,1,1,1
40216,13,SB0832,cattle,cattle,40270033_23,40270033_20,40270033,40270033,within,73,-1,75,demographie,1564,121,cattle->cattle,2013,2,b2016,219,39,51,129,40270033_20->40270033_23,40270033_20->40270033_23,40270033_20->40270033_23,40270033_20->40270033_23,40270033_20->40270033_23,40270033_20->40270033_23,1,1,1,1,1
40217,13,SB0832,cattle,cattle,40270033_21,40270033_4,40270033,40270033,within,73,82,87,abattage,1565,121,cattle->cattle,2013,14,b2016,219,39,51,129,40270033_4->40270033_21,40270033_4->40270033_21,40270033_4->40270033_21,40270033_4->40270033_21,40270033_4->40270033_21,40270033_4->40270033_21,1,1,1,1,1
40218,13,SB0832,cattle,cattle,40270033_20,40270033_7,40270033,40270033,within,73,73,81,demographie,1566,121,cattle->cattle,2013,8,b2016,219,39,51,129,40270033_7->40270033_20,40270033_7->40270033_20,40270033_7->40270033_20,40270033_7->40270033_20,40270033_7->40270033_20,40270033_7->40270033_20,1,1,1,1,1
40219,13,SB0832,cattle,cattle,40270058_35,40270058_31,40270058,40270058,within,73,-1,75,abattage,1567,121,cattle->cattle,2013,2,b2016,219,39,51,129,40270058_31->40270058_35,40270058_31->40270058_35,40270058_31->40270058_35,40270058_31->40270058_35,40270058_31->40270058_35,40270058_31->40270058_35,1,1,1,1,1
40220,13,SB0832,boar,cattle,40270_30,40270058_33,40270,40270058,cattle,73,73,90,demographie,1568,121,cattle->boar,2013,17,b2016,219,39,51,129,40270058_33->40270_30,40270058_33->40270_30,NA,40270058_33->40270_30,NA,40270058_33->40270_30,1,0,1,0,1
40221,13,SB0832,cattle,cattle,40270033_27,40270033_11,40270033,40270033,within,74,75,87,abattage,1612,121,cattle->cattle,2013,13,b2016,219,39,51,129,40270033_11->40270033_27,40270033_11->40270033_27,40270033_11->40270033_27,40270033_11->40270033_27,40270033_11->40270033_27,40270033_11->40270033_27,1,1,1,1,1
40222,13,SB0832,cattle,cattle,40270033_24,40270033_4,40270033,40270033,within,74,82,87,abattage,1613,121,cattle->cattle,2013,13,b2016,219,39,51,129,40270033_4->40270033_24,40270033_4->40270033_24,40270033_4->40270033_24,40270033_4->40270033_24,40270033_4->40270033_24,40270033_4->40270033_24,1,1,1,1,1
40223,13,SB0832,cattle,cattle,40270033_26,40270033_4,40270033,40270033,within,74,77,87,abattage,1614,121,cattle->cattle,2013,13,b2016,219,39,51,129,40270033_4->40270033_26,40270033_4->40270033_26,40270033_4->40270033_26,40270033_4->40270033_26,40270033_4->40270033_26,40270033_4->40270033_26,1,1,1,1,1
40224,13,SB0832,cattle,cattle,40270033_25,40270033_7,40270033,40270033,within,74,77,87,abattage,1615,121,cattle->cattle,2013,13,b2016,219,39,51,129,40270033_7->40270033_25,40270033_7->40270033_25,40270033_7->40270033_25,40270033_7->40270033_25,40270033_7->40270033_25,40270033_7->40270033_25,1,1,1,1,1
40225,13,SB0832,cattle,cattle,40270058_36,40270058_33,40270058,40270058,within,74,-1,75,abattage,1616,121,cattle->cattle,2013,1,b2016,219,39,51,129,40270058_33->40270058_36,40270058_33->40270058_36,40270058_33->40270058_36,40270058_33->40270058_36,40270058_33->40270058_36,40270058_33->40270058_36,1,1,1,1,1
40226,13,SB0832,cattle,cattle,40270033_28,40270033_5,40270033,40270033,within,75,84,87,abattage,1651,121,cattle->cattle,2013,12,b2016,219,39,51,129,40270033_5->40270033_28,40270033_5->40270033_28,40270033_5->40270033_28,40270033_5->40270033_28,40270033_5->40270033_28,40270033_5->40270033_28,1,1,1,1,1
40227,13,SB0832,boar,cattle,40270_31,40270058_30,40270,40270058,cattle,75,75,78,demographie,1652,121,cattle->boar,2013,3,b2016,219,39,51,129,40270058_30->40270_31,40270058_30->40270_31,NA,40270058_30->40270_31,NA,40270058_30->40270_31,1,0,1,0,1
40228,13,SB0832,boar,badger,40270_32,27_d500_144_1,40270,27_d500_144,badger,76,76,95,demographie,1667,121,badger->boar,2013,19,b2016,219,39,51,129,27_d500_144_1->40270_32,27_d500_144_1->40270_32,NA,40270033_0->40270_32,NA,40270033_0->40270_32,1,0,1,0,1
40229,13,SB0832,cattle,cattle,40270033_29,40270033_7,40270033,40270033,within,76,79,87,abattage,1673,121,cattle->cattle,2013,11,b2016,219,39,51,129,40270033_7->40270033_29,40270033_7->40270033_29,40270033_7->40270033_29,40270033_7->40270033_29,40270033_7->40270033_29,40270033_7->40270033_29,1,1,1,1,1
40230,13,SB0832,cattle,cattle,40270057_3,40270057_1,40270057,40270057,within,76,78,83,abattage,1674,121,cattle->cattle,2013,7,b2016,219,39,51,129,40270057_1->40270057_3,40270057_1->40270057_3,40270057_1->40270057_3,40270057_1->40270057_3,40270057_1->40270057_3,40270057_1->40270057_3,1,1,1,1,1
40231,13,SB0832,boar,cattle,40270_33,40270058_33,40270,40270058,cattle,76,76,128,demographie,1675,121,cattle->boar,2013,52,b2016,219,39,51,129,40270058_33->40270_33,40270058_33->40270_33,NA,40270058_33->40270_33,NA,40270058_33->40270_33,1,0,1,0,1
40232,13,SB0832,badger,badger,45_d500_160_4,45_d500_160_3,45_d500_160,45_d500_160,within,76,76,82,demographie,1676,121,badger->badger,2013,6,b2016,219,39,51,129,45_d500_160_3->45_d500_160_4,45_d500_160_3->45_d500_160_4,45_d500_160_3->45_d500_160_4,NA,45_d500_160_3->45_d500_160_4,NA,1,1,0,1,0
40233,13,SB0832,badger,cattle,27_d500_146_0,40270058_33,27_d500_146,40270058,cattle,77,77,88,trapping,1696,121,cattle->badger,2013,11,b2016,219,39,51,129,40270058_33->27_d500_146_0,40270058_33->27_d500_146_0,40270058_33->27_d500_146_0,NA,40270058_33->27_d500_146_0,NA,1,1,0,1,0
40234,13,SB0832,cattle,cattle,40270057_4,40270033_18,40270057,40270033,pasture,78,80,83,abattage,1714,121,cattle->cattle,2013,5,b2016,219,39,51,129,40270033_18->40270057_4,40270033_18->40270057_4,40270033_18->40270057_4,40270033_18->40270057_4,40270033_18->40270057_4,40270033_18->40270057_4,1,1,1,1,1
40235,13,SB0832,cattle,cattle,40270057_5,40270057_0,40270057,40270057,within,78,81,85,abattage,1715,121,cattle->cattle,2013,7,b2016,219,39,51,129,40270057_0->40270057_5,40270057_0->40270057_5,40270057_0->40270057_5,40270057_0->40270057_5,40270057_0->40270057_5,40270057_0->40270057_5,1,1,1,1,1
40236,13,SB0832,boar,badger,40270_34,27_d500_140_3,40270,27_d500_140,badger,79,79,84,demographie,1727,121,badger->boar,2013,5,b2016,219,39,51,129,27_d500_140_3->40270_34,27_d500_140_3->40270_34,NA,40270033_0->40270_34,NA,40270033_0->40270_34,1,0,1,0,1
40237,13,SB0832,cattle,cattle,40270057_6,40270057_1,40270057,40270057,within,79,80,83,abattage,1735,121,cattle->cattle,2013,4,b2016,219,39,51,129,40270057_1->40270057_6,40270057_1->40270057_6,40270057_1->40270057_6,40270057_1->40270057_6,40270057_1->40270057_6,40270057_1->40270057_6,1,1,1,1,1
40238,13,SB0832,boar,cattle,40270_35,40270057_2,40270,40270057,cattle,80,80,157,NA,1749,121,cattle->boar,2013,77,b2016,219,39,51,129,40270057_2->40270_35,40270057_2->40270_35,NA,40270057_2->40270_35,NA,40270057_2->40270_35,1,0,1,0,1
40239,13,SB0832,boar,cattle,40270_36,40270033_17,40270,40270033,cattle,81,81,139,demographie,1769,121,cattle->boar,2013,58,b2016,219,39,51,129,40270033_17->40270_36,40270033_17->40270_36,NA,40270033_17->40270_36,NA,40270033_17->40270_36,1,0,1,0,1
40240,13,SB0832,cattle,cattle,40270058_39,40270033_2,40270058,40270033,pasture,81,-1,86,abattage,1770,121,cattle->cattle,2013,5,b2016,219,39,51,129,40270033_2->40270058_39,40270033_2->40270058_39,40270033_2->40270058_39,40270033_2->40270058_39,40270033_2->40270058_39,40270033_2->40270058_39,1,1,1,1,1
40241,13,SB0832,cattle,cattle,40270058_37,40270033_29,40270058,40270033,pasture,81,84,84,abattage,1771,121,cattle->cattle,2013,3,b2016,219,39,51,129,40270033_29->40270058_37,40270033_29->40270058_37,40270033_29->40270058_37,40270033_29->40270058_37,40270033_29->40270058_37,40270033_29->40270058_37,1,1,1,1,1
40242,13,SB0832,cattle,cattle,40270058_38,40270033_3,40270058,40270033,pasture,81,85,86,abattage,1772,121,cattle->cattle,2013,5,b2016,219,39,51,129,40270033_3->40270058_38,40270033_3->40270058_38,40270033_3->40270058_38,40270033_3->40270058_38,40270033_3->40270058_38,40270033_3->40270058_38,1,1,1,1,1
40243,13,SB0832,boar,cattle,40270_37,40270057_1,40270,40270057,cattle,81,81,97,demographie,1773,121,cattle->boar,2013,16,b2016,219,39,51,129,40270057_1->40270_37,40270057_1->40270_37,NA,40270057_1->40270_37,NA,40270057_1->40270_37,1,0,1,0,1
40244,13,SB0832,badger,badger,27_d500_142_4,27_d500_142_2,27_d500_142,27_d500_142,within,82,82,100,trapping,1791,121,badger->badger,2013,18,b2016,219,39,51,129,27_d500_142_2->27_d500_142_4,27_d500_142_2->27_d500_142_4,27_d500_142_2->27_d500_142_4,NA,27_d500_142_2->27_d500_142_4,NA,1,1,1,1,1
40245,13,SB0832,cattle,cattle,40270058_42,40270033_14,40270058,40270033,pasture,82,84,86,abattage,1794,121,cattle->cattle,2013,4,b2016,219,39,51,129,40270033_14->40270058_42,40270033_14->40270058_42,40270033_14->40270058_42,40270033_14->40270058_42,40270033_14->40270058_42,40270033_14->40270058_42,1,1,1,1,1
40246,13,SB0832,cattle,cattle,40270058_44,40270033_17,40270058,40270033,pasture,82,86,86,abattage,1795,121,cattle->cattle,2013,4,b2016,219,39,51,129,40270033_17->40270058_44,40270033_17->40270058_44,40270033_17->40270058_44,40270033_17->40270058_44,40270033_17->40270058_44,40270033_17->40270058_44,1,1,1,1,1
40247,13,SB0832,cattle,cattle,40270058_40,40270033_20,40270058,40270033,pasture,82,-1,84,abattage,1796,121,cattle->cattle,2013,2,b2016,219,39,51,129,40270033_20->40270058_40,40270033_20->40270058_40,40270033_20->40270058_40,40270033_20->40270058_40,40270033_20->40270058_40,40270033_20->40270058_40,1,1,1,1,1
40248,13,SB0832,cattle,cattle,40270058_43,40270033_4,40270058,40270033,pasture,82,-1,84,abattage,1797,121,cattle->cattle,2013,2,b2016,219,39,51,129,40270033_4->40270058_43,40270033_4->40270058_43,40270033_4->40270058_43,40270033_4->40270058_43,40270033_4->40270058_43,40270033_4->40270058_43,1,1,1,1,1
40249,13,SB0832,cattle,cattle,40270058_41,40270033_8,40270058,40270033,pasture,82,-1,84,abattage,1798,121,cattle->cattle,2013,2,b2016,219,39,51,129,40270033_8->40270058_41,40270033_8->40270058_41,40270033_8->40270058_41,40270033_8->40270058_41,40270033_8->40270058_41,40270033_8->40270058_41,1,1,1,1,1
40250,13,SB0832,boar,cattle,40270_38,40270057_4,40270,40270057,cattle,82,82,102,demographie,1799,121,cattle->boar,2013,20,b2016,219,39,51,129,40270057_4->40270_38,40270057_4->40270_38,NA,40270057_4->40270_38,NA,40270057_4->40270_38,1,0,1,0,1
40251,13,SB0832,cattle,cattle,40270033_31,40270033_10,40270033,40270033,within,83,86,87,abattage,1832,121,cattle->cattle,2013,4,b2016,219,39,51,129,40270033_10->40270033_31,40270033_10->40270033_31,40270033_10->40270033_31,40270033_10->40270033_31,40270033_10->40270033_31,40270033_10->40270033_31,1,1,1,1,1
40252,13,SB0832,cattle,cattle,40270033_34,40270033_12,40270033,40270033,within,83,84,87,abattage,1833,121,cattle->cattle,2013,4,b2016,219,39,51,129,40270033_12->40270033_34,40270033_12->40270033_34,40270033_12->40270033_34,40270033_12->40270033_34,40270033_12->40270033_34,40270033_12->40270033_34,1,1,1,1,1
40253,13,SB0832,cattle,cattle,40270033_36,40270033_12,40270033,40270033,within,83,87,87,abattage,1834,121,cattle->cattle,2013,4,b2016,219,39,51,129,40270033_12->40270033_36,40270033_12->40270033_36,40270033_12->40270033_36,40270033_12->40270033_36,40270033_12->40270033_36,40270033_12->40270033_36,1,1,1,1,1
40254,13,SB0832,cattle,cattle,40270033_32,40270033_15,40270033,40270033,within,83,86,87,abattage,1835,121,cattle->cattle,2013,4,b2016,219,39,51,129,40270033_15->40270033_32,40270033_15->40270033_32,40270033_15->40270033_32,40270033_15->40270033_32,40270033_15->40270033_32,40270033_15->40270033_32,1,1,1,1,1
40255,13,SB0832,cattle,cattle,40270033_35,40270033_21,40270033,40270033,within,83,-1,87,abattage,1836,121,cattle->cattle,2013,4,b2016,219,39,51,129,40270033_21->40270033_35,40270033_21->40270033_35,40270033_21->40270033_35,40270033_21->40270033_35,40270033_21->40270033_35,40270033_21->40270033_35,1,1,1,1,1
40256,13,SB0832,cattle,cattle,40270033_30,40270033_24,40270033,40270033,within,83,86,87,abattage,1837,121,cattle->cattle,2013,4,b2016,219,39,51,129,40270033_24->40270033_30,40270033_24->40270033_30,40270033_24->40270033_30,40270033_24->40270033_30,40270033_24->40270033_30,40270033_24->40270033_30,1,1,1,1,1
40257,13,SB0832,cattle,cattle,40270033_33,40270033_26,40270033,40270033,within,83,85,87,abattage,1838,121,cattle->cattle,2013,4,b2016,219,39,51,129,40270033_26->40270033_33,40270033_26->40270033_33,40270033_26->40270033_33,40270033_26->40270033_33,40270033_26->40270033_33,40270033_26->40270033_33,1,1,1,1,1
40258,13,SB0832,cattle,cattle,40270033_38,40270033_11,40270033,40270033,within,84,-1,87,abattage,1872,121,cattle->cattle,2014,3,b2016,219,39,51,129,40270033_11->40270033_38,40270033_11->40270033_38,40270033_11->40270033_38,40270033_11->40270033_38,40270033_11->40270033_38,40270033_11->40270033_38,1,1,1,1,1
40259,13,SB0832,cattle,cattle,40270033_37,40270033_13,40270033,40270033,within,84,86,87,abattage,1873,121,cattle->cattle,2014,3,b2016,219,39,51,129,40270033_13->40270033_37,40270033_13->40270033_37,40270033_13->40270033_37,40270033_13->40270033_37,40270033_13->40270033_37,40270033_13->40270033_37,1,1,1,1,1
40260,13,SB0832,cattle,cattle,40270033_41,40270033_14,40270033,40270033,within,84,-1,87,abattage,1874,121,cattle->cattle,2014,3,b2016,219,39,51,129,40270033_14->40270033_41,40270033_14->40270033_41,40270033_14->40270033_41,40270033_14->40270033_41,40270033_14->40270033_41,40270033_14->40270033_41,1,1,1,1,1
40261,13,SB0832,cattle,cattle,40270033_39,40270033_16,40270033,40270033,within,84,-1,87,abattage,1875,121,cattle->cattle,2014,3,b2016,219,39,51,129,40270033_16->40270033_39,40270033_16->40270033_39,40270033_16->40270033_39,40270033_16->40270033_39,40270033_16->40270033_39,40270033_16->40270033_39,1,1,1,1,1
40262,13,SB0832,cattle,cattle,40270033_40,40270033_26,40270033,40270033,within,84,-1,87,abattage,1876,121,cattle->cattle,2014,3,b2016,219,39,51,129,40270033_26->40270033_40,40270033_26->40270033_40,40270033_26->40270033_40,40270033_26->40270033_40,40270033_26->40270033_40,40270033_26->40270033_40,1,1,1,1,1
40263,13,SB0832,cattle,cattle,40270033_43,40270033_15,40270033,40270033,within,85,-1,87,abattage,1895,121,cattle->cattle,2014,2,b2016,219,39,51,129,40270033_15->40270033_43,40270033_15->40270033_43,40270033_15->40270033_43,40270033_15->40270033_43,40270033_15->40270033_43,40270033_15->40270033_43,1,1,1,1,1
40264,13,SB0832,cattle,cattle,40270033_42,40270033_27,40270033,40270033,within,85,-1,87,abattage,1896,121,cattle->cattle,2014,2,b2016,219,39,51,129,40270033_27->40270033_42,40270033_27->40270033_42,40270033_27->40270033_42,40270033_27->40270033_42,40270033_27->40270033_42,40270033_27->40270033_42,1,1,1,1,1
40265,13,SB0832,cattle,cattle,40270033_46,40270033_29,40270033,40270033,within,85,-1,87,demographie,1897,121,cattle->cattle,2014,2,b2016,219,39,51,129,40270033_29->40270033_46,40270033_29->40270033_46,40270033_29->40270033_46,40270033_29->40270033_46,40270033_29->40270033_46,40270033_29->40270033_46,1,1,1,1,1
40266,13,SB0832,cattle,cattle,40270033_45,40270033_34,40270033,40270033,within,85,86,87,abattage,1898,121,cattle->cattle,2014,2,b2016,219,39,51,129,40270033_34->40270033_45,40270033_34->40270033_45,40270033_34->40270033_45,40270033_34->40270033_45,40270033_34->40270033_45,40270033_34->40270033_45,1,1,1,1,1
40267,13,SB0832,cattle,cattle,40270033_44,40270033_8,40270033,40270033,within,85,85,87,abattage,1899,121,cattle->cattle,2014,2,b2016,219,39,51,129,40270033_8->40270033_44,40270033_8->40270033_44,40270033_8->40270033_44,40270033_8->40270033_44,40270033_8->40270033_44,40270033_8->40270033_44,1,1,1,1,1
40268,13,SB0832,cattle,cattle,40270057_7,40270057_5,40270057,40270057,within,85,-1,85,abattage,1900,121,cattle->cattle,2014,0,b2016,219,39,51,129,40270057_5->40270057_7,40270057_5->40270057_7,40270057_5->40270057_7,40270057_5->40270057_7,40270057_5->40270057_7,40270057_5->40270057_7,1,1,1,1,1
40269,13,SB0832,cattle,cattle,40270033_49,40270033_16,40270033,40270033,within,86,-1,87,abattage,1943,121,cattle->cattle,2014,1,b2016,219,39,51,129,40270033_16->40270033_49,40270033_16->40270033_49,40270033_16->40270033_49,40270033_16->40270033_49,40270033_16->40270033_49,40270033_16->40270033_49,1,1,1,1,1
40270,13,SB0832,cattle,cattle,40270033_48,40270033_28,40270033,40270033,within,86,87,87,abattage,1944,121,cattle->cattle,2014,1,b2016,219,39,51,129,40270033_28->40270033_48,40270033_28->40270033_48,40270033_28->40270033_48,40270033_28->40270033_48,40270033_28->40270033_48,40270033_28->40270033_48,1,1,1,1,1
40271,13,SB0832,cattle,cattle,40270033_51,40270033_29,40270033,40270033,within,86,-1,87,abattage,1945,121,cattle->cattle,2014,1,b2016,219,39,51,129,40270033_29->40270033_51,40270033_29->40270033_51,40270033_29->40270033_51,40270033_29->40270033_51,40270033_29->40270033_51,40270033_29->40270033_51,1,1,1,1,1
40272,13,SB0832,cattle,cattle,40270033_47,40270033_33,40270033,40270033,within,86,87,87,abattage,1946,121,cattle->cattle,2014,1,b2016,219,39,51,129,40270033_33->40270033_47,40270033_33->40270033_47,40270033_33->40270033_47,40270033_33->40270033_47,40270033_33->40270033_47,40270033_33->40270033_47,1,1,1,1,1
40273,13,SB0832,cattle,cattle,40270033_50,40270033_8,40270033,40270033,within,86,-1,87,abattage,1947,121,cattle->cattle,2014,1,b2016,219,39,51,129,40270033_8->40270033_50,40270033_8->40270033_50,40270033_8->40270033_50,40270033_8->40270033_50,40270033_8->40270033_50,40270033_8->40270033_50,1,1,1,1,1
40274,13,SB0832,cattle,badger,40270026_0,27_d500_102_0,40270026,27_d500_102,badger,87,89,96,abattage,1967,121,badger->cattle,2014,9,b2016,219,39,51,129,27_d500_102_0->40270026_0,27_d500_102_0->40270026_0,27_d500_102_0->40270026_0,40270033_0->40270026_0,27_d500_102_0->40270026_0,40270033_0->40270026_0,1,1,1,1,1
40275,13,SB0832,cattle,cattle,40196039_0,40270026_0,40196039,40270026,pasture,91,98,109,abattage,2058,121,cattle->cattle,2014,18,b2016,219,39,51,129,40270026_0->40196039_0,40270026_0->40196039_0,40270026_0->40196039_0,40270026_0->40196039_0,40270026_0->40196039_0,40270026_0->40196039_0,1,1,1,1,1
40276,13,SB0832,boar,badger,40270_39,27_d500_149_3,40270,27_d500_149,badger,93,93,104,demographie,2101,121,badger->boar,2014,11,b2016,219,39,51,129,27_d500_149_3->40270_39,27_d500_149_3->40270_39,NA,40270058_5->40270_39,NA,40270058_5->40270_39,1,0,1,0,1
40277,13,SB0832,cattle,cattle,40196039_1,40270026_0,40196039,40270026,pasture,93,100,109,abattage,2110,121,cattle->cattle,2014,16,b2016,219,39,51,129,40270026_0->40196039_1,40270026_0->40196039_1,40270026_0->40196039_1,40270026_0->40196039_1,40270026_0->40196039_1,40270026_0->40196039_1,1,1,1,1,1
40278,13,SB0832,boar,cattle,40270_40,40270026_0,40270,40270026,cattle,97,97,111,demographie,2216,121,cattle->boar,2015,14,b2016,219,39,51,129,40270026_0->40270_40,40270026_0->40270_40,NA,40270026_0->40270_40,NA,40270026_0->40270_40,1,0,1,0,1
40279,13,SB0832,boar,cattle,40270_41,40270026_0,40270,40270026,cattle,97,97,106,demographie,2217,121,cattle->boar,2015,9,b2016,219,39,51,129,40270026_0->40270_41,40270026_0->40270_41,NA,40270026_0->40270_41,NA,40270026_0->40270_41,1,0,1,0,1
40280,13,SB0832,boar,cattle,40270_42,40270026_0,40270,40270026,cattle,97,97,118,demographie,2218,121,cattle->boar,2015,21,b2016,219,39,51,129,40270026_0->40270_42,40270026_0->40270_42,NA,40270026_0->40270_42,NA,40270026_0->40270_42,1,0,1,0,1
40281,13,SB0832,boar,badger,40270_43,27_d500_142_4,40270,27_d500_142,badger,99,99,114,demographie,2260,121,badger->boar,2015,15,b2016,219,39,51,129,27_d500_142_4->40270_43,27_d500_142_4->40270_43,NA,40270033_0->40270_43,NA,40270033_0->40270_43,1,0,1,0,1
40282,13,SB0832,boar,cattle,40196_1,40196039_0,40196,40196039,cattle,99,99,119,demographie,2262,121,cattle->boar,2015,20,b2016,219,39,51,129,40196039_0->40196_1,40196039_0->40196_1,NA,40196039_0->40196_1,NA,40196039_0->40196_1,1,0,1,0,1
40283,13,SB0832,boar,cattle,40196_2,40196039_0,40196,40196039,cattle,100,100,106,demographie,2277,121,cattle->boar,2015,6,b2016,219,39,51,129,40196039_0->40196_2,40196039_0->40196_2,NA,40196039_0->40196_2,NA,40196039_0->40196_2,1,0,1,0,1
40284,13,SB0832,cattle,badger,40270067_0,27_d500_149_3,40270067,27_d500_149,badger,102,106,110,abattage,2296,121,badger->cattle,2015,8,b2016,219,39,51,129,27_d500_149_3->40270067_0,27_d500_149_3->40270067_0,27_d500_149_3->40270067_0,40270058_5->40270067_0,27_d500_149_3->40270067_0,40270058_5->40270067_0,1,1,1,1,1
40285,13,SB0832,boar,badger,40270_46,27_d500_141_0,40270,27_d500_141,badger,103,103,107,demographie,2310,121,badger->boar,2015,4,b2016,219,39,51,129,27_d500_141_0->40270_46,27_d500_141_0->40270_46,NA,40270033_0->40270_46,NA,40270033_0->40270_46,1,0,1,0,1
40286,13,SB0832,boar,cattle,40196_3,40196039_0,40196,40196039,cattle,104,104,127,demographie,2327,121,cattle->boar,2015,23,b2016,219,39,51,129,40196039_0->40196_3,40196039_0->40196_3,NA,40196039_0->40196_3,NA,40196039_0->40196_3,1,0,1,0,1
40287,13,SB0832,cattle,cattle,40196039_5,40196039_1,40196039,40196039,within,108,-1,113,abattage,2372,121,cattle->cattle,2016,5,s2016,219,39,51,129,40196039_1->40196039_5,40196039_1->40196039_5,40196039_1->40196039_5,40196039_1->40196039_5,40196039_1->40196039_5,40196039_1->40196039_5,1,1,1,1,1
40288,13,SB0832,cattle,cattle,40196039_7,40196039_1,40196039,40196039,within,108,-1,109,abattage,2373,121,cattle->cattle,2016,1,s2016,219,39,51,129,40196039_1->40196039_7,40196039_1->40196039_7,40196039_1->40196039_7,40196039_1->40196039_7,40196039_1->40196039_7,40196039_1->40196039_7,1,1,1,1,1
40289,13,SB0832,cattle,cattle,40196039_9,40196039_0,40196039,40196039,within,109,-1,113,abattage,2390,121,cattle->cattle,2016,4,s2016,219,39,51,129,40196039_0->40196039_9,40196039_0->40196039_9,40196039_0->40196039_9,40196039_0->40196039_9,40196039_0->40196039_9,40196039_0->40196039_9,1,1,1,1,1
40290,13,SB0832,boar,cattle,40196_4,40196039_0,40196,40196039,cattle,109,109,113,demographie,2391,121,cattle->boar,2016,4,s2016,219,39,51,129,40196039_0->40196_4,40196039_0->40196_4,NA,40196039_0->40196_4,NA,40196039_0->40196_4,1,0,1,0,1
40291,13,SB0832,cattle,cattle,40196039_8,40196039_1,40196039,40196039,within,109,-1,109,abattage,2392,121,cattle->cattle,2016,0,s2016,219,39,51,129,40196039_1->40196039_8,40196039_1->40196039_8,40196039_1->40196039_8,40196039_1->40196039_8,40196039_1->40196039_8,40196039_1->40196039_8,1,1,1,1,1
40292,13,SB0832,cattle,cattle,40270067_1,40270067_0,40270067,40270067,within,109,-1,110,abattage,2394,121,cattle->cattle,2016,1,s2016,219,39,51,129,40270067_0->40270067_1,40270067_0->40270067_1,40270067_0->40270067_1,40270067_0->40270067_1,40270067_0->40270067_1,40270067_0->40270067_1,1,1,1,1,1
40293,13,SB0832,cattle,cattle,40270067_2,40270067_0,40270067,40270067,within,109,-1,112,abattage,2395,121,cattle->cattle,2016,3,s2016,219,39,51,129,40270067_0->40270067_2,40270067_0->40270067_2,40270067_0->40270067_2,40270067_0->40270067_2,40270067_0->40270067_2,40270067_0->40270067_2,1,1,1,1,1
40294,13,SB0832,cattle,cattle,40270067_3,40270067_0,40270067,40270067,within,109,110,110,abattage,2396,121,cattle->cattle,2016,1,s2016,219,39,51,129,40270067_0->40270067_3,40270067_0->40270067_3,40270067_0->40270067_3,40270067_0->40270067_3,40270067_0->40270067_3,40270067_0->40270067_3,1,1,1,1,1
40295,13,SB0832,cattle,badger,64420012_0,45_d500_160_3,64420012,45_d500_160,badger,124,127,133,abattage,2567,121,badger->cattle,2017,9,s2016,219,39,51,129,45_d500_160_3->64420012_0,45_d500_160_3->64420012_0,45_d500_160_3->64420012_0,64420015_4->64420012_0,45_d500_160_3->64420012_0,64420015_4->64420012_0,1,1,1,1,1
40296,13,SB0832,cattle,cattle,64420012_1,64420012_0,64420012,64420012,within,131,-1,135,abattage,2631,121,cattle->cattle,2017,4,s2016,219,39,51,129,64420012_0->64420012_1,64420012_0->64420012_1,64420012_0->64420012_1,64420012_0->64420012_1,64420012_0->64420012_1,64420012_0->64420012_1,1,1,1,1,1
40297,13,SB0832,boar,badger,40270_47,27_d500_141_0,40270,27_d500_141,badger,132,132,145,demographie,2634,121,badger->boar,2018,13,s2016,219,39,51,129,27_d500_141_0->40270_47,27_d500_141_0->40270_47,NA,40270033_0->40270_47,NA,40270033_0->40270_47,1,0,1,0,1
40298,13,SB0832,cattle,badger,40286018_0,27_d500_142_1,40286018,27_d500_144,badger,141,-1,145,abattage,2695,121,badger->cattle,2018,4,s2016,219,39,51,129,27_d500_142_1->40286018_0,27_d500_142_1->40286018_0,27_d500_142_1->40286018_0,40270033_0->40286018_0,27_d500_142_1->40286018_0,40270033_0->40286018_0,1,1,1,1,1
40299,13,SB0832,boar,badger,40270_48,27_d500_142_1,40270,27_d500_144,badger,149,149,157,NA,2747,121,badger->boar,2019,8,s2016,219,39,51,129,27_d500_142_1->40270_48,27_d500_142_1->40270_48,NA,40270033_0->40270_48,NA,40270033_0->40270_48,1,0,1,0,1
