X1,root,type,sp_infected,sp_infector,infected,infector,pop_infected,pop_infector,modeinfection,tinfection,tinfective,tremoved,moderemoval,index,sim,transmission,year,period_inf,surv,nb_lineages,badger,boar,cattle,trans_1,trans_2,trans_3,trans_4,trans_5,trans_6
65636,13,SB0832,cattle,NA,64420015_0,NA,64420015,NA,initialisation,0,7,39,abattage,13,342,NA->cattle,2007,39,b2012,280,35,20,225,NA,NA,NA,NA,NA,NA
65637,13,SB0832,badger,cattle,45_d500_160_0,64420015_0,45_d500_160,64420015,cattle,8,8,79,demographie,54,342,cattle->badger,2007,71,b2012,280,35,20,225,64420015_0->45_d500_160_0,64420015_0->45_d500_160_0,64420015_0->45_d500_160_0,NA,64420015_0->45_d500_160_0,NA
65638,13,SB0832,badger,cattle,45_d500_157_858_0,64420015_0,45_d500_157_858,64420015,cattle,9,9,79,demographie,65,342,cattle->badger,2007,70,b2012,280,35,20,225,64420015_0->45_d500_157_858_0,64420015_0->45_d500_157_858_0,64420015_0->45_d500_157_858_0,NA,64420015_0->45_d500_157_858_0,NA
65639,13,SB0832,cattle,cattle,64420015_1,64420015_0,64420015,64420015,within,11,13,37,abattage,84,342,cattle->cattle,2007,26,b2012,280,35,20,225,64420015_0->64420015_1,64420015_0->64420015_1,64420015_0->64420015_1,64420015_0->64420015_1,64420015_0->64420015_1,64420015_0->64420015_1
65640,13,SB0832,badger,cattle,45_d500_156_0,64420015_0,45_d500_156,64420015,cattle,17,17,157,NA,147,342,cattle->badger,2008,140,b2012,280,35,20,225,64420015_0->45_d500_156_0,64420015_0->45_d500_156_0,64420015_0->45_d500_156_0,NA,64420015_0->45_d500_156_0,NA
65641,13,SB0832,badger,cattle,45_d500_160_1,64420015_1,45_d500_160,64420015,cattle,18,18,100,trapping,159,342,cattle->badger,2008,82,b2012,280,35,20,225,64420015_1->45_d500_160_1,64420015_1->45_d500_160_1,64420015_1->45_d500_160_1,NA,64420015_1->45_d500_160_1,NA
65642,13,SB0832,cattle,cattle,64420044_0,64420015_1,64420044,64420015,pasture,20,28,56,abattage,197,342,cattle->cattle,2008,36,b2012,280,35,20,225,64420015_1->64420044_0,64420015_1->64420044_0,64420015_1->64420044_0,64420015_1->64420044_0,64420015_1->64420044_0,64420015_1->64420044_0
65643,13,SB0832,cattle,cattle,64420015_2,64420015_1,64420015,64420015,within,23,29,37,abattage,242,342,cattle->cattle,2008,14,b2012,280,35,20,225,64420015_1->64420015_2,64420015_1->64420015_2,64420015_1->64420015_2,64420015_1->64420015_2,64420015_1->64420015_2,64420015_1->64420015_2
65644,13,SB0832,cattle,cattle,64420015_3,64420015_0,64420015,64420015,within,24,32,37,abattage,257,342,cattle->cattle,2009,13,b2012,280,35,20,225,64420015_0->64420015_3,64420015_0->64420015_3,64420015_0->64420015_3,64420015_0->64420015_3,64420015_0->64420015_3,64420015_0->64420015_3
65645,13,SB0832,cattle,cattle,64420015_4,64420015_0,64420015,64420015,within,24,30,37,abattage,258,342,cattle->cattle,2009,13,b2012,280,35,20,225,64420015_0->64420015_4,64420015_0->64420015_4,64420015_0->64420015_4,64420015_0->64420015_4,64420015_0->64420015_4,64420015_0->64420015_4
65646,13,SB0832,cattle,cattle,64420015_5,64420015_1,64420015,64420015,within,25,29,39,abattage,270,342,cattle->cattle,2009,14,b2012,280,35,20,225,64420015_1->64420015_5,64420015_1->64420015_5,64420015_1->64420015_5,64420015_1->64420015_5,64420015_1->64420015_5,64420015_1->64420015_5
65647,13,SB0832,cattle,cattle,64420015_6,64420015_1,64420015,64420015,within,25,26,39,abattage,271,342,cattle->cattle,2009,14,b2012,280,35,20,225,64420015_1->64420015_6,64420015_1->64420015_6,64420015_1->64420015_6,64420015_1->64420015_6,64420015_1->64420015_6,64420015_1->64420015_6
65648,13,SB0832,badger,cattle,45_d500_157_858_1,64420015_6,45_d500_157_858,64420015,cattle,27,27,88,trapping,296,342,cattle->badger,2009,61,b2012,280,35,20,225,64420015_6->45_d500_157_858_1,64420015_6->45_d500_157_858_1,64420015_6->45_d500_157_858_1,NA,64420015_6->45_d500_157_858_1,NA
65649,13,SB0832,cattle,cattle,64420044_1,64420015_6,64420044,64420015,pasture,28,29,56,abattage,308,342,cattle->cattle,2009,28,b2012,280,35,20,225,64420015_6->64420044_1,64420015_6->64420044_1,64420015_6->64420044_1,64420015_6->64420044_1,64420015_6->64420044_1,64420015_6->64420044_1
65650,13,SB0832,cattle,cattle,64420015_8,64420015_0,64420015,64420015,within,30,37,37,abattage,329,342,cattle->cattle,2009,7,b2012,280,35,20,225,64420015_0->64420015_8,64420015_0->64420015_8,64420015_0->64420015_8,64420015_0->64420015_8,64420015_0->64420015_8,64420015_0->64420015_8
65651,13,SB0832,cattle,cattle,64420015_7,64420015_2,64420015,64420015,within,30,39,39,abattage,330,342,cattle->cattle,2009,9,b2012,280,35,20,225,64420015_2->64420015_7,64420015_2->64420015_7,64420015_2->64420015_7,64420015_2->64420015_7,64420015_2->64420015_7,64420015_2->64420015_7
65652,13,SB0832,badger,cattle,45_d500_160_2,64420044_0,45_d500_160,64420044,cattle,31,31,42,demographie,341,342,cattle->badger,2009,11,b2012,280,35,20,225,64420044_0->45_d500_160_2,NA,64420044_0->45_d500_160_2,NA,NA,NA
65653,13,SB0832,badger,cattle,45_d500_160_3,64420044_1,45_d500_160,64420044,cattle,31,31,157,NA,342,342,cattle->badger,2009,126,b2012,280,35,20,225,64420044_1->45_d500_160_3,64420044_1->45_d500_160_3,64420044_1->45_d500_160_3,NA,64420044_1->45_d500_160_3,NA
65654,13,SB0832,badger,cattle,45_d500_152_0,64420044_0,45_d500_152,64420044,cattle,33,33,89,demographie,365,342,cattle->badger,2009,56,b2012,280,35,20,225,64420044_0->45_d500_152_0,64420044_0->45_d500_152_0,64420044_0->45_d500_152_0,NA,64420044_0->45_d500_152_0,NA
65655,13,SB0832,cattle,cattle,64420044_2,64420015_4,64420044,64420015,pasture,34,35,56,abattage,370,342,cattle->cattle,2009,22,b2012,280,35,20,225,64420015_4->64420044_2,64420015_4->64420044_2,64420015_4->64420044_2,64420015_4->64420044_2,64420015_4->64420044_2,64420015_4->64420044_2
65656,13,SB0832,cattle,cattle,64420015_10,64420015_0,64420015,64420015,within,35,-1,37,abattage,386,342,cattle->cattle,2009,2,b2012,280,35,20,225,64420015_0->64420015_10,64420015_0->64420015_10,64420015_0->64420015_10,64420015_0->64420015_10,64420015_0->64420015_10,64420015_0->64420015_10
65657,13,SB0832,cattle,cattle,64420015_12,64420015_2,64420015,64420015,within,35,-1,39,abattage,387,342,cattle->cattle,2009,4,b2012,280,35,20,225,64420015_2->64420015_12,64420015_2->64420015_12,64420015_2->64420015_12,64420015_2->64420015_12,64420015_2->64420015_12,64420015_2->64420015_12
65658,13,SB0832,cattle,cattle,64420015_9,64420015_6,64420015,64420015,within,35,39,39,abattage,388,342,cattle->cattle,2009,4,b2012,280,35,20,225,64420015_6->64420015_9,64420015_6->64420015_9,64420015_6->64420015_9,64420015_6->64420015_9,64420015_6->64420015_9,64420015_6->64420015_9
65659,13,SB0832,cattle,cattle,64420015_11,64420015_6,64420015,64420015,within,35,35,37,abattage,389,342,cattle->cattle,2009,2,b2012,280,35,20,225,64420015_6->64420015_11,64420015_6->64420015_11,64420015_6->64420015_11,64420015_6->64420015_11,64420015_6->64420015_11,64420015_6->64420015_11
65660,13,SB0832,cattle,cattle,64420015_15,64420015_11,64420015,64420015,within,36,-1,37,abattage,405,342,cattle->cattle,2010,1,b2012,280,35,20,225,64420015_11->64420015_15,64420015_11->64420015_15,64420015_11->64420015_15,64420015_11->64420015_15,64420015_11->64420015_15,64420015_11->64420015_15
65661,13,SB0832,cattle,cattle,64420015_14,64420015_4,64420015,64420015,within,36,-1,39,abattage,406,342,cattle->cattle,2010,3,b2012,280,35,20,225,64420015_4->64420015_14,64420015_4->64420015_14,64420015_4->64420015_14,64420015_4->64420015_14,64420015_4->64420015_14,64420015_4->64420015_14
65662,13,SB0832,cattle,cattle,64420015_13,64420015_5,64420015,64420015,within,36,-1,39,abattage,407,342,cattle->cattle,2010,3,b2012,280,35,20,225,64420015_5->64420015_13,64420015_5->64420015_13,64420015_5->64420015_13,64420015_5->64420015_13,64420015_5->64420015_13,64420015_5->64420015_13
65663,13,SB0832,cattle,cattle,64420015_16,64420015_6,64420015,64420015,within,36,-1,37,demographie,408,342,cattle->cattle,2010,1,b2012,280,35,20,225,64420015_6->64420015_16,64420015_6->64420015_16,64420015_6->64420015_16,64420015_6->64420015_16,64420015_6->64420015_16,64420015_6->64420015_16
65664,13,SB0832,cattle,cattle,64420015_18,64420015_11,64420015,64420015,within,37,38,39,abattage,423,342,cattle->cattle,2010,2,b2012,280,35,20,225,64420015_11->64420015_18,64420015_11->64420015_18,64420015_11->64420015_18,64420015_11->64420015_18,64420015_11->64420015_18,64420015_11->64420015_18
65665,13,SB0832,cattle,cattle,64420015_19,64420015_5,64420015,64420015,within,37,-1,37,abattage,424,342,cattle->cattle,2010,0,b2012,280,35,20,225,64420015_5->64420015_19,64420015_5->64420015_19,64420015_5->64420015_19,64420015_5->64420015_19,64420015_5->64420015_19,64420015_5->64420015_19
65666,13,SB0832,cattle,cattle,64420015_17,64420015_6,64420015,64420015,within,37,-1,37,abattage,425,342,cattle->cattle,2010,0,b2012,280,35,20,225,64420015_6->64420015_17,64420015_6->64420015_17,64420015_6->64420015_17,64420015_6->64420015_17,64420015_6->64420015_17,64420015_6->64420015_17
65667,13,SB0832,cattle,cattle,64420044_3,64420044_1,64420044,64420044,within,37,38,56,abattage,426,342,cattle->cattle,2010,19,b2012,280,35,20,225,64420044_1->64420044_3,64420044_1->64420044_3,64420044_1->64420044_3,64420044_1->64420044_3,64420044_1->64420044_3,64420044_1->64420044_3
65668,13,SB0832,cattle,cattle,64420015_20,64420015_5,64420015,64420015,within,38,39,39,abattage,433,342,cattle->cattle,2010,1,b2012,280,35,20,225,64420015_5->64420015_20,64420015_5->64420015_20,64420015_5->64420015_20,64420015_5->64420015_20,64420015_5->64420015_20,64420015_5->64420015_20
65669,13,SB0832,cattle,cattle,64420015_21,64420015_6,64420015,64420015,within,38,-1,39,abattage,434,342,cattle->cattle,2010,1,b2012,280,35,20,225,64420015_6->64420015_21,64420015_6->64420015_21,64420015_6->64420015_21,64420015_6->64420015_21,64420015_6->64420015_21,64420015_6->64420015_21
65670,13,SB0832,cattle,cattle,64420044_4,64420044_1,64420044,64420044,within,38,55,56,abattage,435,342,cattle->cattle,2010,18,b2012,280,35,20,225,64420044_1->64420044_4,64420044_1->64420044_4,64420044_1->64420044_4,64420044_1->64420044_4,64420044_1->64420044_4,64420044_1->64420044_4
65671,13,SB0832,badger,cattle,45_d500_163_0,64420044_1,45_d500_163,64420044,cattle,40,40,92,trapping,452,342,cattle->badger,2010,52,b2012,280,35,20,225,64420044_1->45_d500_163_0,64420044_1->45_d500_163_0,64420044_1->45_d500_163_0,NA,64420044_1->45_d500_163_0,NA
65672,13,SB0832,cattle,cattle,64420007_0,64420044_0,64420007,64420044,pasture,41,45,66,abattage,460,342,cattle->cattle,2010,25,b2012,280,35,20,225,64420044_0->64420007_0,64420044_0->64420007_0,64420044_0->64420007_0,64420044_0->64420007_0,64420044_0->64420007_0,64420044_0->64420007_0
65673,13,SB0832,cattle,cattle,64420044_5,64420044_0,64420044,64420044,within,41,43,56,abattage,461,342,cattle->cattle,2010,15,b2012,280,35,20,225,64420044_0->64420044_5,64420044_0->64420044_5,64420044_0->64420044_5,64420044_0->64420044_5,64420044_0->64420044_5,64420044_0->64420044_5
65674,13,SB0832,cattle,cattle,64420044_6,64420044_0,64420044,64420044,within,43,52,56,abattage,488,342,cattle->cattle,2010,13,b2012,280,35,20,225,64420044_0->64420044_6,64420044_0->64420044_6,64420044_0->64420044_6,64420044_0->64420044_6,64420044_0->64420044_6,64420044_0->64420044_6
65675,13,SB0832,cattle,badger,64359189_0,45_d500_157_858_1,64359189,45_d500_157_858,badger,46,58,74,abattage,505,342,badger->cattle,2010,28,b2012,280,35,20,225,45_d500_157_858_1->64359189_0,45_d500_157_858_1->64359189_0,45_d500_157_858_1->64359189_0,64420015_6->64359189_0,45_d500_157_858_1->64359189_0,64420015_6->64359189_0
65676,13,SB0832,cattle,cattle,64420007_1,64420007_0,64420007,64420007,within,46,48,66,abattage,515,342,cattle->cattle,2010,20,b2012,280,35,20,225,64420007_0->64420007_1,64420007_0->64420007_1,64420007_0->64420007_1,64420007_0->64420007_1,64420007_0->64420007_1,64420007_0->64420007_1
65677,13,SB0832,badger,badger,45_d500_157_858_2,45_d500_157_858_0,45_d500_157_858,45_d500_157_858,within,47,47,63,demographie,525,342,badger->badger,2010,16,b2012,280,35,20,225,45_d500_157_858_0->45_d500_157_858_2,45_d500_157_858_0->45_d500_157_858_2,45_d500_157_858_0->45_d500_157_858_2,NA,45_d500_157_858_0->45_d500_157_858_2,NA
65678,13,SB0832,cattle,cattle,64420044_7,64420044_1,64420044,64420044,within,47,56,56,abattage,528,342,cattle->cattle,2010,9,b2012,280,35,20,225,64420044_1->64420044_7,64420044_1->64420044_7,64420044_1->64420044_7,64420044_1->64420044_7,64420044_1->64420044_7,64420044_1->64420044_7
65679,13,SB0832,cattle,cattle,64420044_8,64420044_2,64420044,64420044,within,47,53,56,abattage,529,342,cattle->cattle,2010,9,b2012,280,35,20,225,64420044_2->64420044_8,64420044_2->64420044_8,64420044_2->64420044_8,64420044_2->64420044_8,64420044_2->64420044_8,64420044_2->64420044_8
65680,13,SB0832,badger,badger,45_d500_152_1,45_d500_152_0,45_d500_152,45_d500_152,within,48,48,79,trapping,536,342,badger->badger,2011,31,b2012,280,35,20,225,45_d500_152_0->45_d500_152_1,45_d500_152_0->45_d500_152_1,45_d500_152_0->45_d500_152_1,NA,45_d500_152_0->45_d500_152_1,NA
65681,13,SB0832,cattle,cattle,64420044_9,64420044_1,64420044,64420044,within,48,50,55,demographie,541,342,cattle->cattle,2011,7,b2012,280,35,20,225,64420044_1->64420044_9,64420044_1->64420044_9,64420044_1->64420044_9,64420044_1->64420044_9,64420044_1->64420044_9,64420044_1->64420044_9
65682,13,SB0832,cattle,cattle,64420044_10,64420044_1,64420044,64420044,within,48,53,56,abattage,542,342,cattle->cattle,2011,8,b2012,280,35,20,225,64420044_1->64420044_10,64420044_1->64420044_10,64420044_1->64420044_10,64420044_1->64420044_10,64420044_1->64420044_10,64420044_1->64420044_10
65683,13,SB0832,cattle,cattle,64420044_11,64420044_5,64420044,64420044,within,48,51,56,abattage,543,342,cattle->cattle,2011,8,b2012,280,35,20,225,64420044_5->64420044_11,64420044_5->64420044_11,64420044_5->64420044_11,64420044_5->64420044_11,64420044_5->64420044_11,64420044_5->64420044_11
65684,13,SB0832,cattle,cattle,64420044_16,64420044_0,64420044,64420044,within,49,51,56,abattage,562,342,cattle->cattle,2011,7,b2012,280,35,20,225,64420044_0->64420044_16,64420044_0->64420044_16,64420044_0->64420044_16,64420044_0->64420044_16,64420044_0->64420044_16,64420044_0->64420044_16
65685,13,SB0832,cattle,cattle,64420044_14,64420044_1,64420044,64420044,within,49,50,56,abattage,563,342,cattle->cattle,2011,7,b2012,280,35,20,225,64420044_1->64420044_14,64420044_1->64420044_14,64420044_1->64420044_14,64420044_1->64420044_14,64420044_1->64420044_14,64420044_1->64420044_14
65686,13,SB0832,cattle,cattle,64420044_13,64420044_2,64420044,64420044,within,49,-1,56,abattage,564,342,cattle->cattle,2011,7,b2012,280,35,20,225,64420044_2->64420044_13,64420044_2->64420044_13,64420044_2->64420044_13,64420044_2->64420044_13,64420044_2->64420044_13,64420044_2->64420044_13
65687,13,SB0832,cattle,cattle,64420044_15,64420044_2,64420044,64420044,within,49,-1,56,abattage,565,342,cattle->cattle,2011,7,b2012,280,35,20,225,64420044_2->64420044_15,64420044_2->64420044_15,64420044_2->64420044_15,64420044_2->64420044_15,64420044_2->64420044_15,64420044_2->64420044_15
65688,13,SB0832,cattle,cattle,64420044_12,64420044_5,64420044,64420044,within,49,-1,56,abattage,566,342,cattle->cattle,2011,7,b2012,280,35,20,225,64420044_5->64420044_12,64420044_5->64420044_12,64420044_5->64420044_12,64420044_5->64420044_12,64420044_5->64420044_12,64420044_5->64420044_12
65689,13,SB0832,cattle,cattle,64420007_2,64420007_1,64420007,64420007,within,50,51,65,demographie,580,342,cattle->cattle,2011,15,b2012,280,35,20,225,64420007_1->64420007_2,64420007_1->64420007_2,64420007_1->64420007_2,64420007_1->64420007_2,64420007_1->64420007_2,64420007_1->64420007_2
65690,13,SB0832,cattle,cattle,64420044_18,64420044_0,64420044,64420044,within,50,50,56,abattage,581,342,cattle->cattle,2011,6,b2012,280,35,20,225,64420044_0->64420044_18,64420044_0->64420044_18,64420044_0->64420044_18,64420044_0->64420044_18,64420044_0->64420044_18,64420044_0->64420044_18
65691,13,SB0832,cattle,cattle,64420044_19,64420044_14,64420044,64420044,within,50,51,56,abattage,582,342,cattle->cattle,2011,6,b2012,280,35,20,225,64420044_14->64420044_19,64420044_14->64420044_19,64420044_14->64420044_19,64420044_14->64420044_19,64420044_14->64420044_19,64420044_14->64420044_19
65692,13,SB0832,cattle,cattle,64420044_17,64420044_2,64420044,64420044,within,50,51,56,abattage,583,342,cattle->cattle,2011,6,b2012,280,35,20,225,64420044_2->64420044_17,64420044_2->64420044_17,64420044_2->64420044_17,64420044_2->64420044_17,64420044_2->64420044_17,64420044_2->64420044_17
65693,13,SB0832,badger,badger,45_d500_152_2,45_d500_152_1,45_d500_152,45_d500_152,within,52,52,59,demographie,600,342,badger->badger,2011,7,b2012,280,35,20,225,45_d500_152_1->45_d500_152_2,NA,45_d500_152_1->45_d500_152_2,NA,NA,NA
65694,13,SB0832,cattle,cattle,64420044_20,64420007_1,64420044,64420007,pasture,53,54,56,abattage,642,342,cattle->cattle,2011,3,b2012,280,35,20,225,64420007_1->64420044_20,64420007_1->64420044_20,64420007_1->64420044_20,64420007_1->64420044_20,64420007_1->64420044_20,64420007_1->64420044_20
65695,13,SB0832,cattle,cattle,64420044_21,64420044_8,64420044,64420044,within,53,55,56,abattage,643,342,cattle->cattle,2011,3,b2012,280,35,20,225,64420044_8->64420044_21,64420044_8->64420044_21,64420044_8->64420044_21,64420044_8->64420044_21,64420044_8->64420044_21,64420044_8->64420044_21
65696,13,SB0832,cattle,cattle,64420007_3,64420007_0,64420007,64420007,within,54,57,66,abattage,652,342,cattle->cattle,2011,12,b2012,280,35,20,225,64420007_0->64420007_3,64420007_0->64420007_3,64420007_0->64420007_3,64420007_0->64420007_3,64420007_0->64420007_3,64420007_0->64420007_3
65697,13,SB0832,cattle,cattle,64420044_22,64420007_0,64420044,64420007,pasture,54,-1,56,abattage,653,342,cattle->cattle,2011,2,b2012,280,35,20,225,64420007_0->64420044_22,64420007_0->64420044_22,64420007_0->64420044_22,64420007_0->64420044_22,64420007_0->64420044_22,64420007_0->64420044_22
65698,13,SB0832,badger,cattle,45_d500_160_4,64420044_1,45_d500_160,64420044,cattle,54,54,66,demographie,654,342,cattle->badger,2011,12,b2012,280,35,20,225,64420044_1->45_d500_160_4,64420044_1->45_d500_160_4,64420044_1->45_d500_160_4,NA,64420044_1->45_d500_160_4,NA
65699,13,SB0832,cattle,cattle,64420044_23,64420044_19,64420044,64420044,within,54,-1,56,abattage,655,342,cattle->cattle,2011,2,b2012,280,35,20,225,64420044_19->64420044_23,64420044_19->64420044_23,64420044_19->64420044_23,64420044_19->64420044_23,64420044_19->64420044_23,64420044_19->64420044_23
65700,13,SB0832,badger,cattle,45_d500_160_5,64420044_4,45_d500_160,64420044,cattle,55,55,74,demographie,671,342,cattle->badger,2011,19,b2012,280,35,20,225,64420044_4->45_d500_160_5,64420044_4->45_d500_160_5,64420044_4->45_d500_160_5,NA,64420044_4->45_d500_160_5,NA
65701,13,SB0832,cattle,cattle,64420044_24,64420044_16,64420044,64420044,within,56,-1,56,abattage,693,342,cattle->cattle,2011,0,b2012,280,35,20,225,64420044_16->64420044_24,64420044_16->64420044_24,64420044_16->64420044_24,64420044_16->64420044_24,64420044_16->64420044_24,64420044_16->64420044_24
65702,13,SB0832,cattle,cattle,64420015_22,64420044_19,64420015,64420044,pasture,56,66,73,abattage,694,342,cattle->cattle,2011,17,b2012,280,35,20,225,64420044_19->64420015_22,64420044_19->64420015_22,64420044_19->64420015_22,64420044_19->64420015_22,64420044_19->64420015_22,64420044_19->64420015_22
65703,13,SB0832,badger,cattle,45_d500_99_866_4,64420044_10,45_d500_99_866,64420044,cattle,57,57,75,demographie,706,342,cattle->badger,2011,18,b2012,280,35,20,225,64420044_10->45_d500_99_866_4,64420044_10->45_d500_99_866_4,64420044_10->45_d500_99_866_4,NA,64420044_10->45_d500_99_866_4,NA
65704,13,SB0832,cattle,badger,64310006_0,45_d500_160_0,64310006,45_d500_160,badger,58,60,95,abattage,711,342,badger->cattle,2011,37,b2012,280,35,20,225,45_d500_160_0->64310006_0,45_d500_160_0->64310006_0,45_d500_160_0->64310006_0,64420015_0->64310006_0,45_d500_160_0->64310006_0,64420015_0->64310006_0
65705,13,SB0832,cattle,cattle,64420007_4,64420007_1,64420007,64420007,within,61,-1,62,demographie,799,342,cattle->cattle,2012,1,b2016,280,35,20,225,64420007_1->64420007_4,64420007_1->64420007_4,64420007_1->64420007_4,64420007_1->64420007_4,64420007_1->64420007_4,64420007_1->64420007_4
65706,13,SB0832,cattle,cattle,64310006_1,64310006_0,64310006,64310006,within,62,65,95,abattage,826,342,cattle->cattle,2012,33,b2016,280,35,20,225,64310006_0->64310006_1,64310006_0->64310006_1,64310006_0->64310006_1,64310006_0->64310006_1,64310006_0->64310006_1,64310006_0->64310006_1
65707,13,SB0832,boar,cattle,64310_0,64310006_0,64310,64310006,cattle,63,63,70,demographie,836,342,cattle->boar,2012,7,b2016,280,35,20,225,64310006_0->64310_0,64310006_0->64310_0,NA,64310006_0->64310_0,NA,64310006_0->64310_0
65708,13,SB0832,boar,cattle,64310_1,64310006_0,64310,64310006,cattle,63,63,81,demographie,837,342,cattle->boar,2012,18,b2016,280,35,20,225,64310006_0->64310_1,64310006_0->64310_1,NA,64310006_0->64310_1,NA,64310006_0->64310_1
65709,13,SB0832,cattle,cattle,64359189_1,64359189_0,64359189,64359189,within,63,-1,74,abattage,838,342,cattle->cattle,2012,11,b2016,280,35,20,225,64359189_0->64359189_1,64359189_0->64359189_1,64359189_0->64359189_1,64359189_0->64359189_1,64359189_0->64359189_1,64359189_0->64359189_1
65710,13,SB0832,badger,cattle,45_d500_99_866_5,64310006_0,45_d500_99_866,64310006,cattle,64,64,69,demographie,868,342,cattle->badger,2012,5,b2016,280,35,20,225,64310006_0->45_d500_99_866_5,64310006_0->45_d500_99_866_5,64310006_0->45_d500_99_866_5,NA,64310006_0->45_d500_99_866_5,NA
65711,13,SB0832,badger,cattle,45_d500_155_880_0,64359189_0,45_d500_155_880,64359189,cattle,64,64,124,trapping,871,342,cattle->badger,2012,60,b2016,280,35,20,225,64359189_0->45_d500_155_880_0,64359189_0->45_d500_155_880_0,64359189_0->45_d500_155_880_0,NA,64359189_0->45_d500_155_880_0,NA
65712,13,SB0832,cattle,cattle,64420008_0,64420007_0,64420008,64420007,pasture,64,66,74,abattage,874,342,cattle->cattle,2012,10,b2016,280,35,20,225,64420007_0->64420008_0,64420007_0->64420008_0,64420007_0->64420008_0,64420007_0->64420008_0,64420007_0->64420008_0,64420007_0->64420008_0
65713,13,SB0832,cattle,cattle,64420007_5,64420007_1,64420007,64420007,within,66,-1,66,abattage,914,342,cattle->cattle,2012,0,b2016,280,35,20,225,64420007_1->64420007_5,64420007_1->64420007_5,64420007_1->64420007_5,64420007_1->64420007_5,64420007_1->64420007_5,64420007_1->64420007_5
65714,13,SB0832,cattle,cattle,64310006_2,64310006_0,64310006,64310006,within,67,69,95,abattage,941,342,cattle->cattle,2012,28,b2016,280,35,20,225,64310006_0->64310006_2,64310006_0->64310006_2,64310006_0->64310006_2,64310006_0->64310006_2,64310006_0->64310006_2,64310006_0->64310006_2
65715,13,SB0832,badger,cattle,45_d500_37_600_0,64359189_0,45_d500_37_600,64359189,cattle,67,67,90,trapping,945,342,cattle->badger,2012,23,b2016,280,35,20,225,64359189_0->45_d500_37_600_0,64359189_0->45_d500_37_600_0,64359189_0->45_d500_37_600_0,NA,64359189_0->45_d500_37_600_0,NA
65716,13,SB0832,badger,cattle,45_d500_163_2,64310006_1,45_d500_163,64310006,cattle,68,68,87,demographie,974,342,cattle->badger,2012,19,b2016,280,35,20,225,64310006_1->45_d500_163_2,64310006_1->45_d500_163_2,64310006_1->45_d500_163_2,NA,64310006_1->45_d500_163_2,NA
65717,13,SB0832,cattle,cattle,64420047_0,64420008_0,64420047,64420008,pasture,68,-1,71,abattage,982,342,cattle->cattle,2012,3,b2016,280,35,20,225,64420008_0->64420047_0,64420008_0->64420047_0,64420008_0->64420047_0,64420008_0->64420047_0,64420008_0->64420047_0,64420008_0->64420047_0
65718,13,SB0832,badger,cattle,45_d500_157_858_3,64420015_22,45_d500_157_858,64420015,cattle,68,68,70,demographie,984,342,cattle->badger,2012,2,b2016,280,35,20,225,64420015_22->45_d500_157_858_3,64420015_22->45_d500_157_858_3,64420015_22->45_d500_157_858_3,NA,64420015_22->45_d500_157_858_3,NA
65719,13,SB0832,badger,cattle,45_d500_160_7,64310006_0,45_d500_160,64310006,cattle,69,69,91,demographie,1001,342,cattle->badger,2012,22,b2016,280,35,20,225,64310006_0->45_d500_160_7,64310006_0->45_d500_160_7,64310006_0->45_d500_160_7,NA,64310006_0->45_d500_160_7,NA
65720,13,SB0832,boar,cattle,64310_2,64310006_1,64310,64310006,cattle,69,69,75,demographie,1002,342,cattle->boar,2012,6,b2016,280,35,20,225,64310006_1->64310_2,64310006_1->64310_2,NA,64310006_1->64310_2,NA,64310006_1->64310_2
65721,13,SB0832,cattle,badger,64420042_0,45_d500_156_0,64420042,45_d500_156,badger,70,78,83,abattage,1016,342,badger->cattle,2012,13,b2016,280,35,20,225,45_d500_156_0->64420042_0,45_d500_156_0->64420042_0,45_d500_156_0->64420042_0,64420015_0->64420042_0,45_d500_156_0->64420042_0,64420015_0->64420042_0
65722,13,SB0832,boar,cattle,64310_3,64310006_1,64310,64310006,cattle,70,70,88,demographie,1027,342,cattle->boar,2012,18,b2016,280,35,20,225,64310006_1->64310_3,64310006_1->64310_3,NA,64310006_1->64310_3,NA,64310006_1->64310_3
65723,13,SB0832,boar,cattle,64359_0,64359189_0,64359,64359189,cattle,70,70,84,demographie,1030,342,cattle->boar,2012,14,b2016,280,35,20,225,64359189_0->64359_0,64359189_0->64359_0,NA,64359189_0->64359_0,NA,64359189_0->64359_0
65724,13,SB0832,cattle,cattle,64310006_3,64310006_0,64310006,64310006,within,71,72,94,demographie,1073,342,cattle->cattle,2012,23,b2016,280,35,20,225,64310006_0->64310006_3,64310006_0->64310006_3,64310006_0->64310006_3,64310006_0->64310006_3,64310006_0->64310006_3,64310006_0->64310006_3
65725,13,SB0832,cattle,cattle,64359189_2,64359189_0,64359189,64359189,within,72,-1,74,abattage,1121,342,cattle->cattle,2013,2,b2016,280,35,20,225,64359189_0->64359189_2,64359189_0->64359189_2,64359189_0->64359189_2,64359189_0->64359189_2,64359189_0->64359189_2,64359189_0->64359189_2
65726,13,SB0832,cattle,cattle,64420015_23,64420015_22,64420015,64420015,within,72,-1,73,abattage,1130,342,cattle->cattle,2013,1,b2016,280,35,20,225,64420015_22->64420015_23,64420015_22->64420015_23,64420015_22->64420015_23,64420015_22->64420015_23,64420015_22->64420015_23,64420015_22->64420015_23
65727,13,SB0832,cattle,cattle,64420015_24,64420015_22,64420015,64420015,within,73,-1,73,abattage,1170,342,cattle->cattle,2013,0,b2016,280,35,20,225,64420015_22->64420015_24,64420015_22->64420015_24,64420015_22->64420015_24,64420015_22->64420015_24,64420015_22->64420015_24,64420015_22->64420015_24
65728,13,SB0832,badger,badger,45_d500_99_866_6,45_d500_99_866_4,45_d500_99_866,45_d500_99_866,within,74,74,101,trapping,1186,342,badger->badger,2013,27,b2016,280,35,20,225,45_d500_99_866_4->45_d500_99_866_6,45_d500_99_866_4->45_d500_99_866_6,45_d500_99_866_4->45_d500_99_866_6,NA,45_d500_99_866_4->45_d500_99_866_6,NA
65729,13,SB0832,cattle,cattle,64310006_4,64310006_0,64310006,64310006,within,74,75,90,demographie,1193,342,cattle->cattle,2013,16,b2016,280,35,20,225,64310006_0->64310006_4,64310006_0->64310006_4,64310006_0->64310006_4,64310006_0->64310006_4,64310006_0->64310006_4,64310006_0->64310006_4
65730,13,SB0832,cattle,cattle,64310006_5,64310006_1,64310006,64310006,within,75,76,95,abattage,1221,342,cattle->cattle,2013,20,b2016,280,35,20,225,64310006_1->64310006_5,64310006_1->64310006_5,64310006_1->64310006_5,64310006_1->64310006_5,64310006_1->64310006_5,64310006_1->64310006_5
65731,13,SB0832,cattle,cattle,64310006_6,64310006_1,64310006,64310006,within,77,81,95,demographie,1277,342,cattle->cattle,2013,18,b2016,280,35,20,225,64310006_1->64310006_6,64310006_1->64310006_6,64310006_1->64310006_6,64310006_1->64310006_6,64310006_1->64310006_6,64310006_1->64310006_6
65732,13,SB0832,cattle,cattle,64310006_7,64310006_2,64310006,64310006,within,77,80,95,demographie,1278,342,cattle->cattle,2013,18,b2016,280,35,20,225,64310006_2->64310006_7,64310006_2->64310006_7,64310006_2->64310006_7,64310006_2->64310006_7,64310006_2->64310006_7,64310006_2->64310006_7
65733,13,SB0832,cattle,cattle,64310006_8,64310006_4,64310006,64310006,within,77,82,95,abattage,1279,342,cattle->cattle,2013,18,b2016,280,35,20,225,64310006_4->64310006_8,64310006_4->64310006_8,64310006_4->64310006_8,64310006_4->64310006_8,64310006_4->64310006_8,64310006_4->64310006_8
65734,13,SB0832,cattle,cattle,64310006_9,64310006_5,64310006,64310006,within,80,83,95,abattage,1352,342,cattle->cattle,2013,15,b2016,280,35,20,225,64310006_5->64310006_9,64310006_5->64310006_9,64310006_5->64310006_9,64310006_5->64310006_9,64310006_5->64310006_9,64310006_5->64310006_9
65735,13,SB0832,cattle,cattle,64420042_1,64420042_0,64420042,64420042,within,80,-1,83,abattage,1358,342,cattle->cattle,2013,3,b2016,280,35,20,225,64420042_0->64420042_1,64420042_0->64420042_1,64420042_0->64420042_1,64420042_0->64420042_1,64420042_0->64420042_1,64420042_0->64420042_1
65736,13,SB0832,cattle,badger,64359110_0,45_d500_37_600_0,64359110,45_d500_37_600,badger,82,-1,85,abattage,1387,342,badger->cattle,2013,3,b2016,280,35,20,225,45_d500_37_600_0->64359110_0,45_d500_37_600_0->64359110_0,45_d500_37_600_0->64359110_0,64359189_0->64359110_0,45_d500_37_600_0->64359110_0,64359189_0->64359110_0
65737,13,SB0832,cattle,cattle,64420042_2,64420042_0,64420042,64420042,within,82,-1,83,abattage,1391,342,cattle->cattle,2013,1,b2016,280,35,20,225,64420042_0->64420042_2,64420042_0->64420042_2,64420042_0->64420042_2,64420042_0->64420042_2,64420042_0->64420042_2,64420042_0->64420042_2
65738,13,SB0832,boar,cattle,64310_4,64310006_3,64310,64310006,cattle,83,83,89,demographie,1409,342,cattle->boar,2013,6,b2016,280,35,20,225,64310006_3->64310_4,64310006_3->64310_4,NA,64310006_3->64310_4,NA,64310006_3->64310_4
65739,13,SB0832,cattle,cattle,64310006_10,64310006_4,64310006,64310006,within,83,88,95,abattage,1410,342,cattle->cattle,2013,12,b2016,280,35,20,225,64310006_4->64310006_10,64310006_4->64310006_10,64310006_4->64310006_10,64310006_4->64310006_10,64310006_4->64310006_10,64310006_4->64310006_10
65740,13,SB0832,cattle,cattle,64310006_11,64310006_4,64310006,64310006,within,83,85,95,abattage,1411,342,cattle->cattle,2013,12,b2016,280,35,20,225,64310006_4->64310006_11,64310006_4->64310006_11,64310006_4->64310006_11,64310006_4->64310006_11,64310006_4->64310006_11,64310006_4->64310006_11
65741,13,SB0832,boar,cattle,64310_5,64310006_6,64310,64310006,cattle,83,83,100,demographie,1412,342,cattle->boar,2013,17,b2016,280,35,20,225,64310006_6->64310_5,64310006_6->64310_5,NA,64310006_6->64310_5,NA,64310006_6->64310_5
65742,13,SB0832,cattle,cattle,64310006_12,64310006_7,64310006,64310006,within,84,89,95,abattage,1433,342,cattle->cattle,2014,11,b2016,280,35,20,225,64310006_7->64310006_12,64310006_7->64310006_12,64310006_7->64310006_12,64310006_7->64310006_12,64310006_7->64310006_12,64310006_7->64310006_12
65743,13,SB0832,cattle,cattle,64310006_13,64310006_4,64310006,64310006,within,85,87,95,abattage,1450,342,cattle->cattle,2014,10,b2016,280,35,20,225,64310006_4->64310006_13,64310006_4->64310006_13,64310006_4->64310006_13,64310006_4->64310006_13,64310006_4->64310006_13,64310006_4->64310006_13
65744,13,SB0832,cattle,cattle,64310006_15,64310006_4,64310006,64310006,within,85,87,95,abattage,1451,342,cattle->cattle,2014,10,b2016,280,35,20,225,64310006_4->64310006_15,64310006_4->64310006_15,64310006_4->64310006_15,64310006_4->64310006_15,64310006_4->64310006_15,64310006_4->64310006_15
65745,13,SB0832,cattle,cattle,64310006_14,64310006_6,64310006,64310006,within,85,86,95,abattage,1452,342,cattle->cattle,2014,10,b2016,280,35,20,225,64310006_6->64310006_14,64310006_6->64310006_14,64310006_6->64310006_14,64310006_6->64310006_14,64310006_6->64310006_14,64310006_6->64310006_14
65746,13,SB0832,cattle,cattle,64310006_18,64310006_0,64310006,64310006,within,86,88,95,abattage,1473,342,cattle->cattle,2014,9,b2016,280,35,20,225,64310006_0->64310006_18,64310006_0->64310006_18,64310006_0->64310006_18,64310006_0->64310006_18,64310006_0->64310006_18,64310006_0->64310006_18
65747,13,SB0832,cattle,cattle,64310006_19,64310006_4,64310006,64310006,within,86,87,95,abattage,1474,342,cattle->cattle,2014,9,b2016,280,35,20,225,64310006_4->64310006_19,64310006_4->64310006_19,64310006_4->64310006_19,64310006_4->64310006_19,64310006_4->64310006_19,64310006_4->64310006_19
65748,13,SB0832,cattle,cattle,64310006_17,64310006_5,64310006,64310006,within,86,87,95,abattage,1475,342,cattle->cattle,2014,9,b2016,280,35,20,225,64310006_5->64310006_17,64310006_5->64310006_17,64310006_5->64310006_17,64310006_5->64310006_17,64310006_5->64310006_17,64310006_5->64310006_17
65749,13,SB0832,cattle,cattle,64310006_20,64310006_5,64310006,64310006,within,86,91,95,abattage,1476,342,cattle->cattle,2014,9,b2016,280,35,20,225,64310006_5->64310006_20,64310006_5->64310006_20,64310006_5->64310006_20,64310006_5->64310006_20,64310006_5->64310006_20,64310006_5->64310006_20
65750,13,SB0832,cattle,cattle,64310006_16,64310006_8,64310006,64310006,within,86,88,95,abattage,1477,342,cattle->cattle,2014,9,b2016,280,35,20,225,64310006_8->64310006_16,64310006_8->64310006_16,64310006_8->64310006_16,64310006_8->64310006_16,64310006_8->64310006_16,64310006_8->64310006_16
65751,13,SB0832,cattle,cattle,64310006_21,64310006_9,64310006,64310006,within,86,91,95,abattage,1478,342,cattle->cattle,2014,9,b2016,280,35,20,225,64310006_9->64310006_21,64310006_9->64310006_21,64310006_9->64310006_21,64310006_9->64310006_21,64310006_9->64310006_21,64310006_9->64310006_21
65752,13,SB0832,cattle,badger,64449006_0,45_d500_157_858_1,64449006,45_d500_157_858,badger,87,93,99,abattage,1494,342,badger->cattle,2014,12,b2016,280,35,20,225,45_d500_157_858_1->64449006_0,45_d500_157_858_1->64449006_0,45_d500_157_858_1->64449006_0,64420015_6->64449006_0,45_d500_157_858_1->64449006_0,64420015_6->64449006_0
65753,13,SB0832,cattle,badger,64420035_0,45_d500_99_866_6,64420035,45_d500_99_866,badger,87,90,100,abattage,1496,342,badger->cattle,2014,13,b2016,280,35,20,225,45_d500_99_866_6->64420035_0,45_d500_99_866_6->64420035_0,45_d500_99_866_6->64420035_0,64420044_10->64420035_0,45_d500_99_866_6->64420035_0,64420044_10->64420035_0
65754,13,SB0832,cattle,cattle,64310006_22,64310006_6,64310006,64310006,within,87,90,95,abattage,1505,342,cattle->cattle,2014,8,b2016,280,35,20,225,64310006_6->64310006_22,64310006_6->64310006_22,64310006_6->64310006_22,64310006_6->64310006_22,64310006_6->64310006_22,64310006_6->64310006_22
65755,13,SB0832,cattle,cattle,64310006_25,64310006_0,64310006,64310006,within,88,92,95,abattage,1524,342,cattle->cattle,2014,7,b2016,280,35,20,225,64310006_0->64310006_25,64310006_0->64310006_25,64310006_0->64310006_25,64310006_0->64310006_25,64310006_0->64310006_25,64310006_0->64310006_25
65756,13,SB0832,cattle,cattle,64310006_27,64310006_11,64310006,64310006,within,88,91,95,abattage,1525,342,cattle->cattle,2014,7,b2016,280,35,20,225,64310006_11->64310006_27,64310006_11->64310006_27,64310006_11->64310006_27,64310006_11->64310006_27,64310006_11->64310006_27,64310006_11->64310006_27
65757,13,SB0832,cattle,cattle,64310006_26,64310006_17,64310006,64310006,within,88,91,95,abattage,1526,342,cattle->cattle,2014,7,b2016,280,35,20,225,64310006_17->64310006_26,64310006_17->64310006_26,64310006_17->64310006_26,64310006_17->64310006_26,64310006_17->64310006_26,64310006_17->64310006_26
65758,13,SB0832,cattle,cattle,64310006_24,64310006_18,64310006,64310006,within,88,89,95,abattage,1527,342,cattle->cattle,2014,7,b2016,280,35,20,225,64310006_18->64310006_24,64310006_18->64310006_24,64310006_18->64310006_24,64310006_18->64310006_24,64310006_18->64310006_24,64310006_18->64310006_24
65759,13,SB0832,cattle,cattle,64310006_23,64310006_8,64310006,64310006,within,88,92,95,abattage,1528,342,cattle->cattle,2014,7,b2016,280,35,20,225,64310006_8->64310006_23,64310006_8->64310006_23,64310006_8->64310006_23,64310006_8->64310006_23,64310006_8->64310006_23,64310006_8->64310006_23
65760,13,SB0832,cattle,cattle,64310006_29,64310006_14,64310006,64310006,within,89,-1,95,abattage,1535,342,cattle->cattle,2014,6,b2016,280,35,20,225,64310006_14->64310006_29,64310006_14->64310006_29,64310006_14->64310006_29,64310006_14->64310006_29,64310006_14->64310006_29,64310006_14->64310006_29
65761,13,SB0832,cattle,cattle,64310006_31,64310006_14,64310006,64310006,within,89,94,95,abattage,1536,342,cattle->cattle,2014,6,b2016,280,35,20,225,64310006_14->64310006_31,64310006_14->64310006_31,64310006_14->64310006_31,64310006_14->64310006_31,64310006_14->64310006_31,64310006_14->64310006_31
65762,13,SB0832,cattle,cattle,64310006_28,64310006_18,64310006,64310006,within,89,-1,95,abattage,1537,342,cattle->cattle,2014,6,b2016,280,35,20,225,64310006_18->64310006_28,64310006_18->64310006_28,64310006_18->64310006_28,64310006_18->64310006_28,64310006_18->64310006_28,64310006_18->64310006_28
65763,13,SB0832,cattle,cattle,64310006_30,64310006_2,64310006,64310006,within,89,91,95,abattage,1538,342,cattle->cattle,2014,6,b2016,280,35,20,225,64310006_2->64310006_30,64310006_2->64310006_30,64310006_2->64310006_30,64310006_2->64310006_30,64310006_2->64310006_30,64310006_2->64310006_30
65764,13,SB0832,cattle,cattle,64310006_32,64310006_10,64310006,64310006,within,90,-1,95,abattage,1560,342,cattle->cattle,2014,5,b2016,280,35,20,225,64310006_10->64310006_32,64310006_10->64310006_32,64310006_10->64310006_32,64310006_10->64310006_32,64310006_10->64310006_32,64310006_10->64310006_32
65765,13,SB0832,cattle,cattle,64183034_0,64310006_14,64310006,64310006,within,90,91,113,abattage,1561,342,cattle->cattle,2014,23,b2016,280,35,20,225,64310006_14->64183034_0,64310006_14->64183034_0,64310006_14->64183034_0,64310006_14->64183034_0,64310006_14->64183034_0,64310006_14->64183034_0
65766,13,SB0832,cattle,badger,64420009_7,45_d500_160_1,64420009,45_d500_160,badger,91,96,105,demographie,1570,342,badger->cattle,2014,14,b2016,280,35,20,225,45_d500_160_1->64420009_7,45_d500_160_1->64420009_7,45_d500_160_1->64420009_7,64420015_1->64420009_7,45_d500_160_1->64420009_7,64420015_1->64420009_7
65767,13,SB0832,badger,cattle,45_d500_163_3,64310006_12,45_d500_163,64310006,cattle,91,91,138,trapping,1582,342,cattle->badger,2014,47,b2016,280,35,20,225,64310006_12->45_d500_163_3,64310006_12->45_d500_163_3,64310006_12->45_d500_163_3,NA,64310006_12->45_d500_163_3,NA
65768,13,SB0832,cattle,cattle,64420035_1,64420035_0,64420035,64420035,within,91,94,98,abattage,1585,342,cattle->cattle,2014,7,b2016,280,35,20,225,64420035_0->64420035_1,64420035_0->64420035_1,64420035_0->64420035_1,64420035_0->64420035_1,64420035_0->64420035_1,64420035_0->64420035_1
65769,13,SB0832,cattle,cattle,64183034_1,64183034_0,64183034,64183034,within,92,98,113,abattage,1594,342,cattle->cattle,2014,21,b2016,280,35,20,225,64183034_0->64183034_1,64183034_0->64183034_1,64183034_0->64183034_1,64183034_0->64183034_1,64183034_0->64183034_1,64183034_0->64183034_1
65770,13,SB0832,cattle,cattle,64310006_33,64310006_13,64310006,64310006,within,92,-1,95,abattage,1603,342,cattle->cattle,2014,3,b2016,280,35,20,225,64310006_13->64310006_33,64310006_13->64310006_33,64310006_13->64310006_33,64310006_13->64310006_33,64310006_13->64310006_33,64310006_13->64310006_33
65771,13,SB0832,cattle,cattle,64183034_2,64183034_0,64183034,64183034,within,93,98,111,abattage,1613,342,cattle->cattle,2014,18,b2016,280,35,20,225,64183034_0->64183034_2,64183034_0->64183034_2,64183034_0->64183034_2,64183034_0->64183034_2,64183034_0->64183034_2,64183034_0->64183034_2
65772,13,SB0832,cattle,cattle,64310006_34,64310006_15,64310006,64310006,within,93,93,95,abattage,1622,342,cattle->cattle,2014,2,b2016,280,35,20,225,64310006_15->64310006_34,64310006_15->64310006_34,64310006_15->64310006_34,64310006_15->64310006_34,64310006_15->64310006_34,64310006_15->64310006_34
65773,13,SB0832,cattle,cattle,64310006_35,64310006_24,64310006,64310006,within,93,93,95,abattage,1623,342,cattle->cattle,2014,2,b2016,280,35,20,225,64310006_24->64310006_35,64310006_24->64310006_35,64310006_24->64310006_35,64310006_24->64310006_35,64310006_24->64310006_35,64310006_24->64310006_35
65774,13,SB0832,cattle,cattle,64310006_36,64310006_19,64310006,64310006,within,94,-1,95,abattage,1644,342,cattle->cattle,2014,1,b2016,280,35,20,225,64310006_19->64310006_36,64310006_19->64310006_36,64310006_19->64310006_36,64310006_19->64310006_36,64310006_19->64310006_36,64310006_19->64310006_36
65775,13,SB0832,badger,cattle,45_d500_99_720_0,64420035_1,45_d500_99_720,64420035,cattle,94,94,101,demographie,1649,342,cattle->badger,2014,7,b2016,280,35,20,225,64420035_1->45_d500_99_720_0,64420035_1->45_d500_99_720_0,64420035_1->45_d500_99_720_0,NA,64420035_1->45_d500_99_720_0,NA
65776,13,SB0832,cattle,cattle,64183034_3,64183034_0,64183034,64183034,within,95,-1,113,abattage,1659,342,cattle->cattle,2014,18,b2016,280,35,20,225,64183034_0->64183034_3,64183034_0->64183034_3,64183034_0->64183034_3,64183034_0->64183034_3,64183034_0->64183034_3,64183034_0->64183034_3
65777,13,SB0832,cattle,cattle,64310006_38,64310006_1,64310006,64310006,within,95,-1,95,abattage,1663,342,cattle->cattle,2014,0,b2016,280,35,20,225,64310006_1->64310006_38,64310006_1->64310006_38,64310006_1->64310006_38,64310006_1->64310006_38,64310006_1->64310006_38,64310006_1->64310006_38
65778,13,SB0832,cattle,cattle,64310006_39,64310006_16,64310006,64310006,within,95,-1,95,abattage,1664,342,cattle->cattle,2014,0,b2016,280,35,20,225,64310006_16->64310006_39,64310006_16->64310006_39,64310006_16->64310006_39,64310006_16->64310006_39,64310006_16->64310006_39,64310006_16->64310006_39
65779,13,SB0832,cattle,cattle,64310006_41,64310006_2,64310006,64310006,within,95,-1,95,abattage,1665,342,cattle->cattle,2014,0,b2016,280,35,20,225,64310006_2->64310006_41,64310006_2->64310006_41,64310006_2->64310006_41,64310006_2->64310006_41,64310006_2->64310006_41,64310006_2->64310006_41
65780,13,SB0832,cattle,cattle,64310006_42,64310006_2,64310006,64310006,within,95,-1,95,abattage,1666,342,cattle->cattle,2014,0,b2016,280,35,20,225,64310006_2->64310006_42,64310006_2->64310006_42,64310006_2->64310006_42,64310006_2->64310006_42,64310006_2->64310006_42,64310006_2->64310006_42
65781,13,SB0832,cattle,cattle,64310006_40,64310006_20,64310006,64310006,within,95,-1,95,abattage,1667,342,cattle->cattle,2014,0,b2016,280,35,20,225,64310006_20->64310006_40,64310006_20->64310006_40,64310006_20->64310006_40,64310006_20->64310006_40,64310006_20->64310006_40,64310006_20->64310006_40
65782,13,SB0832,boar,cattle,64310_6,64310006_30,64310,64310006,cattle,95,95,107,demographie,1668,342,cattle->boar,2014,12,b2016,280,35,20,225,64310006_30->64310_6,64310006_30->64310_6,NA,64310006_30->64310_6,NA,64310006_30->64310_6
65783,13,SB0832,cattle,cattle,64310006_37,64310006_31,64310006,64310006,within,95,-1,95,abattage,1669,342,cattle->cattle,2014,0,b2016,280,35,20,225,64310006_31->64310006_37,64310006_31->64310006_37,64310006_31->64310006_37,64310006_31->64310006_37,64310006_31->64310006_37,64310006_31->64310006_37
65784,13,SB0832,cattle,cattle,64449006_1,64449006_0,64449006,64449006,within,95,-1,101,abattage,1675,342,cattle->cattle,2014,6,b2016,280,35,20,225,64449006_0->64449006_1,64449006_0->64449006_1,64449006_0->64449006_1,64449006_0->64449006_1,64449006_0->64449006_1,64449006_0->64449006_1
65785,13,SB0832,cattle,cattle,64449006_2,64449006_0,64449006,64449006,within,95,100,101,abattage,1676,342,cattle->cattle,2014,6,b2016,280,35,20,225,64449006_0->64449006_2,64449006_0->64449006_2,64449006_0->64449006_2,64449006_0->64449006_2,64449006_0->64449006_2,64449006_0->64449006_2
65786,13,SB0832,cattle,cattle,64183034_4,64183034_0,64183034,64183034,within,96,102,111,abattage,1691,342,cattle->cattle,2015,15,b2016,280,35,20,225,64183034_0->64183034_4,64183034_0->64183034_4,64183034_0->64183034_4,64183034_0->64183034_4,64183034_0->64183034_4,64183034_0->64183034_4
65787,13,SB0832,boar,cattle,64310_7,64310006_34,64310,64310006,cattle,96,96,101,demographie,1696,342,cattle->boar,2015,5,b2016,280,35,20,225,64310006_34->64310_7,64310006_34->64310_7,NA,64310006_34->64310_7,NA,64310006_34->64310_7
65788,13,SB0832,boar,cattle,64310_8,64310006_5,64310,64310006,cattle,96,96,112,demographie,1697,342,cattle->boar,2015,16,b2016,280,35,20,225,64310006_5->64310_8,64310006_5->64310_8,NA,64310006_5->64310_8,NA,64310006_5->64310_8
65789,13,SB0832,cattle,cattle,64420035_2,64420035_0,64420035,64420035,within,96,-1,98,demographie,1707,342,cattle->cattle,2015,2,b2016,280,35,20,225,64420035_0->64420035_2,64420035_0->64420035_2,64420035_0->64420035_2,64420035_0->64420035_2,64420035_0->64420035_2,64420035_0->64420035_2
65790,13,SB0832,cattle,cattle,64449006_3,64449006_0,64449006,64449006,within,96,100,101,abattage,1708,342,cattle->cattle,2015,5,b2016,280,35,20,225,64449006_0->64449006_3,64449006_0->64449006_3,64449006_0->64449006_3,64449006_0->64449006_3,64449006_0->64449006_3,64449006_0->64449006_3
65791,13,SB0832,cattle,cattle,64183034_5,64183034_0,64183034,64183034,within,97,105,113,abattage,1719,342,cattle->cattle,2015,16,b2016,280,35,20,225,64183034_0->64183034_5,64183034_0->64183034_5,64183034_0->64183034_5,64183034_0->64183034_5,64183034_0->64183034_5,64183034_0->64183034_5
65792,13,SB0832,boar,cattle,64310_9,64310006_3,64310,64310006,cattle,97,97,104,demographie,1724,342,cattle->boar,2015,7,b2016,280,35,20,225,64310006_3->64310_9,64310006_3->64310_9,NA,64310006_3->64310_9,NA,64310006_3->64310_9
65793,13,SB0832,cattle,cattle,64449006_4,64449006_0,64449006,64449006,within,97,98,99,abattage,1727,342,cattle->cattle,2015,2,b2016,280,35,20,225,64449006_0->64449006_4,64449006_0->64449006_4,64449006_0->64449006_4,64449006_0->64449006_4,64449006_0->64449006_4,64449006_0->64449006_4
65794,13,SB0832,cattle,cattle,64449006_5,64449006_0,64449006,64449006,within,97,98,99,abattage,1728,342,cattle->cattle,2015,2,b2016,280,35,20,225,64449006_0->64449006_5,64449006_0->64449006_5,64449006_0->64449006_5,64449006_0->64449006_5,64449006_0->64449006_5,64449006_0->64449006_5
65795,13,SB0832,cattle,cattle,64183034_7,64183034_0,64183034,64183034,within,98,103,111,abattage,1740,342,cattle->cattle,2015,13,b2016,280,35,20,225,64183034_0->64183034_7,64183034_0->64183034_7,64183034_0->64183034_7,64183034_0->64183034_7,64183034_0->64183034_7,64183034_0->64183034_7
65796,13,SB0832,cattle,cattle,64183034_6,64183034_2,64183034,64183034,within,98,-1,111,abattage,1741,342,cattle->cattle,2015,13,b2016,280,35,20,225,64183034_2->64183034_6,64183034_2->64183034_6,64183034_2->64183034_6,64183034_2->64183034_6,64183034_2->64183034_6,64183034_2->64183034_6
65797,13,SB0832,cattle,cattle,64420035_3,64420035_0,64420035,64420035,within,98,-1,98,abattage,1764,342,cattle->cattle,2015,0,b2016,280,35,20,225,64420035_0->64420035_3,64420035_0->64420035_3,64420035_0->64420035_3,64420035_0->64420035_3,64420035_0->64420035_3,64420035_0->64420035_3
65798,13,SB0832,cattle,cattle,64183034_8,64183034_1,64183034,64183034,within,99,100,113,abattage,1779,342,cattle->cattle,2015,14,b2016,280,35,20,225,64183034_1->64183034_8,64183034_1->64183034_8,64183034_1->64183034_8,64183034_1->64183034_8,64183034_1->64183034_8,64183034_1->64183034_8
65799,13,SB0832,badger,cattle,45_d500_99_720_1,64420035_0,45_d500_99_720,64420035,cattle,99,99,157,NA,1783,342,cattle->badger,2015,58,b2016,280,35,20,225,64420035_0->45_d500_99_720_1,64420035_0->45_d500_99_720_1,64420035_0->45_d500_99_720_1,NA,64420035_0->45_d500_99_720_1,NA
65800,13,SB0832,badger,cattle,5_d500_15_0,64183034_2,5_d500_15,64183034,cattle,100,100,127,trapping,1792,342,cattle->badger,2015,27,b2016,280,35,20,225,64183034_2->5_d500_15_0,64183034_2->5_d500_15_0,64183034_2->5_d500_15_0,NA,64183034_2->5_d500_15_0,NA
65801,13,SB0832,cattle,cattle,64183034_9,64183034_8,64183034,64183034,within,100,101,113,abattage,1793,342,cattle->cattle,2015,13,b2016,280,35,20,225,64183034_8->64183034_9,64183034_8->64183034_9,64183034_8->64183034_9,64183034_8->64183034_9,64183034_8->64183034_9,64183034_8->64183034_9
65802,13,SB0832,badger,cattle,45_d500_123_762_0,64420035_0,45_d500_123_762,64420035,cattle,100,100,103,trapping,1801,342,cattle->badger,2015,3,b2016,280,35,20,225,64420035_0->45_d500_123_762_0,64420035_0->45_d500_123_762_0,64420035_0->45_d500_123_762_0,NA,64420035_0->45_d500_123_762_0,NA
65803,13,SB0832,badger,cattle,45_d500_220_0,64449006_5,45_d500_220,64449006,cattle,100,100,115,trapping,1802,342,cattle->badger,2015,15,b2016,280,35,20,225,64449006_5->45_d500_220_0,64449006_5->45_d500_220_0,64449006_5->45_d500_220_0,NA,64449006_5->45_d500_220_0,NA
65804,13,SB0832,cattle,cattle,64183034_10,64183034_1,64183034,64183034,within,101,-1,113,abattage,1810,342,cattle->cattle,2015,12,b2016,280,35,20,225,64183034_1->64183034_10,64183034_1->64183034_10,64183034_1->64183034_10,64183034_1->64183034_10,64183034_1->64183034_10,64183034_1->64183034_10
65805,13,SB0832,cattle,cattle,64183034_11,64183034_1,64183034,64183034,within,101,-1,111,abattage,1811,342,cattle->cattle,2015,10,b2016,280,35,20,225,64183034_1->64183034_11,64183034_1->64183034_11,64183034_1->64183034_11,64183034_1->64183034_11,64183034_1->64183034_11,64183034_1->64183034_11
65806,13,SB0832,badger,cattle,45_d500_100_2,64420009_7,45_d500_100,64420009,cattle,101,101,102,trapping,1819,342,cattle->badger,2015,1,b2016,280,35,20,225,64420009_7->45_d500_100_2,64420009_7->45_d500_100_2,64420009_7->45_d500_100_2,NA,64420009_7->45_d500_100_2,NA
65807,13,SB0832,badger,cattle,45_d500_157_858_4,64420035_0,45_d500_157_858,64420035,cattle,101,101,122,demographie,1820,342,cattle->badger,2015,21,b2016,280,35,20,225,64420035_0->45_d500_157_858_4,64420035_0->45_d500_157_858_4,64420035_0->45_d500_157_858_4,NA,64420035_0->45_d500_157_858_4,NA
65808,13,SB0832,badger,cattle,45_d500_51_0,64449006_2,45_d500_51,64449006,cattle,101,101,157,NA,1821,342,cattle->badger,2015,56,b2016,280,35,20,225,64449006_2->45_d500_51_0,64449006_2->45_d500_51_0,64449006_2->45_d500_51_0,NA,64449006_2->45_d500_51_0,NA
65809,13,SB0832,boar,cattle,64183_0,64183034_9,64183,64183034,cattle,102,102,116,demographie,1825,342,cattle->boar,2015,14,b2016,280,35,20,225,64183034_9->64183_0,64183034_9->64183_0,NA,64183034_9->64183_0,NA,64183034_9->64183_0
65810,13,SB0832,cattle,cattle,64183034_12,64183034_9,64183034,64183034,within,103,111,113,abattage,1841,342,cattle->cattle,2015,10,b2016,280,35,20,225,64183034_9->64183034_12,64183034_9->64183034_12,64183034_9->64183034_12,64183034_9->64183034_12,64183034_9->64183034_12,64183034_9->64183034_12
65811,13,SB0832,cattle,cattle,64183034_15,64183034_2,64183034,64183034,within,104,109,111,abattage,1861,342,cattle->cattle,2015,7,b2016,280,35,20,225,64183034_2->64183034_15,64183034_2->64183034_15,64183034_2->64183034_15,64183034_2->64183034_15,64183034_2->64183034_15,64183034_2->64183034_15
65812,13,SB0832,cattle,cattle,64183034_13,64183034_4,64183034,64183034,within,104,111,111,abattage,1862,342,cattle->cattle,2015,7,b2016,280,35,20,225,64183034_4->64183034_13,64183034_4->64183034_13,64183034_4->64183034_13,64183034_4->64183034_13,64183034_4->64183034_13,64183034_4->64183034_13
65813,13,SB0832,cattle,cattle,64183034_14,64183034_8,64183034,64183034,within,104,-1,111,abattage,1863,342,cattle->cattle,2015,7,b2016,280,35,20,225,64183034_8->64183034_14,64183034_8->64183034_14,64183034_8->64183034_14,64183034_8->64183034_14,64183034_8->64183034_14,64183034_8->64183034_14
65814,13,SB0832,cattle,cattle,64183034_16,64183034_4,64183034,64183034,within,106,111,111,abattage,1898,342,cattle->cattle,2015,5,b2016,280,35,20,225,64183034_4->64183034_16,64183034_4->64183034_16,64183034_4->64183034_16,64183034_4->64183034_16,64183034_4->64183034_16,64183034_4->64183034_16
65815,13,SB0832,cattle,cattle,64183034_20,64183034_0,64183034,64183034,within,107,-1,113,abattage,1922,342,cattle->cattle,2015,6,b2016,280,35,20,225,64183034_0->64183034_20,64183034_0->64183034_20,64183034_0->64183034_20,64183034_0->64183034_20,64183034_0->64183034_20,64183034_0->64183034_20
65816,13,SB0832,cattle,cattle,64183034_21,64183034_0,64183034,64183034,within,107,-1,109,demographie,1923,342,cattle->cattle,2015,2,b2016,280,35,20,225,64183034_0->64183034_21,64183034_0->64183034_21,64183034_0->64183034_21,64183034_0->64183034_21,64183034_0->64183034_21,64183034_0->64183034_21
65817,13,SB0832,cattle,cattle,64183034_22,64183034_0,64183034,64183034,within,107,-1,111,abattage,1924,342,cattle->cattle,2015,4,b2016,280,35,20,225,64183034_0->64183034_22,64183034_0->64183034_22,64183034_0->64183034_22,64183034_0->64183034_22,64183034_0->64183034_22,64183034_0->64183034_22
65818,13,SB0832,cattle,cattle,64183034_23,64183034_0,64183034,64183034,within,107,-1,113,abattage,1925,342,cattle->cattle,2015,6,b2016,280,35,20,225,64183034_0->64183034_23,64183034_0->64183034_23,64183034_0->64183034_23,64183034_0->64183034_23,64183034_0->64183034_23,64183034_0->64183034_23
65819,13,SB0832,cattle,cattle,64183034_24,64183034_0,64183034,64183034,within,107,-1,111,abattage,1926,342,cattle->cattle,2015,4,b2016,280,35,20,225,64183034_0->64183034_24,64183034_0->64183034_24,64183034_0->64183034_24,64183034_0->64183034_24,64183034_0->64183034_24,64183034_0->64183034_24
65820,13,SB0832,cattle,cattle,64183034_28,64183034_2,64183034,64183034,within,107,-1,108,demographie,1927,342,cattle->cattle,2015,1,b2016,280,35,20,225,64183034_2->64183034_28,64183034_2->64183034_28,64183034_2->64183034_28,64183034_2->64183034_28,64183034_2->64183034_28,64183034_2->64183034_28
65821,13,SB0832,cattle,cattle,64183034_29,64183034_5,64183034,64183034,within,107,-1,111,abattage,1928,342,cattle->cattle,2015,4,b2016,280,35,20,225,64183034_5->64183034_29,64183034_5->64183034_29,64183034_5->64183034_29,64183034_5->64183034_29,64183034_5->64183034_29,64183034_5->64183034_29
65822,13,SB0832,cattle,cattle,64183034_18,64183034_7,64183034,64183034,within,107,112,113,abattage,1929,342,cattle->cattle,2015,6,b2016,280,35,20,225,64183034_7->64183034_18,64183034_7->64183034_18,64183034_7->64183034_18,64183034_7->64183034_18,64183034_7->64183034_18,64183034_7->64183034_18
65823,13,SB0832,cattle,cattle,64183034_19,64183034_7,64183034,64183034,within,107,110,113,abattage,1930,342,cattle->cattle,2015,6,b2016,280,35,20,225,64183034_7->64183034_19,64183034_7->64183034_19,64183034_7->64183034_19,64183034_7->64183034_19,64183034_7->64183034_19,64183034_7->64183034_19
65824,13,SB0832,cattle,cattle,64183034_17,64183034_8,64183034,64183034,within,107,-1,111,demographie,1931,342,cattle->cattle,2015,4,b2016,280,35,20,225,64183034_8->64183034_17,64183034_8->64183034_17,64183034_8->64183034_17,64183034_8->64183034_17,64183034_8->64183034_17,64183034_8->64183034_17
65825,13,SB0832,cattle,cattle,64183034_27,64183034_8,64183034,64183034,within,107,109,111,abattage,1932,342,cattle->cattle,2015,4,b2016,280,35,20,225,64183034_8->64183034_27,64183034_8->64183034_27,64183034_8->64183034_27,64183034_8->64183034_27,64183034_8->64183034_27,64183034_8->64183034_27
65826,13,SB0832,cattle,cattle,64183034_30,64183034_8,64183034,64183034,within,107,-1,113,abattage,1933,342,cattle->cattle,2015,6,b2016,280,35,20,225,64183034_8->64183034_30,64183034_8->64183034_30,64183034_8->64183034_30,64183034_8->64183034_30,64183034_8->64183034_30,64183034_8->64183034_30
65827,13,SB0832,cattle,cattle,64183034_31,64183034_8,64183034,64183034,within,107,-1,113,abattage,1934,342,cattle->cattle,2015,6,b2016,280,35,20,225,64183034_8->64183034_31,64183034_8->64183034_31,64183034_8->64183034_31,64183034_8->64183034_31,64183034_8->64183034_31,64183034_8->64183034_31
65828,13,SB0832,cattle,cattle,64183034_25,64183034_9,64183034,64183034,within,107,109,111,abattage,1935,342,cattle->cattle,2015,4,b2016,280,35,20,225,64183034_9->64183034_25,64183034_9->64183034_25,64183034_9->64183034_25,64183034_9->64183034_25,64183034_9->64183034_25,64183034_9->64183034_25
65829,13,SB0832,cattle,cattle,64183034_26,64183034_9,64183034,64183034,within,107,-1,111,abattage,1936,342,cattle->cattle,2015,4,b2016,280,35,20,225,64183034_9->64183034_26,64183034_9->64183034_26,64183034_9->64183034_26,64183034_9->64183034_26,64183034_9->64183034_26,64183034_9->64183034_26
65830,13,SB0832,cattle,cattle,64183034_34,64183034_0,64183034,64183034,within,108,-1,110,demographie,1977,342,cattle->cattle,2016,2,s2016,280,35,20,225,64183034_0->64183034_34,64183034_0->64183034_34,64183034_0->64183034_34,64183034_0->64183034_34,64183034_0->64183034_34,64183034_0->64183034_34
65831,13,SB0832,cattle,cattle,64183034_33,64183034_2,64183034,64183034,within,108,-1,113,abattage,1978,342,cattle->cattle,2016,5,s2016,280,35,20,225,64183034_2->64183034_33,64183034_2->64183034_33,64183034_2->64183034_33,64183034_2->64183034_33,64183034_2->64183034_33,64183034_2->64183034_33
65832,13,SB0832,cattle,cattle,64183034_40,64183034_2,64183034,64183034,within,108,-1,113,abattage,1979,342,cattle->cattle,2016,5,s2016,280,35,20,225,64183034_2->64183034_40,64183034_2->64183034_40,64183034_2->64183034_40,64183034_2->64183034_40,64183034_2->64183034_40,64183034_2->64183034_40
65833,13,SB0832,cattle,cattle,64183034_32,64183034_4,64183034,64183034,within,108,109,111,abattage,1980,342,cattle->cattle,2016,3,s2016,280,35,20,225,64183034_4->64183034_32,64183034_4->64183034_32,64183034_4->64183034_32,64183034_4->64183034_32,64183034_4->64183034_32,64183034_4->64183034_32
65834,13,SB0832,cattle,cattle,64183034_38,64183034_4,64183034,64183034,within,108,-1,113,abattage,1981,342,cattle->cattle,2016,5,s2016,280,35,20,225,64183034_4->64183034_38,64183034_4->64183034_38,64183034_4->64183034_38,64183034_4->64183034_38,64183034_4->64183034_38,64183034_4->64183034_38
65835,13,SB0832,cattle,cattle,64183034_41,64183034_5,64183034,64183034,within,108,-1,111,abattage,1982,342,cattle->cattle,2016,3,s2016,280,35,20,225,64183034_5->64183034_41,64183034_5->64183034_41,64183034_5->64183034_41,64183034_5->64183034_41,64183034_5->64183034_41,64183034_5->64183034_41
65836,13,SB0832,cattle,cattle,64183034_43,64183034_5,64183034,64183034,within,108,-1,111,abattage,1983,342,cattle->cattle,2016,3,s2016,280,35,20,225,64183034_5->64183034_43,64183034_5->64183034_43,64183034_5->64183034_43,64183034_5->64183034_43,64183034_5->64183034_43,64183034_5->64183034_43
65837,13,SB0832,cattle,cattle,64183034_36,64183034_7,64183034,64183034,within,108,-1,111,abattage,1984,342,cattle->cattle,2016,3,s2016,280,35,20,225,64183034_7->64183034_36,64183034_7->64183034_36,64183034_7->64183034_36,64183034_7->64183034_36,64183034_7->64183034_36,64183034_7->64183034_36
65838,13,SB0832,cattle,cattle,64183034_39,64183034_7,64183034,64183034,within,108,-1,111,abattage,1985,342,cattle->cattle,2016,3,s2016,280,35,20,225,64183034_7->64183034_39,64183034_7->64183034_39,64183034_7->64183034_39,64183034_7->64183034_39,64183034_7->64183034_39,64183034_7->64183034_39
65839,13,SB0832,cattle,cattle,64183034_42,64183034_7,64183034,64183034,within,108,-1,113,abattage,1986,342,cattle->cattle,2016,5,s2016,280,35,20,225,64183034_7->64183034_42,64183034_7->64183034_42,64183034_7->64183034_42,64183034_7->64183034_42,64183034_7->64183034_42,64183034_7->64183034_42
65840,13,SB0832,cattle,cattle,64183034_37,64183034_8,64183034,64183034,within,108,109,113,abattage,1987,342,cattle->cattle,2016,5,s2016,280,35,20,225,64183034_8->64183034_37,64183034_8->64183034_37,64183034_8->64183034_37,64183034_8->64183034_37,64183034_8->64183034_37,64183034_8->64183034_37
65841,13,SB0832,cattle,cattle,64183034_35,64183034_9,64183034,64183034,within,108,109,111,abattage,1988,342,cattle->cattle,2016,3,s2016,280,35,20,225,64183034_9->64183034_35,64183034_9->64183034_35,64183034_9->64183034_35,64183034_9->64183034_35,64183034_9->64183034_35,64183034_9->64183034_35
65842,13,SB0832,cattle,cattle,64183034_47,64183034_35,64183034,64183034,within,109,-1,111,abattage,2022,342,cattle->cattle,2016,2,s2016,280,35,20,225,64183034_35->64183034_47,64183034_35->64183034_47,64183034_35->64183034_47,64183034_35->64183034_47,64183034_35->64183034_47,64183034_35->64183034_47
65843,13,SB0832,cattle,cattle,64183034_44,64183034_4,64183034,64183034,within,109,110,113,abattage,2023,342,cattle->cattle,2016,4,s2016,280,35,20,225,64183034_4->64183034_44,64183034_4->64183034_44,64183034_4->64183034_44,64183034_4->64183034_44,64183034_4->64183034_44,64183034_4->64183034_44
65844,13,SB0832,cattle,cattle,64183034_46,64183034_5,64183034,64183034,within,109,-1,113,abattage,2024,342,cattle->cattle,2016,4,s2016,280,35,20,225,64183034_5->64183034_46,64183034_5->64183034_46,64183034_5->64183034_46,64183034_5->64183034_46,64183034_5->64183034_46,64183034_5->64183034_46
65845,13,SB0832,cattle,cattle,64183034_45,64183034_9,64183034,64183034,within,109,110,111,abattage,2025,342,cattle->cattle,2016,2,s2016,280,35,20,225,64183034_9->64183034_45,64183034_9->64183034_45,64183034_9->64183034_45,64183034_9->64183034_45,64183034_9->64183034_45,64183034_9->64183034_45
65846,13,SB0832,cattle,cattle,64183034_52,64183034_1,64183034,64183034,within,110,-1,113,abattage,2061,342,cattle->cattle,2016,3,s2016,280,35,20,225,64183034_1->64183034_52,64183034_1->64183034_52,64183034_1->64183034_52,64183034_1->64183034_52,64183034_1->64183034_52,64183034_1->64183034_52
65847,13,SB0832,cattle,cattle,64183034_49,64183034_15,64183034,64183034,within,110,111,113,abattage,2062,342,cattle->cattle,2016,3,s2016,280,35,20,225,64183034_15->64183034_49,64183034_15->64183034_49,64183034_15->64183034_49,64183034_15->64183034_49,64183034_15->64183034_49,64183034_15->64183034_49
65848,13,SB0832,cattle,cattle,64183034_51,64183034_15,64183034,64183034,within,110,-1,113,abattage,2063,342,cattle->cattle,2016,3,s2016,280,35,20,225,64183034_15->64183034_51,64183034_15->64183034_51,64183034_15->64183034_51,64183034_15->64183034_51,64183034_15->64183034_51,64183034_15->64183034_51
65849,13,SB0832,cattle,cattle,64183034_60,64183034_15,64183034,64183034,within,110,112,113,abattage,2064,342,cattle->cattle,2016,3,s2016,280,35,20,225,64183034_15->64183034_60,64183034_15->64183034_60,64183034_15->64183034_60,64183034_15->64183034_60,64183034_15->64183034_60,64183034_15->64183034_60
65850,13,SB0832,cattle,cattle,64183034_48,64183034_2,64183034,64183034,within,110,-1,111,abattage,2065,342,cattle->cattle,2016,1,s2016,280,35,20,225,64183034_2->64183034_48,64183034_2->64183034_48,64183034_2->64183034_48,64183034_2->64183034_48,64183034_2->64183034_48,64183034_2->64183034_48
65851,13,SB0832,cattle,cattle,64183034_53,64183034_2,64183034,64183034,within,110,-1,111,abattage,2066,342,cattle->cattle,2016,1,s2016,280,35,20,225,64183034_2->64183034_53,64183034_2->64183034_53,64183034_2->64183034_53,64183034_2->64183034_53,64183034_2->64183034_53,64183034_2->64183034_53
65852,13,SB0832,cattle,cattle,64183034_55,64183034_32,64183034,64183034,within,110,-1,113,abattage,2067,342,cattle->cattle,2016,3,s2016,280,35,20,225,64183034_32->64183034_55,64183034_32->64183034_55,64183034_32->64183034_55,64183034_32->64183034_55,64183034_32->64183034_55,64183034_32->64183034_55
65853,13,SB0832,cattle,cattle,64183034_58,64183034_32,64183034,64183034,within,110,-1,111,abattage,2068,342,cattle->cattle,2016,1,s2016,280,35,20,225,64183034_32->64183034_58,64183034_32->64183034_58,64183034_32->64183034_58,64183034_32->64183034_58,64183034_32->64183034_58,64183034_32->64183034_58
65854,13,SB0832,cattle,cattle,64183034_56,64183034_4,64183034,64183034,within,110,-1,113,abattage,2069,342,cattle->cattle,2016,3,s2016,280,35,20,225,64183034_4->64183034_56,64183034_4->64183034_56,64183034_4->64183034_56,64183034_4->64183034_56,64183034_4->64183034_56,64183034_4->64183034_56
65855,13,SB0832,cattle,cattle,64183034_57,64183034_45,64183034,64183034,within,110,-1,113,abattage,2070,342,cattle->cattle,2016,3,s2016,280,35,20,225,64183034_45->64183034_57,64183034_45->64183034_57,64183034_45->64183034_57,64183034_45->64183034_57,64183034_45->64183034_57,64183034_45->64183034_57
65856,13,SB0832,cattle,cattle,64183034_54,64183034_8,64183034,64183034,within,110,-1,111,abattage,2071,342,cattle->cattle,2016,1,s2016,280,35,20,225,64183034_8->64183034_54,64183034_8->64183034_54,64183034_8->64183034_54,64183034_8->64183034_54,64183034_8->64183034_54,64183034_8->64183034_54
65857,13,SB0832,cattle,cattle,64183034_50,64183034_9,64183034,64183034,within,110,111,111,abattage,2072,342,cattle->cattle,2016,1,s2016,280,35,20,225,64183034_9->64183034_50,64183034_9->64183034_50,64183034_9->64183034_50,64183034_9->64183034_50,64183034_9->64183034_50,64183034_9->64183034_50
65858,13,SB0832,cattle,cattle,64183034_59,64183034_9,64183034,64183034,within,110,111,111,abattage,2073,342,cattle->cattle,2016,1,s2016,280,35,20,225,64183034_9->64183034_59,64183034_9->64183034_59,64183034_9->64183034_59,64183034_9->64183034_59,64183034_9->64183034_59,64183034_9->64183034_59
65859,13,SB0832,cattle,badger,64326020_0,45_d500_157_858_4,64326020,45_d500_157_858,badger,113,121,129,demographie,2121,342,badger->cattle,2016,16,s2016,280,35,20,225,45_d500_157_858_4->64326020_0,45_d500_157_858_4->64326020_0,45_d500_157_858_4->64326020_0,64420035_0->64326020_0,45_d500_157_858_4->64326020_0,64420035_0->64326020_0
65860,13,SB0832,cattle,cattle,64183034_61,64183034_37,64183034,64183034,within,113,-1,113,abattage,2123,342,cattle->cattle,2016,0,s2016,280,35,20,225,64183034_37->64183034_61,64183034_37->64183034_61,64183034_37->64183034_61,64183034_37->64183034_61,64183034_37->64183034_61,64183034_37->64183034_61
65861,13,SB0832,cattle,badger,64359054_0,45_d500_51_0,64359054,45_d500_51,badger,123,125,131,abattage,2274,342,badger->cattle,2017,8,s2016,280,35,20,225,45_d500_51_0->64359054_0,45_d500_51_0->64359054_0,45_d500_51_0->64359054_0,64449006_2->64359054_0,45_d500_51_0->64359054_0,64449006_2->64359054_0
65862,13,SB0832,badger,cattle,45_d500_157_858_5,64326020_0,45_d500_157_858,64326020,cattle,125,125,157,NA,2302,342,cattle->badger,2017,32,s2016,280,35,20,225,64326020_0->45_d500_157_858_5,64326020_0->45_d500_157_858_5,64326020_0->45_d500_157_858_5,NA,64326020_0->45_d500_157_858_5,NA
65863,13,SB0832,cattle,badger,64420035_4,45_d500_160_3,64420035,45_d500_160,badger,126,129,149,abattage,2303,342,badger->cattle,2017,23,s2016,280,35,20,225,45_d500_160_3->64420035_4,45_d500_160_3->64420035_4,45_d500_160_3->64420035_4,64420044_1->64420035_4,45_d500_160_3->64420035_4,64420044_1->64420035_4
65864,13,SB0832,badger,cattle,45_d500_62_0,64326020_0,45_d500_62,64326020,cattle,127,127,157,NA,2325,342,cattle->badger,2017,30,s2016,280,35,20,225,64326020_0->45_d500_62_0,64326020_0->45_d500_62_0,64326020_0->45_d500_62_0,NA,64326020_0->45_d500_62_0,NA
65865,13,SB0832,badger,cattle,45_d500_51_1,64359054_0,45_d500_51,64359054,cattle,127,127,131,demographie,2326,342,cattle->badger,2017,4,s2016,280,35,20,225,64359054_0->45_d500_51_1,64359054_0->45_d500_51_1,64359054_0->45_d500_51_1,NA,64359054_0->45_d500_51_1,NA
65866,13,SB0832,boar,cattle,64359_14,64359054_0,64359,64359054,cattle,127,127,136,demographie,2327,342,cattle->boar,2017,9,s2016,280,35,20,225,64359054_0->64359_14,64359054_0->64359_14,NA,64359054_0->64359_14,NA,64359054_0->64359_14
65867,13,SB0832,boar,cattle,64359_15,64359054_0,64359,64359054,cattle,129,129,139,demographie,2345,342,cattle->boar,2017,10,s2016,280,35,20,225,64359054_0->64359_15,64359054_0->64359_15,NA,64359054_0->64359_15,NA,64359054_0->64359_15
65868,13,SB0832,badger,cattle,45_d500_51_2,64359054_0,45_d500_51,64359054,cattle,130,130,157,NA,2348,342,cattle->badger,2017,27,s2016,280,35,20,225,64359054_0->45_d500_51_2,64359054_0->45_d500_51_2,64359054_0->45_d500_51_2,NA,64359054_0->45_d500_51_2,NA
65869,13,SB0832,boar,badger,64359_16,45_d500_62_0,64359,45_d500_62,badger,131,131,153,demographie,2353,342,badger->boar,2017,22,s2016,280,35,20,225,45_d500_62_0->64359_16,45_d500_62_0->64359_16,NA,64326020_0->64359_16,NA,64326020_0->64359_16
65870,13,SB0832,boar,cattle,64359_17,64359054_0,64359,64359054,cattle,131,131,143,demographie,2367,342,cattle->boar,2017,12,s2016,280,35,20,225,64359054_0->64359_17,64359054_0->64359_17,NA,64359054_0->64359_17,NA,64359054_0->64359_17
65871,13,SB0832,cattle,cattle,64420035_5,64420035_4,64420035,64420035,within,131,139,145,abattage,2370,342,cattle->cattle,2017,14,s2016,280,35,20,225,64420035_4->64420035_5,64420035_4->64420035_5,64420035_4->64420035_5,64420035_4->64420035_5,64420035_4->64420035_5,64420035_4->64420035_5
65872,13,SB0832,boar,cattle,64359_18,64359054_0,64359,64359054,cattle,133,133,141,demographie,2397,342,cattle->boar,2018,8,s2016,280,35,20,225,64359054_0->64359_18,64359054_0->64359_18,NA,64359054_0->64359_18,NA,64359054_0->64359_18
65873,13,SB0832,boar,cattle,64359_19,64359054_0,64359,64359054,cattle,133,133,137,demographie,2398,342,cattle->boar,2018,4,s2016,280,35,20,225,64359054_0->64359_19,64359054_0->64359_19,NA,64359054_0->64359_19,NA,64359054_0->64359_19
65874,13,SB0832,cattle,badger,64201014_0,45_d500_156_0,64201014,45_d500_156,badger,135,139,154,abattage,2422,342,badger->cattle,2018,19,s2016,280,35,20,225,45_d500_156_0->64201014_0,45_d500_156_0->64201014_0,45_d500_156_0->64201014_0,64420015_0->64201014_0,45_d500_156_0->64201014_0,64420015_0->64201014_0
65875,13,SB0832,boar,badger,64359_21,45_d500_62_0,64359,45_d500_62,badger,135,135,157,NA,2423,342,badger->boar,2018,22,s2016,280,35,20,225,45_d500_62_0->64359_21,45_d500_62_0->64359_21,NA,64326020_0->64359_21,NA,64326020_0->64359_21
65876,13,SB0832,cattle,badger,64420044_25,45_d500_160_3,64420044,45_d500_160,badger,139,144,157,NA,2448,342,badger->cattle,2018,18,s2016,280,35,20,225,45_d500_160_3->64420044_25,45_d500_160_3->64420044_25,45_d500_160_3->64420044_25,64420044_1->64420044_25,45_d500_160_3->64420044_25,64420044_1->64420044_25
65877,13,SB0832,cattle,cattle,64201014_1,64201014_0,64201014,64201014,within,140,143,154,abattage,2458,342,cattle->cattle,2018,14,s2016,280,35,20,225,64201014_0->64201014_1,64201014_0->64201014_1,64201014_0->64201014_1,64201014_0->64201014_1,64201014_0->64201014_1,64201014_0->64201014_1
65878,13,SB0832,cattle,cattle,64201014_2,64201014_0,64201014,64201014,within,143,151,154,abattage,2486,342,cattle->cattle,2018,11,s2016,280,35,20,225,64201014_0->64201014_2,64201014_0->64201014_2,64201014_0->64201014_2,64201014_0->64201014_2,64201014_0->64201014_2,64201014_0->64201014_2
65879,13,SB0832,cattle,cattle,64420035_6,64420035_4,64420035,64420035,within,143,-1,145,abattage,2496,342,cattle->cattle,2018,2,s2016,280,35,20,225,64420035_4->64420035_6,64420035_4->64420035_6,64420035_4->64420035_6,64420035_4->64420035_6,64420035_4->64420035_6,64420035_4->64420035_6
65880,13,SB0832,boar,badger,64359_24,45_d500_62_0,64359,45_d500_62,badger,145,145,157,NA,2510,342,badger->boar,2019,12,s2016,280,35,20,225,45_d500_62_0->64359_24,45_d500_62_0->64359_24,NA,64326020_0->64359_24,NA,64326020_0->64359_24
65881,13,SB0832,cattle,cattle,64201014_3,64201014_0,64201014,64201014,within,145,148,153,demographie,2511,342,cattle->cattle,2019,8,s2016,280,35,20,225,64201014_0->64201014_3,64201014_0->64201014_3,64201014_0->64201014_3,64201014_0->64201014_3,64201014_0->64201014_3,64201014_0->64201014_3
65882,13,SB0832,cattle,cattle,64201014_4,64201014_0,64201014,64201014,within,145,150,154,abattage,2512,342,cattle->cattle,2019,9,s2016,280,35,20,225,64201014_0->64201014_4,64201014_0->64201014_4,64201014_0->64201014_4,64201014_0->64201014_4,64201014_0->64201014_4,64201014_0->64201014_4
65883,13,SB0832,cattle,cattle,64201014_5,64201014_0,64201014,64201014,within,145,146,154,demographie,2513,342,cattle->cattle,2019,9,s2016,280,35,20,225,64201014_0->64201014_5,64201014_0->64201014_5,64201014_0->64201014_5,64201014_0->64201014_5,64201014_0->64201014_5,64201014_0->64201014_5
65884,13,SB0832,cattle,cattle,64420044_26,64420044_25,64420044,64420044,within,145,147,157,NA,2521,342,cattle->cattle,2019,12,s2016,280,35,20,225,64420044_25->64420044_26,64420044_25->64420044_26,64420044_25->64420044_26,64420044_25->64420044_26,64420044_25->64420044_26,64420044_25->64420044_26
65885,13,SB0832,cattle,cattle,64201014_6,64201014_1,64201014,64201014,within,146,146,154,abattage,2527,342,cattle->cattle,2019,8,s2016,280,35,20,225,64201014_1->64201014_6,64201014_1->64201014_6,64201014_1->64201014_6,64201014_1->64201014_6,64201014_1->64201014_6,64201014_1->64201014_6
65886,13,SB0832,cattle,cattle,64420044_27,64420044_25,64420044,64420044,within,146,150,157,NA,2528,342,cattle->cattle,2019,11,s2016,280,35,20,225,64420044_25->64420044_27,64420044_25->64420044_27,64420044_25->64420044_27,64420044_25->64420044_27,64420044_25->64420044_27,64420044_25->64420044_27
65887,13,SB0832,cattle,cattle,64420044_28,64420044_25,64420044,64420044,within,146,149,157,NA,2529,342,cattle->cattle,2019,11,s2016,280,35,20,225,64420044_25->64420044_28,64420044_25->64420044_28,64420044_25->64420044_28,64420044_25->64420044_28,64420044_25->64420044_28,64420044_25->64420044_28
65888,13,SB0832,cattle,badger,64420015_25,45_d500_160_3,64420015,45_d500_160,badger,147,-1,152,demographie,2534,342,badger->cattle,2019,5,s2016,280,35,20,225,45_d500_160_3->64420015_25,45_d500_160_3->64420015_25,45_d500_160_3->64420015_25,64420044_1->64420015_25,45_d500_160_3->64420015_25,64420044_1->64420015_25
65889,13,SB0832,cattle,cattle,64201014_8,64201014_0,64201014,64201014,within,147,-1,154,abattage,2535,342,cattle->cattle,2019,7,s2016,280,35,20,225,64201014_0->64201014_8,64201014_0->64201014_8,64201014_0->64201014_8,64201014_0->64201014_8,64201014_0->64201014_8,64201014_0->64201014_8
65890,13,SB0832,cattle,cattle,64201014_7,64201014_5,64201014,64201014,within,147,-1,154,abattage,2536,342,cattle->cattle,2019,7,s2016,280,35,20,225,64201014_5->64201014_7,64201014_5->64201014_7,64201014_5->64201014_7,64201014_5->64201014_7,64201014_5->64201014_7,64201014_5->64201014_7
65891,13,SB0832,cattle,cattle,64201014_9,64201014_3,64201014,64201014,within,148,150,154,abattage,2546,342,cattle->cattle,2019,6,s2016,280,35,20,225,64201014_3->64201014_9,64201014_3->64201014_9,64201014_3->64201014_9,64201014_3->64201014_9,64201014_3->64201014_9,64201014_3->64201014_9
65892,13,SB0832,cattle,cattle,64420035_7,64420035_4,64420035,64420035,within,148,150,152,abattage,2550,342,cattle->cattle,2019,4,s2016,280,35,20,225,64420035_4->64420035_7,64420035_4->64420035_7,64420035_4->64420035_7,64420035_4->64420035_7,64420035_4->64420035_7,64420035_4->64420035_7
65893,13,SB0832,cattle,cattle,64201014_10,64201014_1,64201014,64201014,within,149,150,154,abattage,2552,342,cattle->cattle,2019,5,s2016,280,35,20,225,64201014_1->64201014_10,64201014_1->64201014_10,64201014_1->64201014_10,64201014_1->64201014_10,64201014_1->64201014_10,64201014_1->64201014_10
65894,13,SB0832,cattle,cattle,64201014_13,64201014_3,64201014,64201014,within,149,150,154,abattage,2553,342,cattle->cattle,2019,5,s2016,280,35,20,225,64201014_3->64201014_13,64201014_3->64201014_13,64201014_3->64201014_13,64201014_3->64201014_13,64201014_3->64201014_13,64201014_3->64201014_13
65895,13,SB0832,cattle,cattle,64201014_11,64201014_5,64201014,64201014,within,149,153,154,abattage,2554,342,cattle->cattle,2019,5,s2016,280,35,20,225,64201014_5->64201014_11,64201014_5->64201014_11,64201014_5->64201014_11,64201014_5->64201014_11,64201014_5->64201014_11,64201014_5->64201014_11
65896,13,SB0832,cattle,cattle,64201014_12,64201014_6,64201014,64201014,within,149,150,154,abattage,2555,342,cattle->cattle,2019,5,s2016,280,35,20,225,64201014_6->64201014_12,64201014_6->64201014_12,64201014_6->64201014_12,64201014_6->64201014_12,64201014_6->64201014_12,64201014_6->64201014_12
65897,13,SB0832,cattle,cattle,64201014_14,64201014_3,64201014,64201014,within,151,-1,154,abattage,2564,342,cattle->cattle,2019,3,s2016,280,35,20,225,64201014_3->64201014_14,64201014_3->64201014_14,64201014_3->64201014_14,64201014_3->64201014_14,64201014_3->64201014_14,64201014_3->64201014_14
65898,13,SB0832,cattle,cattle,64201014_15,64201014_4,64201014,64201014,within,151,-1,154,abattage,2565,342,cattle->cattle,2019,3,s2016,280,35,20,225,64201014_4->64201014_15,64201014_4->64201014_15,64201014_4->64201014_15,64201014_4->64201014_15,64201014_4->64201014_15,64201014_4->64201014_15
65899,13,SB0832,cattle,cattle,64201014_16,64201014_9,64201014,64201014,within,151,153,154,abattage,2566,342,cattle->cattle,2019,3,s2016,280,35,20,225,64201014_9->64201014_16,64201014_9->64201014_16,64201014_9->64201014_16,64201014_9->64201014_16,64201014_9->64201014_16,64201014_9->64201014_16
65900,13,SB0832,cattle,cattle,64420015_26,64420044_27,64420015,64420044,pasture,151,154,157,NA,2570,342,cattle->cattle,2019,6,s2016,280,35,20,225,64420044_27->64420015_26,64420044_27->64420015_26,64420044_27->64420015_26,64420044_27->64420015_26,64420044_27->64420015_26,64420044_27->64420015_26
65901,13,SB0832,cattle,cattle,64201014_17,64201014_13,64201014,64201014,within,152,153,154,abattage,2574,342,cattle->cattle,2019,2,s2016,280,35,20,225,64201014_13->64201014_17,64201014_13->64201014_17,64201014_13->64201014_17,64201014_13->64201014_17,64201014_13->64201014_17,64201014_13->64201014_17
65902,13,SB0832,cattle,cattle,64201014_18,64201014_13,64201014,64201014,within,152,-1,154,abattage,2575,342,cattle->cattle,2019,2,s2016,280,35,20,225,64201014_13->64201014_18,64201014_13->64201014_18,64201014_13->64201014_18,64201014_13->64201014_18,64201014_13->64201014_18,64201014_13->64201014_18
65903,13,SB0832,cattle,cattle,64201014_19,64201014_13,64201014,64201014,within,152,-1,154,abattage,2576,342,cattle->cattle,2019,2,s2016,280,35,20,225,64201014_13->64201014_19,64201014_13->64201014_19,64201014_13->64201014_19,64201014_13->64201014_19,64201014_13->64201014_19,64201014_13->64201014_19
65904,13,SB0832,cattle,cattle,64201014_21,64201014_4,64201014,64201014,within,152,154,154,abattage,2577,342,cattle->cattle,2019,2,s2016,280,35,20,225,64201014_4->64201014_21,64201014_4->64201014_21,64201014_4->64201014_21,64201014_4->64201014_21,64201014_4->64201014_21,64201014_4->64201014_21
65905,13,SB0832,cattle,cattle,64201014_20,64201014_6,64201014,64201014,within,152,-1,154,abattage,2578,342,cattle->cattle,2019,2,s2016,280,35,20,225,64201014_6->64201014_20,64201014_6->64201014_20,64201014_6->64201014_20,64201014_6->64201014_20,64201014_6->64201014_20,64201014_6->64201014_20
65906,13,SB0832,cattle,cattle,64420044_29,64420044_28,64420044,64420044,within,152,154,157,NA,2586,342,cattle->cattle,2019,5,s2016,280,35,20,225,64420044_28->64420044_29,64420044_28->64420044_29,64420044_28->64420044_29,64420044_28->64420044_29,64420044_28->64420044_29,64420044_28->64420044_29
65907,13,SB0832,cattle,cattle,64201014_22,64201014_10,64201014,64201014,within,153,-1,154,abattage,2589,342,cattle->cattle,2019,1,s2016,280,35,20,225,64201014_10->64201014_22,64201014_10->64201014_22,64201014_10->64201014_22,64201014_10->64201014_22,64201014_10->64201014_22,64201014_10->64201014_22
65908,13,SB0832,cattle,cattle,64201014_23,64201014_12,64201014,64201014,within,153,-1,154,abattage,2590,342,cattle->cattle,2019,1,s2016,280,35,20,225,64201014_12->64201014_23,64201014_12->64201014_23,64201014_12->64201014_23,64201014_12->64201014_23,64201014_12->64201014_23,64201014_12->64201014_23
65909,13,SB0832,cattle,cattle,64420015_27,64420044_26,64420015,64420044,pasture,153,-1,157,NA,2593,342,cattle->cattle,2019,4,s2016,280,35,20,225,64420044_26->64420015_27,64420044_26->64420015_27,64420044_26->64420015_27,64420044_26->64420015_27,64420044_26->64420015_27,64420044_26->64420015_27
65910,13,SB0832,cattle,cattle,64420044_30,64420044_28,64420044,64420044,within,153,154,157,NA,2594,342,cattle->cattle,2019,4,s2016,280,35,20,225,64420044_28->64420044_30,64420044_28->64420044_30,64420044_28->64420044_30,64420044_28->64420044_30,64420044_28->64420044_30,64420044_28->64420044_30
65911,13,SB0832,cattle,badger,64281001_0,45_d500_156_0,64281001,45_d500_156,badger,154,-1,157,NA,2597,342,badger->cattle,2019,3,s2016,280,35,20,225,45_d500_156_0->64281001_0,45_d500_156_0->64281001_0,45_d500_156_0->64281001_0,64420015_0->64281001_0,45_d500_156_0->64281001_0,64420015_0->64281001_0
65912,13,SB0832,cattle,cattle,64420015_28,64420044_25,64420015,64420044,pasture,154,-1,157,NA,2603,342,cattle->cattle,2019,3,s2016,280,35,20,225,64420044_25->64420015_28,64420044_25->64420015_28,64420044_25->64420015_28,64420044_25->64420015_28,64420044_25->64420015_28,64420044_25->64420015_28
65913,13,SB0832,cattle,cattle,64420044_31,64420044_26,64420044,64420044,within,154,-1,157,NA,2604,342,cattle->cattle,2019,3,s2016,280,35,20,225,64420044_26->64420044_31,64420044_26->64420044_31,64420044_26->64420044_31,64420044_26->64420044_31,64420044_26->64420044_31,64420044_26->64420044_31
65914,13,SB0832,cattle,cattle,64420047_1,64420044_26,64420047,64420044,pasture,154,-1,157,NA,2605,342,cattle->cattle,2019,3,s2016,280,35,20,225,64420044_26->64420047_1,64420044_26->64420047_1,64420044_26->64420047_1,64420044_26->64420047_1,64420044_26->64420047_1,64420044_26->64420047_1
65915,13,SB0832,cattle,cattle,64420044_32,64420044_27,64420044,64420044,within,155,-1,157,NA,2612,342,cattle->cattle,2019,2,s2016,280,35,20,225,64420044_27->64420044_32,64420044_27->64420044_32,64420044_27->64420044_32,64420044_27->64420044_32,64420044_27->64420044_32,64420044_27->64420044_32
