X1,root,type,sp_infected,sp_infector,infected,infector,pop_infected,pop_infector,modeinfection,tinfection,tinfective,tremoved,moderemoval,index,sim,transmission,year,period_inf,surv,nb_lineages,cattle,trans_1,trans_2,trans_3,trans_4,trans_5,trans_6
20215,13,SB0832,cattle,NA,64420015_0,NA,64420015,NA,initialisation,0,2,20,demographie,13,46,NA->cattle,2007,20,b2012,314,314,NA,NA,NA,NA,NA,NA
20216,13,SB0832,cattle,cattle,64420044_0,64420015_0,64420044,64420015,pasture,6,-1,25,abattage,25,46,cattle->cattle,2007,19,b2012,314,314,64420015_0->64420044_0,64420015_0->64420044_0,64420015_0->64420044_0,64420015_0->64420044_0,64420015_0->64420044_0,64420015_0->64420044_0
20217,13,SB0832,cattle,cattle,64420015_1,64420015_0,64420015,64420015,within,11,15,21,abattage,44,46,cattle->cattle,2007,10,b2012,314,314,64420015_0->64420015_1,64420015_0->64420015_1,64420015_0->64420015_1,64420015_0->64420015_1,64420015_0->64420015_1,64420015_0->64420015_1
20218,13,SB0832,cattle,cattle,64420015_2,64420015_0,64420015,64420015,within,11,12,21,abattage,45,46,cattle->cattle,2007,10,b2012,314,314,64420015_0->64420015_2,64420015_0->64420015_2,64420015_0->64420015_2,64420015_0->64420015_2,64420015_0->64420015_2,64420015_0->64420015_2
20219,13,SB0832,cattle,cattle,64420015_3,64420015_2,64420015,64420015,within,13,14,21,demographie,60,46,cattle->cattle,2008,8,b2012,314,314,64420015_2->64420015_3,64420015_2->64420015_3,64420015_2->64420015_3,64420015_2->64420015_3,64420015_2->64420015_3,64420015_2->64420015_3
20220,13,SB0832,cattle,cattle,64420044_1,64420015_3,64420044,64420015,pasture,18,30,50,abattage,100,46,cattle->cattle,2008,32,b2012,314,314,64420015_3->64420044_1,64420015_3->64420044_1,64420015_3->64420044_1,64420015_3->64420044_1,64420015_3->64420044_1,64420015_3->64420044_1
20221,13,SB0832,cattle,cattle,64420015_4,64420015_2,64420015,64420015,within,21,-1,21,abattage,136,46,cattle->cattle,2008,0,b2012,314,314,64420015_2->64420015_4,64420015_2->64420015_4,64420015_2->64420015_4,64420015_2->64420015_4,64420015_2->64420015_4,64420015_2->64420015_4
20222,13,SB0832,cattle,cattle,64420044_2,64420015_1,64420044,64420015,pasture,22,23,50,abattage,146,46,cattle->cattle,2008,28,b2012,314,314,64420015_1->64420044_2,64420015_1->64420044_2,64420015_1->64420044_2,64420015_1->64420044_2,64420015_1->64420044_2,64420015_1->64420044_2
20223,13,SB0832,cattle,cattle,64420044_3,64420044_2,64420044,64420044,within,24,-1,42,demographie,183,46,cattle->cattle,2009,18,b2012,314,314,64420044_2->64420044_3,64420044_2->64420044_3,64420044_2->64420044_3,64420044_2->64420044_3,64420044_2->64420044_3,64420044_2->64420044_3
20224,13,SB0832,cattle,cattle,64420044_4,64420044_2,64420044,64420044,within,31,36,50,abattage,229,46,cattle->cattle,2009,19,b2012,314,314,64420044_2->64420044_4,64420044_2->64420044_4,64420044_2->64420044_4,64420044_2->64420044_4,64420044_2->64420044_4,64420044_2->64420044_4
20225,13,SB0832,cattle,cattle,64420044_5,64420044_2,64420044,64420044,within,32,38,49,demographie,233,46,cattle->cattle,2009,17,b2012,314,314,64420044_2->64420044_5,64420044_2->64420044_5,64420044_2->64420044_5,64420044_2->64420044_5,64420044_2->64420044_5,64420044_2->64420044_5
20226,13,SB0832,cattle,cattle,64420044_6,64420044_1,64420044,64420044,within,35,39,50,abattage,243,46,cattle->cattle,2009,15,b2012,314,314,64420044_1->64420044_6,64420044_1->64420044_6,64420044_1->64420044_6,64420044_1->64420044_6,64420044_1->64420044_6,64420044_1->64420044_6
20227,13,SB0832,cattle,cattle,64420044_7,64420044_1,64420044,64420044,within,35,36,50,abattage,244,46,cattle->cattle,2009,15,b2012,314,314,64420044_1->64420044_7,64420044_1->64420044_7,64420044_1->64420044_7,64420044_1->64420044_7,64420044_1->64420044_7,64420044_1->64420044_7
20228,13,SB0832,cattle,cattle,64420044_8,64420044_7,64420044,64420044,within,36,39,50,abattage,254,46,cattle->cattle,2010,14,b2012,314,314,64420044_7->64420044_8,64420044_7->64420044_8,64420044_7->64420044_8,64420044_7->64420044_8,64420044_7->64420044_8,64420044_7->64420044_8
20229,13,SB0832,cattle,cattle,64420044_9,64420044_1,64420044,64420044,within,37,40,50,abattage,264,46,cattle->cattle,2010,13,b2012,314,314,64420044_1->64420044_9,64420044_1->64420044_9,64420044_1->64420044_9,64420044_1->64420044_9,64420044_1->64420044_9,64420044_1->64420044_9
20230,13,SB0832,cattle,cattle,64420044_10,64420044_1,64420044,64420044,within,38,48,50,abattage,271,46,cattle->cattle,2010,12,b2012,314,314,64420044_1->64420044_10,64420044_1->64420044_10,64420044_1->64420044_10,64420044_1->64420044_10,64420044_1->64420044_10,64420044_1->64420044_10
20231,13,SB0832,cattle,cattle,64420044_11,64420044_2,64420044,64420044,within,38,40,50,abattage,272,46,cattle->cattle,2010,12,b2012,314,314,64420044_2->64420044_11,64420044_2->64420044_11,64420044_2->64420044_11,64420044_2->64420044_11,64420044_2->64420044_11,64420044_2->64420044_11
20232,13,SB0832,cattle,cattle,64420044_14,64420044_2,64420044,64420044,within,38,-1,47,demographie,273,46,cattle->cattle,2010,9,b2012,314,314,64420044_2->64420044_14,64420044_2->64420044_14,64420044_2->64420044_14,64420044_2->64420044_14,64420044_2->64420044_14,64420044_2->64420044_14
20233,13,SB0832,cattle,cattle,64420044_12,64420044_7,64420044,64420044,within,38,-1,50,demographie,274,46,cattle->cattle,2010,12,b2012,314,314,64420044_7->64420044_12,64420044_7->64420044_12,64420044_7->64420044_12,64420044_7->64420044_12,64420044_7->64420044_12,64420044_7->64420044_12
20234,13,SB0832,cattle,cattle,64420044_13,64420044_7,64420044,64420044,within,38,-1,50,abattage,275,46,cattle->cattle,2010,12,b2012,314,314,64420044_7->64420044_13,64420044_7->64420044_13,64420044_7->64420044_13,64420044_7->64420044_13,64420044_7->64420044_13,64420044_7->64420044_13
20235,13,SB0832,cattle,cattle,64420047_0,64420044_2,64420047,64420044,pasture,41,48,64,abattage,298,46,cattle->cattle,2010,23,b2012,314,314,64420044_2->64420047_0,64420044_2->64420047_0,64420044_2->64420047_0,64420044_2->64420047_0,64420044_2->64420047_0,64420044_2->64420047_0
20236,13,SB0832,cattle,cattle,64420044_15,64420044_7,64420044,64420044,within,41,46,50,abattage,299,46,cattle->cattle,2010,9,b2012,314,314,64420044_7->64420044_15,64420044_7->64420044_15,64420044_7->64420044_15,64420044_7->64420044_15,64420044_7->64420044_15,64420044_7->64420044_15
20237,13,SB0832,cattle,cattle,64420015_5,64420044_2,64420015,64420044,pasture,42,44,61,abattage,310,46,cattle->cattle,2010,19,b2012,314,314,64420044_2->64420015_5,64420044_2->64420015_5,64420044_2->64420015_5,64420044_2->64420015_5,64420044_2->64420015_5,64420044_2->64420015_5
20238,13,SB0832,cattle,cattle,64420047_1,64420044_2,64420047,64420044,pasture,42,51,64,abattage,311,46,cattle->cattle,2010,22,b2012,314,314,64420044_2->64420047_1,64420044_2->64420047_1,64420044_2->64420047_1,64420044_2->64420047_1,64420044_2->64420047_1,64420044_2->64420047_1
20239,13,SB0832,cattle,cattle,64420044_16,64420044_5,64420044,64420044,within,42,48,50,abattage,312,46,cattle->cattle,2010,8,b2012,314,314,64420044_5->64420044_16,64420044_5->64420044_16,64420044_5->64420044_16,64420044_5->64420044_16,64420044_5->64420044_16,64420044_5->64420044_16
20240,13,SB0832,cattle,cattle,64420047_2,64420044_2,64420047,64420044,pasture,43,63,64,abattage,322,46,cattle->cattle,2010,21,b2012,314,314,64420044_2->64420047_2,64420044_2->64420047_2,64420044_2->64420047_2,64420044_2->64420047_2,64420044_2->64420047_2,64420044_2->64420047_2
20241,13,SB0832,cattle,cattle,64420015_6,64420044_9,64420015,64420044,pasture,43,44,51,demographie,323,46,cattle->cattle,2010,8,b2012,314,314,64420044_9->64420015_6,64420044_9->64420015_6,64420044_9->64420015_6,64420044_9->64420015_6,64420044_9->64420015_6,64420044_9->64420015_6
20242,13,SB0832,cattle,cattle,64420015_7,64420044_7,64420015,64420044,pasture,45,-1,47,demographie,339,46,cattle->cattle,2010,2,b2012,314,314,64420044_7->64420015_7,64420044_7->64420015_7,64420044_7->64420015_7,64420044_7->64420015_7,64420044_7->64420015_7,64420044_7->64420015_7
20243,13,SB0832,cattle,cattle,64420044_17,64420044_2,64420044,64420044,within,47,-1,50,abattage,359,46,cattle->cattle,2010,3,b2012,314,314,64420044_2->64420044_17,64420044_2->64420044_17,64420044_2->64420044_17,64420044_2->64420044_17,64420044_2->64420044_17,64420044_2->64420044_17
20244,13,SB0832,cattle,cattle,64420044_19,64420044_10,64420044,64420044,within,48,50,50,abattage,373,46,cattle->cattle,2011,2,b2012,314,314,64420044_10->64420044_19,64420044_10->64420044_19,64420044_10->64420044_19,64420044_10->64420044_19,64420044_10->64420044_19,64420044_10->64420044_19
20245,13,SB0832,cattle,cattle,64420044_20,64420044_2,64420044,64420044,within,48,-1,50,abattage,374,46,cattle->cattle,2011,2,b2012,314,314,64420044_2->64420044_20,64420044_2->64420044_20,64420044_2->64420044_20,64420044_2->64420044_20,64420044_2->64420044_20,64420044_2->64420044_20
20246,13,SB0832,cattle,cattle,64420044_18,64420044_6,64420044,64420044,within,48,-1,50,abattage,375,46,cattle->cattle,2011,2,b2012,314,314,64420044_6->64420044_18,64420044_6->64420044_18,64420044_6->64420044_18,64420044_6->64420044_18,64420044_6->64420044_18,64420044_6->64420044_18
20247,13,SB0832,cattle,cattle,64420044_23,64420044_1,64420044,64420044,within,49,-1,50,abattage,390,46,cattle->cattle,2011,1,b2012,314,314,64420044_1->64420044_23,64420044_1->64420044_23,64420044_1->64420044_23,64420044_1->64420044_23,64420044_1->64420044_23,64420044_1->64420044_23
20248,13,SB0832,cattle,cattle,64420044_21,64420044_10,64420044,64420044,within,49,-1,50,abattage,391,46,cattle->cattle,2011,1,b2012,314,314,64420044_10->64420044_21,64420044_10->64420044_21,64420044_10->64420044_21,64420044_10->64420044_21,64420044_10->64420044_21,64420044_10->64420044_21
20249,13,SB0832,cattle,cattle,64420044_22,64420044_15,64420044,64420044,within,49,-1,50,abattage,392,46,cattle->cattle,2011,1,b2012,314,314,64420044_15->64420044_22,64420044_15->64420044_22,64420044_15->64420044_22,64420044_15->64420044_22,64420044_15->64420044_22,64420044_15->64420044_22
20250,13,SB0832,cattle,cattle,64420047_3,64420047_0,64420047,64420047,within,49,56,63,demographie,393,46,cattle->cattle,2011,14,b2012,314,314,64420047_0->64420047_3,64420047_0->64420047_3,64420047_0->64420047_3,64420047_0->64420047_3,64420047_0->64420047_3,64420047_0->64420047_3
20251,13,SB0832,cattle,cattle,64420047_4,64420047_0,64420047,64420047,within,49,54,64,abattage,394,46,cattle->cattle,2011,15,b2012,314,314,64420047_0->64420047_4,64420047_0->64420047_4,64420047_0->64420047_4,64420047_0->64420047_4,64420047_0->64420047_4,64420047_0->64420047_4
20252,13,SB0832,cattle,cattle,64420047_5,64420047_0,64420047,64420047,within,49,50,64,abattage,395,46,cattle->cattle,2011,15,b2012,314,314,64420047_0->64420047_5,64420047_0->64420047_5,64420047_0->64420047_5,64420047_0->64420047_5,64420047_0->64420047_5,64420047_0->64420047_5
20253,13,SB0832,cattle,cattle,64420044_25,64420044_1,64420044,64420044,within,50,-1,50,abattage,414,46,cattle->cattle,2011,0,b2012,314,314,64420044_1->64420044_25,64420044_1->64420044_25,64420044_1->64420044_25,64420044_1->64420044_25,64420044_1->64420044_25,64420044_1->64420044_25
20254,13,SB0832,cattle,cattle,64420044_26,64420044_15,64420044,64420044,within,50,-1,50,abattage,415,46,cattle->cattle,2011,0,b2012,314,314,64420044_15->64420044_26,64420044_15->64420044_26,64420044_15->64420044_26,64420044_15->64420044_26,64420044_15->64420044_26,64420044_15->64420044_26
20255,13,SB0832,cattle,cattle,64420044_27,64420044_16,64420044,64420044,within,50,-1,50,abattage,416,46,cattle->cattle,2011,0,b2012,314,314,64420044_16->64420044_27,64420044_16->64420044_27,64420044_16->64420044_27,64420044_16->64420044_27,64420044_16->64420044_27,64420044_16->64420044_27
20256,13,SB0832,cattle,cattle,64420044_24,64420044_9,64420044,64420044,within,50,-1,50,abattage,417,46,cattle->cattle,2011,0,b2012,314,314,64420044_9->64420044_24,64420044_9->64420044_24,64420044_9->64420044_24,64420044_9->64420044_24,64420044_9->64420044_24,64420044_9->64420044_24
20257,13,SB0832,cattle,cattle,64420044_28,64420044_9,64420044,64420044,within,50,-1,50,abattage,418,46,cattle->cattle,2011,0,b2012,314,314,64420044_9->64420044_28,64420044_9->64420044_28,64420044_9->64420044_28,64420044_9->64420044_28,64420044_9->64420044_28,64420044_9->64420044_28
20258,13,SB0832,cattle,cattle,64420035_0,64420047_0,64420035,64420047,pasture,52,54,68,abattage,442,46,cattle->cattle,2011,16,b2012,314,314,64420047_0->64420035_0,64420047_0->64420035_0,64420047_0->64420035_0,64420047_0->64420035_0,64420047_0->64420035_0,64420047_0->64420035_0
20259,13,SB0832,cattle,cattle,64420012_0,64420047_1,64420012,64420047,pasture,52,53,73,demographie,443,46,cattle->cattle,2011,21,b2012,314,314,64420047_1->64420012_0,64420047_1->64420012_0,64420047_1->64420012_0,64420047_1->64420012_0,64420047_1->64420012_0,64420047_1->64420012_0
20260,13,SB0832,cattle,cattle,64420038_0,64420047_5,64420038,64420047,pasture,52,54,75,abattage,444,46,cattle->cattle,2011,23,b2012,314,314,64420047_5->64420038_0,64420047_5->64420038_0,64420047_5->64420038_0,64420047_5->64420038_0,64420047_5->64420038_0,64420047_5->64420038_0
20261,13,SB0832,cattle,cattle,64420038_1,64420047_5,64420038,64420047,pasture,52,53,75,abattage,445,46,cattle->cattle,2011,23,b2012,314,314,64420047_5->64420038_1,64420047_5->64420038_1,64420047_5->64420038_1,64420047_5->64420038_1,64420047_5->64420038_1,64420047_5->64420038_1
20262,13,SB0832,cattle,cattle,64420047_6,64420047_1,64420047,64420047,within,53,53,64,abattage,456,46,cattle->cattle,2011,11,b2012,314,314,64420047_1->64420047_6,64420047_1->64420047_6,64420047_1->64420047_6,64420047_1->64420047_6,64420047_1->64420047_6,64420047_1->64420047_6
20263,13,SB0832,cattle,cattle,64420038_2,64420047_5,64420038,64420047,pasture,53,56,75,abattage,457,46,cattle->cattle,2011,22,b2012,314,314,64420047_5->64420038_2,64420047_5->64420038_2,64420047_5->64420038_2,64420047_5->64420038_2,64420047_5->64420038_2,64420047_5->64420038_2
20264,13,SB0832,cattle,cattle,64420039_0,64420047_0,64420039,64420047,pasture,54,57,72,abattage,475,46,cattle->cattle,2011,18,b2012,314,314,64420047_0->64420039_0,64420047_0->64420039_0,64420047_0->64420039_0,64420047_0->64420039_0,64420047_0->64420039_0,64420047_0->64420039_0
20265,13,SB0832,cattle,cattle,64420012_1,64420047_1,64420012,64420047,pasture,54,55,72,demographie,476,46,cattle->cattle,2011,18,b2012,314,314,64420047_1->64420012_1,64420047_1->64420012_1,64420047_1->64420012_1,64420047_1->64420012_1,64420047_1->64420012_1,64420047_1->64420012_1
20266,13,SB0832,cattle,cattle,64420039_1,64420047_4,64420039,64420047,pasture,54,56,72,abattage,477,46,cattle->cattle,2011,18,b2012,314,314,64420047_4->64420039_1,64420047_4->64420039_1,64420047_4->64420039_1,64420047_4->64420039_1,64420047_4->64420039_1,64420047_4->64420039_1
20267,13,SB0832,cattle,cattle,64420028_0,64420047_0,64420028,64420047,pasture,55,60,64,abattage,504,46,cattle->cattle,2011,9,b2012,314,314,64420047_0->64420028_0,64420047_0->64420028_0,64420047_0->64420028_0,64420047_0->64420028_0,64420047_0->64420028_0,64420047_0->64420028_0
20268,13,SB0832,cattle,cattle,64420035_1,64420047_0,64420035,64420047,pasture,55,56,68,abattage,505,46,cattle->cattle,2011,13,b2012,314,314,64420047_0->64420035_1,64420047_0->64420035_1,64420047_0->64420035_1,64420047_0->64420035_1,64420047_0->64420035_1,64420047_0->64420035_1
20269,13,SB0832,cattle,cattle,64420047_7,64420047_1,64420047,64420047,within,55,56,64,abattage,506,46,cattle->cattle,2011,9,b2012,314,314,64420047_1->64420047_7,64420047_1->64420047_7,64420047_1->64420047_7,64420047_1->64420047_7,64420047_1->64420047_7,64420047_1->64420047_7
20270,13,SB0832,cattle,cattle,64420012_2,64420047_4,64420012,64420047,pasture,55,-1,73,abattage,507,46,cattle->cattle,2011,18,b2012,314,314,64420047_4->64420012_2,64420047_4->64420012_2,64420047_4->64420012_2,64420047_4->64420012_2,64420047_4->64420012_2,64420047_4->64420012_2
20271,13,SB0832,cattle,cattle,64420039_2,64420038_0,64420039,64420038,pasture,56,59,72,abattage,523,46,cattle->cattle,2011,16,b2012,314,314,64420038_0->64420039_2,64420038_0->64420039_2,64420038_0->64420039_2,64420038_0->64420039_2,64420038_0->64420039_2,64420038_0->64420039_2
20272,13,SB0832,cattle,cattle,64420038_3,64420038_1,64420038,64420038,within,56,61,75,abattage,524,46,cattle->cattle,2011,19,b2012,314,314,64420038_1->64420038_3,64420038_1->64420038_3,64420038_1->64420038_3,64420038_1->64420038_3,64420038_1->64420038_3,64420038_1->64420038_3
20273,13,SB0832,cattle,cattle,64420038_4,64420038_1,64420038,64420038,within,56,60,75,abattage,525,46,cattle->cattle,2011,19,b2012,314,314,64420038_1->64420038_4,64420038_1->64420038_4,64420038_1->64420038_4,64420038_1->64420038_4,64420038_1->64420038_4,64420038_1->64420038_4
20274,13,SB0832,cattle,cattle,64420028_1,64420047_4,64420028,64420047,pasture,56,57,64,abattage,526,46,cattle->cattle,2011,8,b2012,314,314,64420047_4->64420028_1,64420047_4->64420028_1,64420047_4->64420028_1,64420047_4->64420028_1,64420047_4->64420028_1,64420047_4->64420028_1
20275,13,SB0832,cattle,cattle,64420035_2,64420047_7,64420035,64420047,pasture,56,58,65,demographie,527,46,cattle->cattle,2011,9,b2012,314,314,64420047_7->64420035_2,64420047_7->64420035_2,64420047_7->64420035_2,64420047_7->64420035_2,64420047_7->64420035_2,64420047_7->64420035_2
20276,13,SB0832,cattle,cattle,64420047_8,64420035_4,64420047,64420035,pasture,57,62,64,abattage,554,46,cattle->cattle,2011,7,b2012,314,314,64420035_4->64420047_8,64420035_4->64420047_8,64420035_4->64420047_8,64420035_4->64420047_8,64420035_4->64420047_8,64420035_4->64420047_8
20277,13,SB0832,cattle,cattle,64420035_3,64420047_0,64420035,64420047,pasture,57,60,68,abattage,555,46,cattle->cattle,2011,11,b2012,314,314,64420047_0->64420035_3,64420047_0->64420035_3,64420047_0->64420035_3,64420047_0->64420035_3,64420047_0->64420035_3,64420047_0->64420035_3
20278,13,SB0832,cattle,cattle,64420035_5,64420047_0,64420035,64420047,pasture,57,58,68,abattage,556,46,cattle->cattle,2011,11,b2012,314,314,64420047_0->64420035_5,64420047_0->64420035_5,64420047_0->64420035_5,64420047_0->64420035_5,64420047_0->64420035_5,64420047_0->64420035_5
20279,13,SB0832,cattle,cattle,64420035_4,64420047_1,64420035,64420047,pasture,57,57,68,abattage,557,46,cattle->cattle,2011,11,b2012,314,314,64420047_1->64420035_4,64420047_1->64420035_4,64420047_1->64420035_4,64420047_1->64420035_4,64420047_1->64420035_4,64420047_1->64420035_4
20280,13,SB0832,cattle,cattle,64420039_4,64420047_1,64420039,64420047,pasture,57,63,72,abattage,558,46,cattle->cattle,2011,15,b2012,314,314,64420047_1->64420039_4,64420047_1->64420039_4,64420047_1->64420039_4,64420047_1->64420039_4,64420047_1->64420039_4,64420047_1->64420039_4
20281,13,SB0832,cattle,cattle,64420047_9,64420047_5,64420047,64420047,within,57,60,64,abattage,559,46,cattle->cattle,2011,7,b2012,314,314,64420047_5->64420047_9,64420047_5->64420047_9,64420047_5->64420047_9,64420047_5->64420047_9,64420047_5->64420047_9,64420047_5->64420047_9
20282,13,SB0832,cattle,cattle,64420047_10,64420047_6,64420047,64420047,within,57,-1,64,abattage,560,46,cattle->cattle,2011,7,b2012,314,314,64420047_6->64420047_10,64420047_6->64420047_10,64420047_6->64420047_10,64420047_6->64420047_10,64420047_6->64420047_10,64420047_6->64420047_10
20283,13,SB0832,cattle,cattle,64420039_3,64420047_7,64420039,64420047,pasture,57,58,72,abattage,561,46,cattle->cattle,2011,15,b2012,314,314,64420047_7->64420039_3,64420047_7->64420039_3,64420047_7->64420039_3,64420047_7->64420039_3,64420047_7->64420039_3,64420047_7->64420039_3
20284,13,SB0832,cattle,cattle,64420039_5,64420038_1,64420039,64420038,pasture,58,59,72,abattage,582,46,cattle->cattle,2011,14,b2012,314,314,64420038_1->64420039_5,64420038_1->64420039_5,64420038_1->64420039_5,64420038_1->64420039_5,64420038_1->64420039_5,64420038_1->64420039_5
20285,13,SB0832,cattle,cattle,64420044_29,64420047_3,64420044,64420047,pasture,58,59,86,demographie,583,46,cattle->cattle,2011,28,b2012,314,314,64420047_3->64420044_29,64420047_3->64420044_29,64420047_3->64420044_29,64420047_3->64420044_29,64420047_3->64420044_29,64420047_3->64420044_29
20286,13,SB0832,cattle,cattle,64420012_3,64420047_4,64420012,64420047,pasture,58,-1,61,demographie,584,46,cattle->cattle,2011,3,b2012,314,314,64420047_4->64420012_3,64420047_4->64420012_3,64420047_4->64420012_3,64420047_4->64420012_3,64420047_4->64420012_3,64420047_4->64420012_3
20287,13,SB0832,cattle,cattle,64420035_6,64420047_4,64420035,64420047,pasture,58,60,68,abattage,585,46,cattle->cattle,2011,10,b2012,314,314,64420047_4->64420035_6,64420047_4->64420035_6,64420047_4->64420035_6,64420047_4->64420035_6,64420047_4->64420035_6,64420047_4->64420035_6
20288,13,SB0832,cattle,cattle,64420047_11,64420047_4,64420047,64420047,within,58,60,64,abattage,586,46,cattle->cattle,2011,6,b2012,314,314,64420047_4->64420047_11,64420047_4->64420047_11,64420047_4->64420047_11,64420047_4->64420047_11,64420047_4->64420047_11,64420047_4->64420047_11
20289,13,SB0832,cattle,cattle,64420012_4,64420047_5,64420012,64420047,pasture,58,71,73,abattage,587,46,cattle->cattle,2011,15,b2012,314,314,64420047_5->64420012_4,64420047_5->64420012_4,64420047_5->64420012_4,64420047_5->64420012_4,64420047_5->64420012_4,64420047_5->64420012_4
20290,13,SB0832,cattle,cattle,64420012_5,64420047_5,64420012,64420047,pasture,58,62,73,abattage,588,46,cattle->cattle,2011,15,b2012,314,314,64420047_5->64420012_5,64420047_5->64420012_5,64420047_5->64420012_5,64420047_5->64420012_5,64420047_5->64420012_5,64420047_5->64420012_5
20291,13,SB0832,cattle,cattle,64420012_6,64420012_0,64420012,64420012,within,59,61,73,abattage,622,46,cattle->cattle,2011,14,b2012,314,314,64420012_0->64420012_6,64420012_0->64420012_6,64420012_0->64420012_6,64420012_0->64420012_6,64420012_0->64420012_6,64420012_0->64420012_6
20292,13,SB0832,cattle,cattle,64420035_7,64420035_1,64420035,64420035,within,59,61,68,abattage,623,46,cattle->cattle,2011,9,b2012,314,314,64420035_1->64420035_7,64420035_1->64420035_7,64420035_1->64420035_7,64420035_1->64420035_7,64420035_1->64420035_7,64420035_1->64420035_7
20293,13,SB0832,cattle,cattle,64420035_9,64420035_2,64420035,64420035,within,59,62,68,demographie,624,46,cattle->cattle,2011,9,b2012,314,314,64420035_2->64420035_9,64420035_2->64420035_9,64420035_2->64420035_9,64420035_2->64420035_9,64420035_2->64420035_9,64420035_2->64420035_9
20294,13,SB0832,cattle,cattle,64420035_8,64420035_4,64420035,64420035,within,59,67,68,abattage,625,46,cattle->cattle,2011,9,b2012,314,314,64420035_4->64420035_8,64420035_4->64420035_8,64420035_4->64420035_8,64420035_4->64420035_8,64420035_4->64420035_8,64420035_4->64420035_8
20295,13,SB0832,cattle,cattle,64420039_6,64420039_1,64420039,64420039,within,59,62,72,abattage,626,46,cattle->cattle,2011,13,b2012,314,314,64420039_1->64420039_6,64420039_1->64420039_6,64420039_1->64420039_6,64420039_1->64420039_6,64420039_1->64420039_6,64420039_1->64420039_6
20296,13,SB0832,cattle,cattle,64420039_7,64420039_3,64420039,64420039,within,59,72,72,abattage,627,46,cattle->cattle,2011,13,b2012,314,314,64420039_3->64420039_7,64420039_3->64420039_7,64420039_3->64420039_7,64420039_3->64420039_7,64420039_3->64420039_7,64420039_3->64420039_7
20297,13,SB0832,cattle,cattle,64420047_12,64420047_0,64420047,64420047,within,59,60,64,abattage,628,46,cattle->cattle,2011,5,b2012,314,314,64420047_0->64420047_12,64420047_0->64420047_12,64420047_0->64420047_12,64420047_0->64420047_12,64420047_0->64420047_12,64420047_0->64420047_12
20298,13,SB0832,cattle,cattle,64420012_7,64420012_0,64420012,64420012,within,60,69,73,abattage,666,46,cattle->cattle,2012,13,b2016,314,314,64420012_0->64420012_7,64420012_0->64420012_7,64420012_0->64420012_7,64420012_0->64420012_7,64420012_0->64420012_7,64420012_0->64420012_7
20299,13,SB0832,cattle,cattle,64420035_10,64420035_2,64420035,64420035,within,60,65,68,abattage,667,46,cattle->cattle,2012,8,b2016,314,314,64420035_2->64420035_10,64420035_2->64420035_10,64420035_2->64420035_10,64420035_2->64420035_10,64420035_2->64420035_10,64420035_2->64420035_10
20300,13,SB0832,cattle,cattle,64420039_8,64420039_0,64420039,64420039,within,60,63,72,abattage,668,46,cattle->cattle,2012,12,b2016,314,314,64420039_0->64420039_8,64420039_0->64420039_8,64420039_0->64420039_8,64420039_0->64420039_8,64420039_0->64420039_8,64420039_0->64420039_8
20301,13,SB0832,cattle,cattle,64420039_11,64420039_2,64420039,64420039,within,60,61,72,abattage,669,46,cattle->cattle,2012,12,b2016,314,314,64420039_2->64420039_11,64420039_2->64420039_11,64420039_2->64420039_11,64420039_2->64420039_11,64420039_2->64420039_11,64420039_2->64420039_11
20302,13,SB0832,cattle,cattle,64420039_12,64420039_2,64420039,64420039,within,60,70,72,abattage,670,46,cattle->cattle,2012,12,b2016,314,314,64420039_2->64420039_12,64420039_2->64420039_12,64420039_2->64420039_12,64420039_2->64420039_12,64420039_2->64420039_12,64420039_2->64420039_12
20303,13,SB0832,cattle,cattle,64420039_9,64420039_5,64420039,64420039,within,60,62,72,abattage,671,46,cattle->cattle,2012,12,b2016,314,314,64420039_5->64420039_9,64420039_5->64420039_9,64420039_5->64420039_9,64420039_5->64420039_9,64420039_5->64420039_9,64420039_5->64420039_9
20304,13,SB0832,cattle,cattle,64420039_10,64420039_5,64420039,64420039,within,60,67,72,abattage,672,46,cattle->cattle,2012,12,b2016,314,314,64420039_5->64420039_10,64420039_5->64420039_10,64420039_5->64420039_10,64420039_5->64420039_10,64420039_5->64420039_10,64420039_5->64420039_10
20305,13,SB0832,cattle,cattle,64420047_13,64420047_0,64420047,64420047,within,60,60,64,abattage,673,46,cattle->cattle,2012,4,b2016,314,314,64420047_0->64420047_13,64420047_0->64420047_13,64420047_0->64420047_13,64420047_0->64420047_13,64420047_0->64420047_13,64420047_0->64420047_13
20306,13,SB0832,cattle,cattle,64420047_15,64420047_11,64420047,64420047,within,60,61,64,abattage,674,46,cattle->cattle,2012,4,b2016,314,314,64420047_11->64420047_15,64420047_11->64420047_15,64420047_11->64420047_15,64420047_11->64420047_15,64420047_11->64420047_15,64420047_11->64420047_15
20307,13,SB0832,cattle,cattle,64420047_17,64420047_13,64420047,64420047,within,60,-1,64,abattage,675,46,cattle->cattle,2012,4,b2016,314,314,64420047_13->64420047_17,64420047_13->64420047_17,64420047_13->64420047_17,64420047_13->64420047_17,64420047_13->64420047_17,64420047_13->64420047_17
20308,13,SB0832,cattle,cattle,64420047_14,64420047_4,64420047,64420047,within,60,62,64,abattage,676,46,cattle->cattle,2012,4,b2016,314,314,64420047_4->64420047_14,64420047_4->64420047_14,64420047_4->64420047_14,64420047_4->64420047_14,64420047_4->64420047_14,64420047_4->64420047_14
20309,13,SB0832,cattle,cattle,64420047_16,64420047_6,64420047,64420047,within,60,61,64,abattage,677,46,cattle->cattle,2012,4,b2016,314,314,64420047_6->64420047_16,64420047_6->64420047_16,64420047_6->64420047_16,64420047_6->64420047_16,64420047_6->64420047_16,64420047_6->64420047_16
20310,13,SB0832,cattle,cattle,64420015_8,64420015_5,64420015,64420015,within,61,62,63,abattage,712,46,cattle->cattle,2012,2,b2016,314,314,64420015_5->64420015_8,64420015_5->64420015_8,64420015_5->64420015_8,64420015_5->64420015_8,64420015_5->64420015_8,64420015_5->64420015_8
20311,13,SB0832,cattle,cattle,64420028_2,64420028_0,64420028,64420028,within,61,62,63,demographie,713,46,cattle->cattle,2012,2,b2016,314,314,64420028_0->64420028_2,64420028_0->64420028_2,64420028_0->64420028_2,64420028_0->64420028_2,64420028_0->64420028_2,64420028_0->64420028_2
20312,13,SB0832,cattle,cattle,64420028_3,64420028_1,64420028,64420028,within,61,62,64,abattage,714,46,cattle->cattle,2012,3,b2016,314,314,64420028_1->64420028_3,64420028_1->64420028_3,64420028_1->64420028_3,64420028_1->64420028_3,64420028_1->64420028_3,64420028_1->64420028_3
20313,13,SB0832,cattle,cattle,64420035_13,64420035_0,64420035,64420035,within,61,-1,68,abattage,715,46,cattle->cattle,2012,7,b2016,314,314,64420035_0->64420035_13,64420035_0->64420035_13,64420035_0->64420035_13,64420035_0->64420035_13,64420035_0->64420035_13,64420035_0->64420035_13
20314,13,SB0832,cattle,cattle,64420035_12,64420035_4,64420035,64420035,within,61,65,68,abattage,716,46,cattle->cattle,2012,7,b2016,314,314,64420035_4->64420035_12,64420035_4->64420035_12,64420035_4->64420035_12,64420035_4->64420035_12,64420035_4->64420035_12,64420035_4->64420035_12
20315,13,SB0832,cattle,cattle,64420035_11,64420035_6,64420035,64420035,within,61,65,68,abattage,717,46,cattle->cattle,2012,7,b2016,314,314,64420035_6->64420035_11,64420035_6->64420035_11,64420035_6->64420035_11,64420035_6->64420035_11,64420035_6->64420035_11,64420035_6->64420035_11
20316,13,SB0832,cattle,cattle,64420039_13,64420039_0,64420039,64420039,within,61,61,71,demographie,718,46,cattle->cattle,2012,10,b2016,314,314,64420039_0->64420039_13,64420039_0->64420039_13,64420039_0->64420039_13,64420039_0->64420039_13,64420039_0->64420039_13,64420039_0->64420039_13
20317,13,SB0832,cattle,cattle,64420039_17,64420039_11,64420039,64420039,within,61,64,72,abattage,719,46,cattle->cattle,2012,11,b2016,314,314,64420039_11->64420039_17,64420039_11->64420039_17,64420039_11->64420039_17,64420039_11->64420039_17,64420039_11->64420039_17,64420039_11->64420039_17
20318,13,SB0832,cattle,cattle,64420039_18,64420039_13,64420039,64420039,within,61,66,72,abattage,720,46,cattle->cattle,2012,11,b2016,314,314,64420039_13->64420039_18,64420039_13->64420039_18,64420039_13->64420039_18,64420039_13->64420039_18,64420039_13->64420039_18,64420039_13->64420039_18
20319,13,SB0832,cattle,cattle,64420039_14,64420039_2,64420039,64420039,within,61,64,72,abattage,721,46,cattle->cattle,2012,11,b2016,314,314,64420039_2->64420039_14,64420039_2->64420039_14,64420039_2->64420039_14,64420039_2->64420039_14,64420039_2->64420039_14,64420039_2->64420039_14
20320,13,SB0832,cattle,cattle,64420039_15,64420039_2,64420039,64420039,within,61,68,72,abattage,722,46,cattle->cattle,2012,11,b2016,314,314,64420039_2->64420039_15,64420039_2->64420039_15,64420039_2->64420039_15,64420039_2->64420039_15,64420039_2->64420039_15,64420039_2->64420039_15
20321,13,SB0832,cattle,cattle,64420039_16,64420039_3,64420039,64420039,within,61,63,72,abattage,723,46,cattle->cattle,2012,11,b2016,314,314,64420039_3->64420039_16,64420039_3->64420039_16,64420039_3->64420039_16,64420039_3->64420039_16,64420039_3->64420039_16,64420039_3->64420039_16
20322,13,SB0832,cattle,cattle,64420047_21,64420047_11,64420047,64420047,within,61,62,64,abattage,724,46,cattle->cattle,2012,3,b2016,314,314,64420047_11->64420047_21,64420047_11->64420047_21,64420047_11->64420047_21,64420047_11->64420047_21,64420047_11->64420047_21,64420047_11->64420047_21
20323,13,SB0832,cattle,cattle,64420047_18,64420047_6,64420047,64420047,within,61,-1,63,demographie,725,46,cattle->cattle,2012,2,b2016,314,314,64420047_6->64420047_18,64420047_6->64420047_18,64420047_6->64420047_18,64420047_6->64420047_18,64420047_6->64420047_18,64420047_6->64420047_18
20324,13,SB0832,cattle,cattle,64420047_19,64420047_7,64420047,64420047,within,61,-1,64,abattage,726,46,cattle->cattle,2012,3,b2016,314,314,64420047_7->64420047_19,64420047_7->64420047_19,64420047_7->64420047_19,64420047_7->64420047_19,64420047_7->64420047_19,64420047_7->64420047_19
20325,13,SB0832,cattle,cattle,64420047_20,64420047_7,64420047,64420047,within,61,62,64,abattage,727,46,cattle->cattle,2012,3,b2016,314,314,64420047_7->64420047_20,64420047_7->64420047_20,64420047_7->64420047_20,64420047_7->64420047_20,64420047_7->64420047_20,64420047_7->64420047_20
20326,13,SB0832,cattle,cattle,64420047_22,64420047_9,64420047,64420047,within,61,-1,62,demographie,728,46,cattle->cattle,2012,1,b2016,314,314,64420047_9->64420047_22,64420047_9->64420047_22,64420047_9->64420047_22,64420047_9->64420047_22,64420047_9->64420047_22,64420047_9->64420047_22
20327,13,SB0832,cattle,cattle,64420012_8,64420012_0,64420012,64420012,within,62,66,73,abattage,776,46,cattle->cattle,2012,11,b2016,314,314,64420012_0->64420012_8,64420012_0->64420012_8,64420012_0->64420012_8,64420012_0->64420012_8,64420012_0->64420012_8,64420012_0->64420012_8
20328,13,SB0832,cattle,cattle,64420012_9,64420012_1,64420012,64420012,within,62,70,73,abattage,777,46,cattle->cattle,2012,11,b2016,314,314,64420012_1->64420012_9,64420012_1->64420012_9,64420012_1->64420012_9,64420012_1->64420012_9,64420012_1->64420012_9,64420012_1->64420012_9
20329,13,SB0832,cattle,cattle,64420028_4,64420028_2,64420028,64420028,within,62,-1,64,abattage,778,46,cattle->cattle,2012,2,b2016,314,314,64420028_2->64420028_4,64420028_2->64420028_4,64420028_2->64420028_4,64420028_2->64420028_4,64420028_2->64420028_4,64420028_2->64420028_4
20330,13,SB0832,cattle,cattle,64420035_14,64420035_1,64420035,64420035,within,62,-1,68,abattage,779,46,cattle->cattle,2012,6,b2016,314,314,64420035_1->64420035_14,64420035_1->64420035_14,64420035_1->64420035_14,64420035_1->64420035_14,64420035_1->64420035_14,64420035_1->64420035_14
20331,13,SB0832,cattle,cattle,64420035_15,64420035_1,64420035,64420035,within,62,63,68,abattage,780,46,cattle->cattle,2012,6,b2016,314,314,64420035_1->64420035_15,64420035_1->64420035_15,64420035_1->64420035_15,64420035_1->64420035_15,64420035_1->64420035_15,64420035_1->64420035_15
20332,13,SB0832,cattle,cattle,64420035_16,64420035_5,64420035,64420035,within,62,63,68,abattage,781,46,cattle->cattle,2012,6,b2016,314,314,64420035_5->64420035_16,64420035_5->64420035_16,64420035_5->64420035_16,64420035_5->64420035_16,64420035_5->64420035_16,64420035_5->64420035_16
20333,13,SB0832,cattle,cattle,64420039_20,64420039_1,64420039,64420039,within,62,-1,72,abattage,782,46,cattle->cattle,2012,10,b2016,314,314,64420039_1->64420039_20,64420039_1->64420039_20,64420039_1->64420039_20,64420039_1->64420039_20,64420039_1->64420039_20,64420039_1->64420039_20
20334,13,SB0832,cattle,cattle,64420039_22,64420039_1,64420039,64420039,within,62,67,72,abattage,783,46,cattle->cattle,2012,10,b2016,314,314,64420039_1->64420039_22,64420039_1->64420039_22,64420039_1->64420039_22,64420039_1->64420039_22,64420039_1->64420039_22,64420039_1->64420039_22
20335,13,SB0832,cattle,cattle,64420039_19,64420039_3,64420039,64420039,within,62,64,72,abattage,784,46,cattle->cattle,2012,10,b2016,314,314,64420039_3->64420039_19,64420039_3->64420039_19,64420039_3->64420039_19,64420039_3->64420039_19,64420039_3->64420039_19,64420039_3->64420039_19
20336,13,SB0832,cattle,cattle,64420039_21,64420039_9,64420039,64420039,within,62,-1,71,demographie,785,46,cattle->cattle,2012,9,b2016,314,314,64420039_9->64420039_21,64420039_9->64420039_21,64420039_9->64420039_21,64420039_9->64420039_21,64420039_9->64420039_21,64420039_9->64420039_21
20337,13,SB0832,cattle,cattle,64420047_24,64420047_11,64420047,64420047,within,62,-1,64,abattage,786,46,cattle->cattle,2012,2,b2016,314,314,64420047_11->64420047_24,64420047_11->64420047_24,64420047_11->64420047_24,64420047_11->64420047_24,64420047_11->64420047_24,64420047_11->64420047_24
20338,13,SB0832,cattle,cattle,64420047_25,64420047_15,64420047,64420047,within,62,62,64,abattage,787,46,cattle->cattle,2012,2,b2016,314,314,64420047_15->64420047_25,64420047_15->64420047_25,64420047_15->64420047_25,64420047_15->64420047_25,64420047_15->64420047_25,64420047_15->64420047_25
20339,13,SB0832,cattle,cattle,64420047_23,64420047_5,64420047,64420047,within,62,-1,64,abattage,788,46,cattle->cattle,2012,2,b2016,314,314,64420047_5->64420047_23,64420047_5->64420047_23,64420047_5->64420047_23,64420047_5->64420047_23,64420047_5->64420047_23,64420047_5->64420047_23
20340,13,SB0832,cattle,cattle,64420047_27,64420047_6,64420047,64420047,within,62,63,64,abattage,789,46,cattle->cattle,2012,2,b2016,314,314,64420047_6->64420047_27,64420047_6->64420047_27,64420047_6->64420047_27,64420047_6->64420047_27,64420047_6->64420047_27,64420047_6->64420047_27
20341,13,SB0832,cattle,cattle,64420047_26,64420047_9,64420047,64420047,within,62,-1,64,abattage,790,46,cattle->cattle,2012,2,b2016,314,314,64420047_9->64420047_26,64420047_9->64420047_26,64420047_9->64420047_26,64420047_9->64420047_26,64420047_9->64420047_26,64420047_9->64420047_26
20342,13,SB0832,cattle,cattle,64420012_10,64420012_0,64420012,64420012,within,63,72,73,abattage,812,46,cattle->cattle,2012,10,b2016,314,314,64420012_0->64420012_10,64420012_0->64420012_10,64420012_0->64420012_10,64420012_0->64420012_10,64420012_0->64420012_10,64420012_0->64420012_10
20343,13,SB0832,cattle,cattle,64420035_17,64420035_0,64420035,64420035,within,63,64,68,abattage,813,46,cattle->cattle,2012,5,b2016,314,314,64420035_0->64420035_17,64420035_0->64420035_17,64420035_0->64420035_17,64420035_0->64420035_17,64420035_0->64420035_17,64420035_0->64420035_17
20344,13,SB0832,cattle,cattle,64420047_29,64420047_0,64420047,64420047,within,63,-1,64,demographie,814,46,cattle->cattle,2012,1,b2016,314,314,64420047_0->64420047_29,64420047_0->64420047_29,64420047_0->64420047_29,64420047_0->64420047_29,64420047_0->64420047_29,64420047_0->64420047_29
20345,13,SB0832,cattle,cattle,64420047_31,64420047_12,64420047,64420047,within,63,64,64,abattage,815,46,cattle->cattle,2012,1,b2016,314,314,64420047_12->64420047_31,64420047_12->64420047_31,64420047_12->64420047_31,64420047_12->64420047_31,64420047_12->64420047_31,64420047_12->64420047_31
20346,13,SB0832,cattle,cattle,64420047_32,64420047_12,64420047,64420047,within,63,-1,64,abattage,816,46,cattle->cattle,2012,1,b2016,314,314,64420047_12->64420047_32,64420047_12->64420047_32,64420047_12->64420047_32,64420047_12->64420047_32,64420047_12->64420047_32,64420047_12->64420047_32
20347,13,SB0832,cattle,cattle,64420047_30,64420047_2,64420047,64420047,within,63,-1,64,abattage,817,46,cattle->cattle,2012,1,b2016,314,314,64420047_2->64420047_30,64420047_2->64420047_30,64420047_2->64420047_30,64420047_2->64420047_30,64420047_2->64420047_30,64420047_2->64420047_30
20348,13,SB0832,cattle,cattle,64420047_28,64420047_5,64420047,64420047,within,63,-1,64,abattage,818,46,cattle->cattle,2012,1,b2016,314,314,64420047_5->64420047_28,64420047_5->64420047_28,64420047_5->64420047_28,64420047_5->64420047_28,64420047_5->64420047_28,64420047_5->64420047_28
20349,13,SB0832,cattle,cattle,64420047_33,64420035_17,64420047,64420035,pasture,64,-1,64,abattage,854,46,cattle->cattle,2012,0,b2016,314,314,64420035_17->64420047_33,64420035_17->64420047_33,64420035_17->64420047_33,64420035_17->64420047_33,64420035_17->64420047_33,64420035_17->64420047_33
20350,13,SB0832,cattle,cattle,64420038_6,64420038_2,64420038,64420038,within,64,67,75,abattage,855,46,cattle->cattle,2012,11,b2016,314,314,64420038_2->64420038_6,64420038_2->64420038_6,64420038_2->64420038_6,64420038_2->64420038_6,64420038_2->64420038_6,64420038_2->64420038_6
20351,13,SB0832,cattle,cattle,64420038_5,64420038_4,64420038,64420038,within,64,66,75,abattage,856,46,cattle->cattle,2012,11,b2016,314,314,64420038_4->64420038_5,64420038_4->64420038_5,64420038_4->64420038_5,64420038_4->64420038_5,64420038_4->64420038_5,64420038_4->64420038_5
20352,13,SB0832,cattle,cattle,64420035_18,64420039_17,64420035,64420039,pasture,64,66,68,abattage,857,46,cattle->cattle,2012,4,b2016,314,314,64420039_17->64420035_18,64420039_17->64420035_18,64420039_17->64420035_18,64420039_17->64420035_18,64420039_17->64420035_18,64420039_17->64420035_18
20353,13,SB0832,cattle,cattle,64420035_19,64420039_5,64420035,64420039,pasture,64,-1,68,abattage,858,46,cattle->cattle,2012,4,b2016,314,314,64420039_5->64420035_19,64420039_5->64420035_19,64420039_5->64420035_19,64420039_5->64420035_19,64420039_5->64420035_19,64420039_5->64420035_19
20354,13,SB0832,cattle,cattle,64420047_35,64420047_0,64420047,64420047,within,64,-1,64,abattage,859,46,cattle->cattle,2012,0,b2016,314,314,64420047_0->64420047_35,64420047_0->64420047_35,64420047_0->64420047_35,64420047_0->64420047_35,64420047_0->64420047_35,64420047_0->64420047_35
20355,13,SB0832,cattle,cattle,64420047_36,64420047_0,64420047,64420047,within,64,-1,64,abattage,860,46,cattle->cattle,2012,0,b2016,314,314,64420047_0->64420047_36,64420047_0->64420047_36,64420047_0->64420047_36,64420047_0->64420047_36,64420047_0->64420047_36,64420047_0->64420047_36
20356,13,SB0832,cattle,cattle,64420012_13,64420047_11,64420012,64420047,pasture,64,68,73,abattage,861,46,cattle->cattle,2012,9,b2016,314,314,64420047_11->64420012_13,64420047_11->64420012_13,64420047_11->64420012_13,64420047_11->64420012_13,64420047_11->64420012_13,64420047_11->64420012_13
20357,13,SB0832,cattle,cattle,64420039_26,64420047_12,64420039,64420047,pasture,64,67,72,abattage,862,46,cattle->cattle,2012,8,b2016,314,314,64420047_12->64420039_26,64420047_12->64420039_26,64420047_12->64420039_26,64420047_12->64420039_26,64420047_12->64420039_26,64420047_12->64420039_26
20358,13,SB0832,cattle,cattle,64420012_11,64420047_13,64420012,64420047,pasture,64,65,73,abattage,863,46,cattle->cattle,2012,9,b2016,314,314,64420047_13->64420012_11,64420047_13->64420012_11,64420047_13->64420012_11,64420047_13->64420012_11,64420047_13->64420012_11,64420047_13->64420012_11
20359,13,SB0832,cattle,cattle,64420039_25,64420047_14,64420039,64420047,pasture,64,72,72,abattage,864,46,cattle->cattle,2012,8,b2016,314,314,64420047_14->64420039_25,64420047_14->64420039_25,64420047_14->64420039_25,64420047_14->64420039_25,64420047_14->64420039_25,64420047_14->64420039_25
20360,13,SB0832,cattle,cattle,64420039_23,64420047_15,64420039,64420047,pasture,64,-1,72,abattage,865,46,cattle->cattle,2012,8,b2016,314,314,64420047_15->64420039_23,64420047_15->64420039_23,64420047_15->64420039_23,64420047_15->64420039_23,64420047_15->64420039_23,64420047_15->64420039_23
20361,13,SB0832,cattle,cattle,64420035_20,64420047_25,64420035,64420047,pasture,64,65,68,abattage,866,46,cattle->cattle,2012,4,b2016,314,314,64420047_25->64420035_20,64420047_25->64420035_20,64420047_25->64420035_20,64420047_25->64420035_20,64420047_25->64420035_20,64420047_25->64420035_20
20362,13,SB0832,cattle,cattle,64420038_7,64420047_25,64420038,64420047,pasture,64,71,75,abattage,867,46,cattle->cattle,2012,11,b2016,314,314,64420047_25->64420038_7,64420047_25->64420038_7,64420047_25->64420038_7,64420047_25->64420038_7,64420047_25->64420038_7,64420047_25->64420038_7
20363,13,SB0832,cattle,cattle,64420047_34,64420047_31,64420047,64420047,within,64,-1,64,abattage,868,46,cattle->cattle,2012,0,b2016,314,314,64420047_31->64420047_34,64420047_31->64420047_34,64420047_31->64420047_34,64420047_31->64420047_34,64420047_31->64420047_34,64420047_31->64420047_34
20364,13,SB0832,cattle,cattle,64420012_12,64420047_5,64420012,64420047,pasture,64,67,73,abattage,869,46,cattle->cattle,2012,9,b2016,314,314,64420047_5->64420012_12,64420047_5->64420012_12,64420047_5->64420012_12,64420047_5->64420012_12,64420047_5->64420012_12,64420047_5->64420012_12
20365,13,SB0832,cattle,cattle,64420039_24,64420047_6,64420039,64420047,pasture,64,66,72,abattage,870,46,cattle->cattle,2012,8,b2016,314,314,64420047_6->64420039_24,64420047_6->64420039_24,64420047_6->64420039_24,64420047_6->64420039_24,64420047_6->64420039_24,64420047_6->64420039_24
20366,13,SB0832,cattle,cattle,64420012_16,64420012_1,64420012,64420012,within,65,66,73,abattage,887,46,cattle->cattle,2012,8,b2016,314,314,64420012_1->64420012_16,64420012_1->64420012_16,64420012_1->64420012_16,64420012_1->64420012_16,64420012_1->64420012_16,64420012_1->64420012_16
20367,13,SB0832,cattle,cattle,64420012_17,64420012_6,64420012,64420012,within,65,-1,73,abattage,888,46,cattle->cattle,2012,8,b2016,314,314,64420012_6->64420012_17,64420012_6->64420012_17,64420012_6->64420012_17,64420012_6->64420012_17,64420012_6->64420012_17,64420012_6->64420012_17
20368,13,SB0832,cattle,cattle,64420035_25,64420035_16,64420035,64420035,within,65,68,68,abattage,889,46,cattle->cattle,2012,3,b2016,314,314,64420035_16->64420035_25,64420035_16->64420035_25,64420035_16->64420035_25,64420035_16->64420035_25,64420035_16->64420035_25,64420035_16->64420035_25
20369,13,SB0832,cattle,cattle,64420035_24,64420035_5,64420035,64420035,within,65,66,68,abattage,890,46,cattle->cattle,2012,3,b2016,314,314,64420035_5->64420035_24,64420035_5->64420035_24,64420035_5->64420035_24,64420035_5->64420035_24,64420035_5->64420035_24,64420035_5->64420035_24
20370,13,SB0832,cattle,cattle,64420039_28,64420035_7,64420039,64420035,pasture,65,69,72,abattage,891,46,cattle->cattle,2012,7,b2016,314,314,64420035_7->64420039_28,64420035_7->64420039_28,64420035_7->64420039_28,64420035_7->64420039_28,64420035_7->64420039_28,64420035_7->64420039_28
20371,13,SB0832,cattle,cattle,64420039_27,64420038_3,64420039,64420038,pasture,65,67,72,abattage,892,46,cattle->cattle,2012,7,b2016,314,314,64420038_3->64420039_27,64420038_3->64420039_27,64420038_3->64420039_27,64420038_3->64420039_27,64420038_3->64420039_27,64420038_3->64420039_27
20372,13,SB0832,cattle,cattle,64420035_26,64420039_14,64420035,64420039,pasture,65,-1,68,abattage,893,46,cattle->cattle,2012,3,b2016,314,314,64420039_14->64420035_26,64420039_14->64420035_26,64420039_14->64420035_26,64420039_14->64420035_26,64420039_14->64420035_26,64420039_14->64420035_26
20373,13,SB0832,cattle,cattle,64420039_29,64420039_19,64420039,64420039,within,65,66,72,abattage,894,46,cattle->cattle,2012,7,b2016,314,314,64420039_19->64420039_29,64420039_19->64420039_29,64420039_19->64420039_29,64420039_19->64420039_29,64420039_19->64420039_29,64420039_19->64420039_29
20374,13,SB0832,cattle,cattle,64420035_23,64420039_3,64420035,64420039,pasture,65,66,68,abattage,895,46,cattle->cattle,2012,3,b2016,314,314,64420039_3->64420035_23,64420039_3->64420035_23,64420039_3->64420035_23,64420039_3->64420035_23,64420039_3->64420035_23,64420039_3->64420035_23
20375,13,SB0832,cattle,cattle,64420035_27,64420039_5,64420035,64420039,pasture,65,-1,67,demographie,896,46,cattle->cattle,2012,2,b2016,314,314,64420039_5->64420035_27,64420039_5->64420035_27,64420039_5->64420035_27,64420039_5->64420035_27,64420039_5->64420035_27,64420039_5->64420035_27
20376,13,SB0832,cattle,cattle,64420012_19,64420047_1,64420012,64420047,pasture,65,67,73,abattage,897,46,cattle->cattle,2012,8,b2016,314,314,64420047_1->64420012_19,64420047_1->64420012_19,64420047_1->64420012_19,64420047_1->64420012_19,64420047_1->64420012_19,64420047_1->64420012_19
20377,13,SB0832,cattle,cattle,64420012_18,64420047_11,64420012,64420047,pasture,65,67,73,abattage,898,46,cattle->cattle,2012,8,b2016,314,314,64420047_11->64420012_18,64420047_11->64420012_18,64420047_11->64420012_18,64420047_11->64420012_18,64420047_11->64420012_18,64420047_11->64420012_18
20378,13,SB0832,cattle,cattle,64420012_15,64420047_13,64420012,64420047,pasture,65,-1,66,demographie,899,46,cattle->cattle,2012,1,b2016,314,314,64420047_13->64420012_15,64420047_13->64420012_15,64420047_13->64420012_15,64420047_13->64420012_15,64420047_13->64420012_15,64420047_13->64420012_15
20379,13,SB0832,cattle,cattle,64420035_22,64420047_13,64420035,64420047,pasture,65,65,68,abattage,900,46,cattle->cattle,2012,3,b2016,314,314,64420047_13->64420035_22,64420047_13->64420035_22,64420047_13->64420035_22,64420047_13->64420035_22,64420047_13->64420035_22,64420047_13->64420035_22
20380,13,SB0832,cattle,cattle,64420012_14,64420047_14,64420012,64420047,pasture,65,73,73,abattage,901,46,cattle->cattle,2012,8,b2016,314,314,64420047_14->64420012_14,64420047_14->64420012_14,64420047_14->64420012_14,64420047_14->64420012_14,64420047_14->64420012_14,64420047_14->64420012_14
20381,13,SB0832,cattle,cattle,64420035_21,64420047_15,64420035,64420047,pasture,65,66,68,abattage,902,46,cattle->cattle,2012,3,b2016,314,314,64420047_15->64420035_21,64420047_15->64420035_21,64420047_15->64420035_21,64420047_15->64420035_21,64420047_15->64420035_21,64420047_15->64420035_21
20382,13,SB0832,cattle,cattle,64420044_30,64420047_15,64420044,64420047,pasture,65,67,87,abattage,903,46,cattle->cattle,2012,22,b2016,314,314,64420047_15->64420044_30,64420047_15->64420044_30,64420047_15->64420044_30,64420047_15->64420044_30,64420047_15->64420044_30,64420047_15->64420044_30
20383,13,SB0832,cattle,cattle,64420039_30,64420047_16,64420039,64420047,pasture,65,70,72,abattage,904,46,cattle->cattle,2012,7,b2016,314,314,64420047_16->64420039_30,64420047_16->64420039_30,64420047_16->64420039_30,64420047_16->64420039_30,64420047_16->64420039_30,64420047_16->64420039_30
20384,13,SB0832,cattle,cattle,64420012_20,64420012_5,64420012,64420012,within,66,66,73,abattage,922,46,cattle->cattle,2012,7,b2016,314,314,64420012_5->64420012_20,64420012_5->64420012_20,64420012_5->64420012_20,64420012_5->64420012_20,64420012_5->64420012_20,64420012_5->64420012_20
20385,13,SB0832,cattle,cattle,64420012_21,64420012_6,64420012,64420012,within,66,-1,73,abattage,923,46,cattle->cattle,2012,7,b2016,314,314,64420012_6->64420012_21,64420012_6->64420012_21,64420012_6->64420012_21,64420012_6->64420012_21,64420012_6->64420012_21,64420012_6->64420012_21
20386,13,SB0832,cattle,cattle,64420035_29,64420035_10,64420035,64420035,within,66,67,68,abattage,924,46,cattle->cattle,2012,2,b2016,314,314,64420035_10->64420035_29,64420035_10->64420035_29,64420035_10->64420035_29,64420035_10->64420035_29,64420035_10->64420035_29,64420035_10->64420035_29
20387,13,SB0832,cattle,cattle,64420039_32,64420035_7,64420039,64420035,pasture,66,68,72,abattage,925,46,cattle->cattle,2012,6,b2016,314,314,64420035_7->64420039_32,64420035_7->64420039_32,64420035_7->64420039_32,64420035_7->64420039_32,64420035_7->64420039_32,64420035_7->64420039_32
20388,13,SB0832,cattle,cattle,64420039_31,64420038_3,64420039,64420038,pasture,66,66,72,abattage,926,46,cattle->cattle,2012,6,b2016,314,314,64420038_3->64420039_31,64420038_3->64420039_31,64420038_3->64420039_31,64420038_3->64420039_31,64420038_3->64420039_31,64420038_3->64420039_31
20389,13,SB0832,cattle,cattle,64420035_28,64420039_4,64420035,64420039,pasture,66,68,68,abattage,927,46,cattle->cattle,2012,2,b2016,314,314,64420039_4->64420035_28,64420039_4->64420035_28,64420039_4->64420035_28,64420039_4->64420035_28,64420039_4->64420035_28,64420039_4->64420035_28
20390,13,SB0832,cattle,cattle,64556051_0,64420039_8,64556051,64420039,pasture,66,67,75,abattage,928,46,cattle->cattle,2012,9,b2016,314,314,64420039_8->64556051_0,64420039_8->64556051_0,64420039_8->64556051_0,64420039_8->64556051_0,64420039_8->64556051_0,64420039_8->64556051_0
20391,13,SB0832,cattle,cattle,64420002_0,64420039_9,64420002,64420039,pasture,66,67,74,abattage,929,46,cattle->cattle,2012,8,b2016,314,314,64420039_9->64420002_0,64420039_9->64420002_0,64420039_9->64420002_0,64420039_9->64420002_0,64420039_9->64420002_0,64420039_9->64420002_0
20392,13,SB0832,cattle,cattle,64420012_22,64420012_19,64420012,64420012,within,67,-1,73,abattage,950,46,cattle->cattle,2012,6,b2016,314,314,64420012_19->64420012_22,64420012_19->64420012_22,64420012_19->64420012_22,64420012_19->64420012_22,64420012_19->64420012_22,64420012_19->64420012_22
20393,13,SB0832,cattle,cattle,64420035_30,64420035_10,64420035,64420035,within,67,68,68,abattage,951,46,cattle->cattle,2012,1,b2016,314,314,64420035_10->64420035_30,64420035_10->64420035_30,64420035_10->64420035_30,64420035_10->64420035_30,64420035_10->64420035_30,64420035_10->64420035_30
20394,13,SB0832,cattle,cattle,64521015_0,64420038_4,64521015,64420038,pasture,67,-1,71,demographie,952,46,cattle->cattle,2012,4,b2016,314,314,64420038_4->64521015_0,64420038_4->64521015_0,64420038_4->64521015_0,64420038_4->64521015_0,64420038_4->64521015_0,64420038_4->64521015_0
20395,13,SB0832,cattle,cattle,64420038_9,64420038_6,64420038,64420038,within,67,-1,75,abattage,953,46,cattle->cattle,2012,8,b2016,314,314,64420038_6->64420038_9,64420038_6->64420038_9,64420038_6->64420038_9,64420038_6->64420038_9,64420038_6->64420038_9,64420038_6->64420038_9
20396,13,SB0832,cattle,cattle,64420038_10,64420039_10,64420038,64420039,pasture,67,72,75,abattage,954,46,cattle->cattle,2012,8,b2016,314,314,64420039_10->64420038_10,64420039_10->64420038_10,64420039_10->64420038_10,64420039_10->64420038_10,64420039_10->64420038_10,64420039_10->64420038_10
20397,13,SB0832,cattle,cattle,64420039_33,64420039_18,64420039,64420039,within,67,70,72,abattage,955,46,cattle->cattle,2012,5,b2016,314,314,64420039_18->64420039_33,64420039_18->64420039_33,64420039_18->64420039_33,64420039_18->64420039_33,64420039_18->64420039_33,64420039_18->64420039_33
20398,13,SB0832,cattle,cattle,64420038_8,64420039_26,64420038,64420039,pasture,67,-1,75,abattage,956,46,cattle->cattle,2012,8,b2016,314,314,64420039_26->64420038_8,64420039_26->64420038_8,64420039_26->64420038_8,64420039_26->64420038_8,64420039_26->64420038_8,64420039_26->64420038_8
20399,13,SB0832,cattle,cattle,64420039_34,64420035_0,64420039,64420035,pasture,68,-1,72,abattage,988,46,cattle->cattle,2012,4,b2016,314,314,64420035_0->64420039_34,64420035_0->64420039_34,64420035_0->64420039_34,64420035_0->64420039_34,64420035_0->64420039_34,64420035_0->64420039_34
20400,13,SB0832,cattle,cattle,64420039_35,64420035_16,64420039,64420035,pasture,68,70,72,abattage,989,46,cattle->cattle,2012,4,b2016,314,314,64420035_16->64420039_35,64420035_16->64420039_35,64420035_16->64420039_35,64420035_16->64420039_35,64420035_16->64420039_35,64420035_16->64420039_35
20401,13,SB0832,cattle,cattle,64420038_11,64420038_1,64420038,64420038,within,68,69,75,abattage,990,46,cattle->cattle,2012,7,b2016,314,314,64420038_1->64420038_11,64420038_1->64420038_11,64420038_1->64420038_11,64420038_1->64420038_11,64420038_1->64420038_11,64420038_1->64420038_11
20402,13,SB0832,cattle,cattle,64420038_13,64420038_1,64420038,64420038,within,68,73,75,abattage,991,46,cattle->cattle,2012,7,b2016,314,314,64420038_1->64420038_13,64420038_1->64420038_13,64420038_1->64420038_13,64420038_1->64420038_13,64420038_1->64420038_13,64420038_1->64420038_13
20403,13,SB0832,cattle,cattle,64420038_12,64420039_11,64420038,64420039,pasture,68,69,75,abattage,992,46,cattle->cattle,2012,7,b2016,314,314,64420039_11->64420038_12,64420039_11->64420038_12,64420039_11->64420038_12,64420039_11->64420038_12,64420039_11->64420038_12,64420039_11->64420038_12
20404,13,SB0832,cattle,cattle,64420035_31,64420039_15,64420035,64420039,pasture,68,-1,68,abattage,993,46,cattle->cattle,2012,0,b2016,314,314,64420039_15->64420035_31,64420039_15->64420035_31,64420039_15->64420035_31,64420039_15->64420035_31,64420039_15->64420035_31,64420039_15->64420035_31
20405,13,SB0832,cattle,cattle,64420035_32,64420039_17,64420035,64420039,pasture,68,-1,68,abattage,994,46,cattle->cattle,2012,0,b2016,314,314,64420039_17->64420035_32,64420039_17->64420035_32,64420039_17->64420035_32,64420039_17->64420035_32,64420039_17->64420035_32,64420039_17->64420035_32
20406,13,SB0832,cattle,cattle,64556051_1,64420039_17,64556051,64420039,pasture,68,69,73,abattage,995,46,cattle->cattle,2012,5,b2016,314,314,64420039_17->64556051_1,64420039_17->64556051_1,64420039_17->64556051_1,64420039_17->64556051_1,64420039_17->64556051_1,64420039_17->64556051_1
20407,13,SB0832,cattle,cattle,64420038_14,64420039_31,64420038,64420039,pasture,68,70,75,abattage,996,46,cattle->cattle,2012,7,b2016,314,314,64420039_31->64420038_14,64420039_31->64420038_14,64420039_31->64420038_14,64420039_31->64420038_14,64420039_31->64420038_14,64420039_31->64420038_14
20408,13,SB0832,cattle,cattle,64420039_36,64420035_30,64420039,64420035,pasture,69,-1,72,abattage,1015,46,cattle->cattle,2012,3,b2016,314,314,64420035_30->64420039_36,64420035_30->64420039_36,64420035_30->64420039_36,64420035_30->64420039_36,64420035_30->64420039_36,64420035_30->64420039_36
20409,13,SB0832,cattle,cattle,64420038_18,64420038_11,64420038,64420038,within,69,73,75,abattage,1016,46,cattle->cattle,2012,6,b2016,314,314,64420038_11->64420038_18,64420038_11->64420038_18,64420038_11->64420038_18,64420038_11->64420038_18,64420038_11->64420038_18,64420038_11->64420038_18
20410,13,SB0832,cattle,cattle,64420039_38,64420038_2,64420039,64420038,pasture,69,-1,72,abattage,1017,46,cattle->cattle,2012,3,b2016,314,314,64420038_2->64420039_38,64420038_2->64420039_38,64420038_2->64420039_38,64420038_2->64420039_38,64420038_2->64420039_38,64420038_2->64420039_38
20411,13,SB0832,cattle,cattle,64420038_17,64420038_3,64420038,64420038,within,69,70,75,abattage,1018,46,cattle->cattle,2012,6,b2016,314,314,64420038_3->64420038_17,64420038_3->64420038_17,64420038_3->64420038_17,64420038_3->64420038_17,64420038_3->64420038_17,64420038_3->64420038_17
20412,13,SB0832,cattle,cattle,64420038_16,64420038_4,64420038,64420038,within,69,72,74,demographie,1019,46,cattle->cattle,2012,5,b2016,314,314,64420038_4->64420038_16,64420038_4->64420038_16,64420038_4->64420038_16,64420038_4->64420038_16,64420038_4->64420038_16,64420038_4->64420038_16
20413,13,SB0832,cattle,cattle,64420038_15,64420039_14,64420038,64420039,pasture,69,72,75,abattage,1020,46,cattle->cattle,2012,6,b2016,314,314,64420039_14->64420038_15,64420039_14->64420038_15,64420039_14->64420038_15,64420039_14->64420038_15,64420039_14->64420038_15,64420039_14->64420038_15
20414,13,SB0832,cattle,cattle,64420038_20,64420039_16,64420038,64420039,pasture,69,70,75,abattage,1021,46,cattle->cattle,2012,6,b2016,314,314,64420039_16->64420038_20,64420039_16->64420038_20,64420039_16->64420038_20,64420039_16->64420038_20,64420039_16->64420038_20,64420039_16->64420038_20
20415,13,SB0832,cattle,cattle,64420039_37,64420039_17,64420039,64420039,within,69,71,72,abattage,1022,46,cattle->cattle,2012,3,b2016,314,314,64420039_17->64420039_37,64420039_17->64420039_37,64420039_17->64420039_37,64420039_17->64420039_37,64420039_17->64420039_37,64420039_17->64420039_37
20416,13,SB0832,cattle,cattle,64420002_2,64420039_18,64420002,64420039,pasture,69,71,72,abattage,1023,46,cattle->cattle,2012,3,b2016,314,314,64420039_18->64420002_2,64420039_18->64420002_2,64420039_18->64420002_2,64420039_18->64420002_2,64420039_18->64420002_2,64420039_18->64420002_2
20417,13,SB0832,cattle,cattle,64420038_19,64420039_24,64420038,64420039,pasture,69,71,75,abattage,1024,46,cattle->cattle,2012,6,b2016,314,314,64420039_24->64420038_19,64420039_24->64420038_19,64420039_24->64420038_19,64420039_24->64420038_19,64420039_24->64420038_19,64420039_24->64420038_19
20418,13,SB0832,cattle,cattle,64420002_1,64420039_6,64420002,64420039,pasture,69,72,72,abattage,1025,46,cattle->cattle,2012,3,b2016,314,314,64420039_6->64420002_1,64420039_6->64420002_1,64420039_6->64420002_1,64420039_6->64420002_1,64420039_6->64420002_1,64420039_6->64420002_1
20419,13,SB0832,cattle,cattle,64512024_0,64556051_0,64512024,64556051,pasture,69,77,85,abattage,1032,46,cattle->cattle,2012,16,b2016,314,314,64556051_0->64512024_0,64556051_0->64512024_0,64556051_0->64512024_0,64556051_0->64512024_0,64556051_0->64512024_0,64556051_0->64512024_0
20420,13,SB0832,cattle,cattle,64420047_37,64420012_1,64420047,64420012,pasture,70,72,74,abattage,1051,46,cattle->cattle,2012,4,b2016,314,314,64420012_1->64420047_37,64420012_1->64420047_37,64420012_1->64420047_37,64420012_1->64420047_37,64420012_1->64420047_37,64420012_1->64420047_37
20421,13,SB0832,cattle,cattle,64420012_23,64420012_19,64420012,64420012,within,70,-1,73,abattage,1052,46,cattle->cattle,2012,3,b2016,314,314,64420012_19->64420012_23,64420012_19->64420012_23,64420012_19->64420012_23,64420012_19->64420012_23,64420012_19->64420012_23,64420012_19->64420012_23
20422,13,SB0832,cattle,cattle,64420039_42,64420038_14,64420039,64420038,pasture,70,-1,71,demographie,1053,46,cattle->cattle,2012,1,b2016,314,314,64420038_14->64420039_42,64420038_14->64420039_42,64420038_14->64420039_42,64420038_14->64420039_42,64420038_14->64420039_42,64420038_14->64420039_42
20423,13,SB0832,cattle,cattle,64420047_39,64420038_2,64420047,64420038,pasture,70,72,74,abattage,1054,46,cattle->cattle,2012,4,b2016,314,314,64420038_2->64420047_39,64420038_2->64420047_39,64420038_2->64420047_39,64420038_2->64420047_39,64420038_2->64420047_39,64420038_2->64420047_39
20424,13,SB0832,cattle,cattle,64420047_38,64420038_3,64420047,64420038,pasture,70,73,74,abattage,1055,46,cattle->cattle,2012,4,b2016,314,314,64420038_3->64420047_38,64420038_3->64420047_38,64420038_3->64420047_38,64420038_3->64420047_38,64420038_3->64420047_38,64420038_3->64420047_38
20425,13,SB0832,cattle,cattle,64420038_21,64420038_5,64420038,64420038,within,70,73,75,abattage,1056,46,cattle->cattle,2012,5,b2016,314,314,64420038_5->64420038_21,64420038_5->64420038_21,64420038_5->64420038_21,64420038_5->64420038_21,64420038_5->64420038_21,64420038_5->64420038_21
20426,13,SB0832,cattle,cattle,64420002_3,64420039_13,64420002,64420039,pasture,70,-1,72,abattage,1057,46,cattle->cattle,2012,2,b2016,314,314,64420039_13->64420002_3,64420039_13->64420002_3,64420039_13->64420002_3,64420039_13->64420002_3,64420039_13->64420002_3,64420039_13->64420002_3
20427,13,SB0832,cattle,cattle,64420039_39,64420039_9,64420039,64420039,within,70,-1,72,abattage,1058,46,cattle->cattle,2012,2,b2016,314,314,64420039_9->64420039_39,64420039_9->64420039_39,64420039_9->64420039_39,64420039_9->64420039_39,64420039_9->64420039_39,64420039_9->64420039_39
20428,13,SB0832,cattle,cattle,64420039_41,64556051_0,64420039,64556051,pasture,70,-1,72,abattage,1064,46,cattle->cattle,2012,2,b2016,314,314,64556051_0->64420039_41,64556051_0->64420039_41,64556051_0->64420039_41,64556051_0->64420039_41,64556051_0->64420039_41,64556051_0->64420039_41
20429,13,SB0832,cattle,cattle,64420039_40,64556051_1,64420039,64556051,pasture,70,71,72,abattage,1065,46,cattle->cattle,2012,2,b2016,314,314,64556051_1->64420039_40,64556051_1->64420039_40,64556051_1->64420039_40,64556051_1->64420039_40,64556051_1->64420039_40,64556051_1->64420039_40
20430,13,SB0832,cattle,cattle,64512024_1,64556051_1,64512024,64556051,pasture,70,-1,74,demographie,1066,46,cattle->cattle,2012,4,b2016,314,314,64556051_1->64512024_1,64556051_1->64512024_1,64556051_1->64512024_1,64556051_1->64512024_1,64556051_1->64512024_1,64556051_1->64512024_1
20431,13,SB0832,cattle,cattle,64556044_0,64556051_1,64556044,64556051,pasture,70,-1,74,abattage,1067,46,cattle->cattle,2012,4,b2016,314,314,64556051_1->64556044_0,64556051_1->64556044_0,64556051_1->64556044_0,64556051_1->64556044_0,64556051_1->64556044_0,64556051_1->64556044_0
20432,13,SB0832,cattle,cattle,64556044_1,64556051_1,64556044,64556051,pasture,70,-1,73,demographie,1068,46,cattle->cattle,2012,3,b2016,314,314,64556051_1->64556044_1,64556051_1->64556044_1,64556051_1->64556044_1,64556051_1->64556044_1,64556051_1->64556044_1,64556051_1->64556044_1
20433,13,SB0832,cattle,cattle,64420002_5,64420002_0,64420002,64420002,within,71,-1,72,abattage,1101,46,cattle->cattle,2012,1,b2016,314,314,64420002_0->64420002_5,64420002_0->64420002_5,64420002_0->64420002_5,64420002_0->64420002_5,64420002_0->64420002_5,64420002_0->64420002_5
20434,13,SB0832,cattle,cattle,64420002_4,64420002_2,64420002,64420002,within,71,-1,72,abattage,1102,46,cattle->cattle,2012,1,b2016,314,314,64420002_2->64420002_4,64420002_2->64420002_4,64420002_2->64420002_4,64420002_2->64420002_4,64420002_2->64420002_4,64420002_2->64420002_4
20435,13,SB0832,cattle,cattle,64420012_24,64420012_18,64420012,64420012,within,71,-1,73,abattage,1103,46,cattle->cattle,2012,2,b2016,314,314,64420012_18->64420012_24,64420012_18->64420012_24,64420012_18->64420012_24,64420012_18->64420012_24,64420012_18->64420012_24,64420012_18->64420012_24
20436,13,SB0832,cattle,cattle,64420012_25,64420012_18,64420012,64420012,within,71,-1,73,abattage,1104,46,cattle->cattle,2012,2,b2016,314,314,64420012_18->64420012_25,64420012_18->64420012_25,64420012_18->64420012_25,64420012_18->64420012_25,64420012_18->64420012_25,64420012_18->64420012_25
20437,13,SB0832,cattle,cattle,64420012_26,64420012_7,64420012,64420012,within,71,-1,73,abattage,1105,46,cattle->cattle,2012,2,b2016,314,314,64420012_7->64420012_26,64420012_7->64420012_26,64420012_7->64420012_26,64420012_7->64420012_26,64420012_7->64420012_26,64420012_7->64420012_26
20438,13,SB0832,cattle,cattle,64420012_27,64420012_7,64420012,64420012,within,71,-1,73,demographie,1106,46,cattle->cattle,2012,2,b2016,314,314,64420012_7->64420012_27,64420012_7->64420012_27,64420012_7->64420012_27,64420012_7->64420012_27,64420012_7->64420012_27,64420012_7->64420012_27
20439,13,SB0832,cattle,cattle,64420012_28,64420012_7,64420012,64420012,within,71,-1,73,abattage,1107,46,cattle->cattle,2012,2,b2016,314,314,64420012_7->64420012_28,64420012_7->64420012_28,64420012_7->64420012_28,64420012_7->64420012_28,64420012_7->64420012_28,64420012_7->64420012_28
20440,13,SB0832,cattle,cattle,64420038_24,64420038_14,64420038,64420038,within,71,-1,75,abattage,1108,46,cattle->cattle,2012,4,b2016,314,314,64420038_14->64420038_24,64420038_14->64420038_24,64420038_14->64420038_24,64420038_14->64420038_24,64420038_14->64420038_24,64420038_14->64420038_24
20441,13,SB0832,cattle,cattle,64420038_25,64420038_14,64420038,64420038,within,71,74,75,abattage,1109,46,cattle->cattle,2012,4,b2016,314,314,64420038_14->64420038_25,64420038_14->64420038_25,64420038_14->64420038_25,64420038_14->64420038_25,64420038_14->64420038_25,64420038_14->64420038_25
20442,13,SB0832,cattle,cattle,64420038_22,64420038_5,64420038,64420038,within,71,72,75,abattage,1110,46,cattle->cattle,2012,4,b2016,314,314,64420038_5->64420038_22,64420038_5->64420038_22,64420038_5->64420038_22,64420038_5->64420038_22,64420038_5->64420038_22,64420038_5->64420038_22
20443,13,SB0832,cattle,cattle,64420038_26,64420038_5,64420038,64420038,within,71,73,75,abattage,1111,46,cattle->cattle,2012,4,b2016,314,314,64420038_5->64420038_26,64420038_5->64420038_26,64420038_5->64420038_26,64420038_5->64420038_26,64420038_5->64420038_26,64420038_5->64420038_26
20444,13,SB0832,cattle,cattle,64420038_23,64420038_7,64420038,64420038,within,71,71,75,abattage,1112,46,cattle->cattle,2012,4,b2016,314,314,64420038_7->64420038_23,64420038_7->64420038_23,64420038_7->64420038_23,64420038_7->64420038_23,64420038_7->64420038_23,64420038_7->64420038_23
20445,13,SB0832,cattle,cattle,64420039_51,64420039_0,64420039,64420039,within,71,-1,72,abattage,1113,46,cattle->cattle,2012,1,b2016,314,314,64420039_0->64420039_51,64420039_0->64420039_51,64420039_0->64420039_51,64420039_0->64420039_51,64420039_0->64420039_51,64420039_0->64420039_51
20446,13,SB0832,cattle,cattle,64420039_53,64420039_15,64420039,64420039,within,71,-1,72,abattage,1114,46,cattle->cattle,2012,1,b2016,314,314,64420039_15->64420039_53,64420039_15->64420039_53,64420039_15->64420039_53,64420039_15->64420039_53,64420039_15->64420039_53,64420039_15->64420039_53
20447,13,SB0832,cattle,cattle,64420039_43,64420039_16,64420039,64420039,within,71,71,72,abattage,1115,46,cattle->cattle,2012,1,b2016,314,314,64420039_16->64420039_43,64420039_16->64420039_43,64420039_16->64420039_43,64420039_16->64420039_43,64420039_16->64420039_43,64420039_16->64420039_43
20448,13,SB0832,cattle,cattle,64420039_52,64420039_16,64420039,64420039,within,71,72,72,abattage,1116,46,cattle->cattle,2012,1,b2016,314,314,64420039_16->64420039_52,64420039_16->64420039_52,64420039_16->64420039_52,64420039_16->64420039_52,64420039_16->64420039_52,64420039_16->64420039_52
20449,13,SB0832,cattle,cattle,64420039_47,64420039_17,64420039,64420039,within,71,-1,72,abattage,1117,46,cattle->cattle,2012,1,b2016,314,314,64420039_17->64420039_47,64420039_17->64420039_47,64420039_17->64420039_47,64420039_17->64420039_47,64420039_17->64420039_47,64420039_17->64420039_47
20450,13,SB0832,cattle,cattle,64420039_45,64420039_22,64420039,64420039,within,71,72,72,abattage,1118,46,cattle->cattle,2012,1,b2016,314,314,64420039_22->64420039_45,64420039_22->64420039_45,64420039_22->64420039_45,64420039_22->64420039_45,64420039_22->64420039_45,64420039_22->64420039_45
20451,13,SB0832,cattle,cattle,64420039_46,64420039_26,64420039,64420039,within,71,72,72,abattage,1119,46,cattle->cattle,2012,1,b2016,314,314,64420039_26->64420039_46,64420039_26->64420039_46,64420039_26->64420039_46,64420039_26->64420039_46,64420039_26->64420039_46,64420039_26->64420039_46
20452,13,SB0832,cattle,cattle,64420039_48,64420039_26,64420039,64420039,within,71,-1,72,abattage,1120,46,cattle->cattle,2012,1,b2016,314,314,64420039_26->64420039_48,64420039_26->64420039_48,64420039_26->64420039_48,64420039_26->64420039_48,64420039_26->64420039_48,64420039_26->64420039_48
20453,13,SB0832,cattle,cattle,64420039_44,64420039_31,64420039,64420039,within,71,-1,72,abattage,1121,46,cattle->cattle,2012,1,b2016,314,314,64420039_31->64420039_44,64420039_31->64420039_44,64420039_31->64420039_44,64420039_31->64420039_44,64420039_31->64420039_44,64420039_31->64420039_44
20454,13,SB0832,cattle,cattle,64420039_49,64420039_32,64420039,64420039,within,71,-1,72,abattage,1122,46,cattle->cattle,2012,1,b2016,314,314,64420039_32->64420039_49,64420039_32->64420039_49,64420039_32->64420039_49,64420039_32->64420039_49,64420039_32->64420039_49,64420039_32->64420039_49
20455,13,SB0832,cattle,cattle,64420039_54,64420039_37,64420039,64420039,within,71,-1,72,abattage,1123,46,cattle->cattle,2012,1,b2016,314,314,64420039_37->64420039_54,64420039_37->64420039_54,64420039_37->64420039_54,64420039_37->64420039_54,64420039_37->64420039_54,64420039_37->64420039_54
20456,13,SB0832,cattle,cattle,64420039_55,64420039_4,64420039,64420039,within,71,-1,72,abattage,1124,46,cattle->cattle,2012,1,b2016,314,314,64420039_4->64420039_55,64420039_4->64420039_55,64420039_4->64420039_55,64420039_4->64420039_55,64420039_4->64420039_55,64420039_4->64420039_55
20457,13,SB0832,cattle,cattle,64420039_50,64420039_40,64420039,64420039,within,71,-1,72,abattage,1125,46,cattle->cattle,2012,1,b2016,314,314,64420039_40->64420039_50,64420039_40->64420039_50,64420039_40->64420039_50,64420039_40->64420039_50,64420039_40->64420039_50,64420039_40->64420039_50
20458,13,SB0832,cattle,cattle,64420044_31,64420044_29,64420044,64420044,within,71,-1,72,abattage,1126,46,cattle->cattle,2012,1,b2016,314,314,64420044_29->64420044_31,64420044_29->64420044_31,64420044_29->64420044_31,64420044_29->64420044_31,64420044_29->64420044_31,64420044_29->64420044_31
20459,13,SB0832,cattle,cattle,64420012_31,64420012_0,64420012,64420012,within,72,-1,73,abattage,1169,46,cattle->cattle,2013,1,b2016,314,314,64420012_0->64420012_31,64420012_0->64420012_31,64420012_0->64420012_31,64420012_0->64420012_31,64420012_0->64420012_31,64420012_0->64420012_31
20460,13,SB0832,cattle,cattle,64420012_29,64420012_11,64420012,64420012,within,72,-1,73,abattage,1170,46,cattle->cattle,2013,1,b2016,314,314,64420012_11->64420012_29,64420012_11->64420012_29,64420012_11->64420012_29,64420012_11->64420012_29,64420012_11->64420012_29,64420012_11->64420012_29
20461,13,SB0832,cattle,cattle,64420012_30,64420012_6,64420012,64420012,within,72,-1,73,abattage,1171,46,cattle->cattle,2013,1,b2016,314,314,64420012_6->64420012_30,64420012_6->64420012_30,64420012_6->64420012_30,64420012_6->64420012_30,64420012_6->64420012_30,64420012_6->64420012_30
20462,13,SB0832,cattle,cattle,64420038_27,64420038_23,64420038,64420038,within,72,-1,75,abattage,1172,46,cattle->cattle,2013,3,b2016,314,314,64420038_23->64420038_27,64420038_23->64420038_27,64420038_23->64420038_27,64420038_23->64420038_27,64420038_23->64420038_27,64420038_23->64420038_27
20463,13,SB0832,cattle,cattle,64420039_64,64420039_10,64420039,64420039,within,72,-1,72,abattage,1173,46,cattle->cattle,2013,0,b2016,314,314,64420039_10->64420039_64,64420039_10->64420039_64,64420039_10->64420039_64,64420039_10->64420039_64,64420039_10->64420039_64,64420039_10->64420039_64
20464,13,SB0832,cattle,cattle,64420039_59,64420039_18,64420039,64420039,within,72,-1,72,abattage,1174,46,cattle->cattle,2013,0,b2016,314,314,64420039_18->64420039_59,64420039_18->64420039_59,64420039_18->64420039_59,64420039_18->64420039_59,64420039_18->64420039_59,64420039_18->64420039_59
20465,13,SB0832,cattle,cattle,64420039_58,64420039_19,64420039,64420039,within,72,72,72,abattage,1175,46,cattle->cattle,2013,0,b2016,314,314,64420039_19->64420039_58,64420039_19->64420039_58,64420039_19->64420039_58,64420039_19->64420039_58,64420039_19->64420039_58,64420039_19->64420039_58
20466,13,SB0832,cattle,cattle,64420039_68,64420039_2,64420039,64420039,within,72,-1,72,abattage,1176,46,cattle->cattle,2013,0,b2016,314,314,64420039_2->64420039_68,64420039_2->64420039_68,64420039_2->64420039_68,64420039_2->64420039_68,64420039_2->64420039_68,64420039_2->64420039_68
20467,13,SB0832,cattle,cattle,64420039_56,64420039_22,64420039,64420039,within,72,72,72,abattage,1177,46,cattle->cattle,2013,0,b2016,314,314,64420039_22->64420039_56,64420039_22->64420039_56,64420039_22->64420039_56,64420039_22->64420039_56,64420039_22->64420039_56,64420039_22->64420039_56
20468,13,SB0832,cattle,cattle,64420039_62,64420039_24,64420039,64420039,within,72,-1,72,abattage,1178,46,cattle->cattle,2013,0,b2016,314,314,64420039_24->64420039_62,64420039_24->64420039_62,64420039_24->64420039_62,64420039_24->64420039_62,64420039_24->64420039_62,64420039_24->64420039_62
20469,13,SB0832,cattle,cattle,64420039_57,64420039_29,64420039,64420039,within,72,-1,72,abattage,1179,46,cattle->cattle,2013,0,b2016,314,314,64420039_29->64420039_57,64420039_29->64420039_57,64420039_29->64420039_57,64420039_29->64420039_57,64420039_29->64420039_57,64420039_29->64420039_57
20470,13,SB0832,cattle,cattle,64420039_61,64420039_29,64420039,64420039,within,72,-1,72,abattage,1180,46,cattle->cattle,2013,0,b2016,314,314,64420039_29->64420039_61,64420039_29->64420039_61,64420039_29->64420039_61,64420039_29->64420039_61,64420039_29->64420039_61,64420039_29->64420039_61
20471,13,SB0832,cattle,cattle,64420039_67,64420039_3,64420039,64420039,within,72,-1,72,abattage,1181,46,cattle->cattle,2013,0,b2016,314,314,64420039_3->64420039_67,64420039_3->64420039_67,64420039_3->64420039_67,64420039_3->64420039_67,64420039_3->64420039_67,64420039_3->64420039_67
20472,13,SB0832,cattle,cattle,64420039_66,64420039_32,64420039,64420039,within,72,-1,72,abattage,1182,46,cattle->cattle,2013,0,b2016,314,314,64420039_32->64420039_66,64420039_32->64420039_66,64420039_32->64420039_66,64420039_32->64420039_66,64420039_32->64420039_66,64420039_32->64420039_66
20473,13,SB0832,cattle,cattle,64420039_71,64420039_33,64420039,64420039,within,72,-1,72,abattage,1183,46,cattle->cattle,2013,0,b2016,314,314,64420039_33->64420039_71,64420039_33->64420039_71,64420039_33->64420039_71,64420039_33->64420039_71,64420039_33->64420039_71,64420039_33->64420039_71
20474,13,SB0832,cattle,cattle,64420039_65,64420039_4,64420039,64420039,within,72,-1,72,abattage,1184,46,cattle->cattle,2013,0,b2016,314,314,64420039_4->64420039_65,64420039_4->64420039_65,64420039_4->64420039_65,64420039_4->64420039_65,64420039_4->64420039_65,64420039_4->64420039_65
20475,13,SB0832,cattle,cattle,64420039_69,64420039_45,64420039,64420039,within,72,-1,72,abattage,1185,46,cattle->cattle,2013,0,b2016,314,314,64420039_45->64420039_69,64420039_45->64420039_69,64420039_45->64420039_69,64420039_45->64420039_69,64420039_45->64420039_69,64420039_45->64420039_69
20476,13,SB0832,cattle,cattle,64420039_63,64420039_52,64420039,64420039,within,72,-1,72,abattage,1186,46,cattle->cattle,2013,0,b2016,314,314,64420039_52->64420039_63,64420039_52->64420039_63,64420039_52->64420039_63,64420039_52->64420039_63,64420039_52->64420039_63,64420039_52->64420039_63
20477,13,SB0832,cattle,cattle,64420039_70,64420039_52,64420039,64420039,within,72,-1,72,abattage,1187,46,cattle->cattle,2013,0,b2016,314,314,64420039_52->64420039_70,64420039_52->64420039_70,64420039_52->64420039_70,64420039_52->64420039_70,64420039_52->64420039_70,64420039_52->64420039_70
20478,13,SB0832,cattle,cattle,64420039_60,64420039_6,64420039,64420039,within,72,-1,72,abattage,1188,46,cattle->cattle,2013,0,b2016,314,314,64420039_6->64420039_60,64420039_6->64420039_60,64420039_6->64420039_60,64420039_6->64420039_60,64420039_6->64420039_60,64420039_6->64420039_60
20479,13,SB0832,cattle,cattle,64420044_32,64420044_30,64420044,64420044,within,72,-1,72,abattage,1189,46,cattle->cattle,2013,0,b2016,314,314,64420044_30->64420044_32,64420044_30->64420044_32,64420044_30->64420044_32,64420044_30->64420044_32,64420044_30->64420044_32,64420044_30->64420044_32
20480,13,SB0832,cattle,cattle,64556051_2,64556051_1,64556051,64556051,within,72,74,75,abattage,1194,46,cattle->cattle,2013,3,b2016,314,314,64556051_1->64556051_2,64556051_1->64556051_2,64556051_1->64556051_2,64556051_1->64556051_2,64556051_1->64556051_2,64556051_1->64556051_2
20481,13,SB0832,cattle,cattle,64420002_6,64420002_0,64420002,64420002,within,73,74,74,abattage,1229,46,cattle->cattle,2013,1,b2016,314,314,64420002_0->64420002_6,64420002_0->64420002_6,64420002_0->64420002_6,64420002_0->64420002_6,64420002_0->64420002_6,64420002_0->64420002_6
20482,13,SB0832,cattle,cattle,64420012_32,64420012_11,64420012,64420012,within,73,-1,73,abattage,1230,46,cattle->cattle,2013,0,b2016,314,314,64420012_11->64420012_32,64420012_11->64420012_32,64420012_11->64420012_32,64420012_11->64420012_32,64420012_11->64420012_32,64420012_11->64420012_32
20483,13,SB0832,cattle,cattle,64420012_34,64420012_13,64420012,64420012,within,73,-1,73,abattage,1231,46,cattle->cattle,2013,0,b2016,314,314,64420012_13->64420012_34,64420012_13->64420012_34,64420012_13->64420012_34,64420012_13->64420012_34,64420012_13->64420012_34,64420012_13->64420012_34
20484,13,SB0832,cattle,cattle,64420012_35,64420012_16,64420012,64420012,within,73,-1,73,abattage,1232,46,cattle->cattle,2013,0,b2016,314,314,64420012_16->64420012_35,64420012_16->64420012_35,64420012_16->64420012_35,64420012_16->64420012_35,64420012_16->64420012_35,64420012_16->64420012_35
20485,13,SB0832,cattle,cattle,64420012_36,64420012_16,64420012,64420012,within,73,-1,73,abattage,1233,46,cattle->cattle,2013,0,b2016,314,314,64420012_16->64420012_36,64420012_16->64420012_36,64420012_16->64420012_36,64420012_16->64420012_36,64420012_16->64420012_36,64420012_16->64420012_36
20486,13,SB0832,cattle,cattle,64420012_33,64420012_8,64420012,64420012,within,73,-1,73,abattage,1234,46,cattle->cattle,2013,0,b2016,314,314,64420012_8->64420012_33,64420012_8->64420012_33,64420012_8->64420012_33,64420012_8->64420012_33,64420012_8->64420012_33,64420012_8->64420012_33
20487,13,SB0832,cattle,cattle,64420038_29,64420038_10,64420038,64420038,within,73,-1,75,abattage,1235,46,cattle->cattle,2013,2,b2016,314,314,64420038_10->64420038_29,64420038_10->64420038_29,64420038_10->64420038_29,64420038_10->64420038_29,64420038_10->64420038_29,64420038_10->64420038_29
20488,13,SB0832,cattle,cattle,64420038_28,64420038_22,64420038,64420038,within,73,75,75,abattage,1236,46,cattle->cattle,2013,2,b2016,314,314,64420038_22->64420038_28,64420038_22->64420038_28,64420038_22->64420038_28,64420038_22->64420038_28,64420038_22->64420038_28,64420038_22->64420038_28
20489,13,SB0832,cattle,cattle,64420044_33,64420044_29,64420044,64420044,within,73,-1,74,abattage,1237,46,cattle->cattle,2013,1,b2016,314,314,64420044_29->64420044_33,64420044_29->64420044_33,64420044_29->64420044_33,64420044_29->64420044_33,64420044_29->64420044_33,64420044_29->64420044_33
20490,13,SB0832,cattle,cattle,64420044_34,64420044_30,64420044,64420044,within,73,-1,74,abattage,1238,46,cattle->cattle,2013,1,b2016,314,314,64420044_30->64420044_34,64420044_30->64420044_34,64420044_30->64420044_34,64420044_30->64420044_34,64420044_30->64420044_34,64420044_30->64420044_34
20491,13,SB0832,cattle,cattle,64420047_40,64420047_38,64420047,64420047,within,73,74,74,abattage,1239,46,cattle->cattle,2013,1,b2016,314,314,64420047_38->64420047_40,64420047_38->64420047_40,64420047_38->64420047_40,64420047_38->64420047_40,64420047_38->64420047_40,64420047_38->64420047_40
20492,13,SB0832,cattle,cattle,64420047_41,64420047_38,64420047,64420047,within,73,-1,74,abattage,1240,46,cattle->cattle,2013,1,b2016,314,314,64420047_38->64420047_41,64420047_38->64420047_41,64420047_38->64420047_41,64420047_38->64420047_41,64420047_38->64420047_41,64420047_38->64420047_41
20493,13,SB0832,cattle,cattle,64420038_30,64420038_15,64420038,64420038,within,74,75,75,abattage,1260,46,cattle->cattle,2013,1,b2016,314,314,64420038_15->64420038_30,64420038_15->64420038_30,64420038_15->64420038_30,64420038_15->64420038_30,64420038_15->64420038_30,64420038_15->64420038_30
20494,13,SB0832,cattle,cattle,64420038_32,64420038_22,64420038,64420038,within,74,75,75,abattage,1261,46,cattle->cattle,2013,1,b2016,314,314,64420038_22->64420038_32,64420038_22->64420038_32,64420038_22->64420038_32,64420038_22->64420038_32,64420038_22->64420038_32,64420038_22->64420038_32
20495,13,SB0832,cattle,cattle,64420038_33,64420038_5,64420038,64420038,within,74,-1,75,abattage,1262,46,cattle->cattle,2013,1,b2016,314,314,64420038_5->64420038_33,64420038_5->64420038_33,64420038_5->64420038_33,64420038_5->64420038_33,64420038_5->64420038_33,64420038_5->64420038_33
20496,13,SB0832,cattle,cattle,64420038_31,64420038_7,64420038,64420038,within,74,-1,75,abattage,1263,46,cattle->cattle,2013,1,b2016,314,314,64420038_7->64420038_31,64420038_7->64420038_31,64420038_7->64420038_31,64420038_7->64420038_31,64420038_7->64420038_31,64420038_7->64420038_31
20497,13,SB0832,cattle,cattle,64420044_35,64420044_29,64420044,64420044,within,74,-1,74,abattage,1264,46,cattle->cattle,2013,0,b2016,314,314,64420044_29->64420044_35,64420044_29->64420044_35,64420044_29->64420044_35,64420044_29->64420044_35,64420044_29->64420044_35,64420044_29->64420044_35
20498,13,SB0832,cattle,cattle,64420047_44,64420047_38,64420047,64420047,within,74,-1,74,abattage,1265,46,cattle->cattle,2013,0,b2016,314,314,64420047_38->64420047_44,64420047_38->64420047_44,64420047_38->64420047_44,64420047_38->64420047_44,64420047_38->64420047_44,64420047_38->64420047_44
20499,13,SB0832,cattle,cattle,64420047_42,64420047_39,64420047,64420047,within,74,-1,74,abattage,1266,46,cattle->cattle,2013,0,b2016,314,314,64420047_39->64420047_42,64420047_39->64420047_42,64420047_39->64420047_42,64420047_39->64420047_42,64420047_39->64420047_42,64420047_39->64420047_42
20500,13,SB0832,cattle,cattle,64420047_43,64420047_39,64420047,64420047,within,74,-1,76,abattage,1267,46,cattle->cattle,2013,2,b2016,314,314,64420047_39->64420047_43,64420047_39->64420047_43,64420047_39->64420047_43,64420047_39->64420047_43,64420047_39->64420047_43,64420047_39->64420047_43
20501,13,SB0832,cattle,cattle,64420047_45,64420047_40,64420047,64420047,within,74,75,76,abattage,1268,46,cattle->cattle,2013,2,b2016,314,314,64420047_40->64420047_45,64420047_40->64420047_45,64420047_40->64420047_45,64420047_40->64420047_45,64420047_40->64420047_45,64420047_40->64420047_45
20502,13,SB0832,cattle,cattle,64556051_3,64556051_2,64556051,64556051,within,74,75,75,abattage,1280,46,cattle->cattle,2013,1,b2016,314,314,64556051_2->64556051_3,64556051_2->64556051_3,64556051_2->64556051_3,64556051_2->64556051_3,64556051_2->64556051_3,64556051_2->64556051_3
20503,13,SB0832,cattle,cattle,64420038_35,64420038_11,64420038,64420038,within,75,75,75,abattage,1284,46,cattle->cattle,2013,0,b2016,314,314,64420038_11->64420038_35,64420038_11->64420038_35,64420038_11->64420038_35,64420038_11->64420038_35,64420038_11->64420038_35,64420038_11->64420038_35
20504,13,SB0832,cattle,cattle,64420038_36,64420038_26,64420038,64420038,within,75,-1,75,abattage,1285,46,cattle->cattle,2013,0,b2016,314,314,64420038_26->64420038_36,64420038_26->64420038_36,64420038_26->64420038_36,64420038_26->64420038_36,64420038_26->64420038_36,64420038_26->64420038_36
20505,13,SB0832,cattle,cattle,64420038_34,64420038_30,64420038,64420038,within,75,-1,75,abattage,1286,46,cattle->cattle,2013,0,b2016,314,314,64420038_30->64420038_34,64420038_30->64420038_34,64420038_30->64420038_34,64420038_30->64420038_34,64420038_30->64420038_34,64420038_30->64420038_34
20506,13,SB0832,cattle,cattle,64521015_2,64420038_12,64521015,64420038,pasture,76,-1,80,demographie,1301,46,cattle->cattle,2013,4,b2016,314,314,64420038_12->64521015_2,64420038_12->64521015_2,64420038_12->64521015_2,64420038_12->64521015_2,64420038_12->64521015_2,64420038_12->64521015_2
20507,13,SB0832,cattle,cattle,64521015_1,64420038_25,64521015,64420038,pasture,76,79,91,abattage,1302,46,cattle->cattle,2013,15,b2016,314,314,64420038_25->64521015_1,64420038_25->64521015_1,64420038_25->64521015_1,64420038_25->64521015_1,64420038_25->64521015_1,64420038_25->64521015_1
20508,13,SB0832,cattle,cattle,64512053_0,64556051_0,64512053,64556051,pasture,76,79,86,abattage,1306,46,cattle->cattle,2013,10,b2016,314,314,64556051_0->64512053_0,64556051_0->64512053_0,64556051_0->64512053_0,64556051_0->64512053_0,64556051_0->64512053_0,64556051_0->64512053_0
20509,13,SB0832,cattle,cattle,64556044_2,64556051_0,64556044,64556051,pasture,76,86,86,abattage,1307,46,cattle->cattle,2013,10,b2016,314,314,64556051_0->64556044_2,64556051_0->64556044_2,64556051_0->64556044_2,64556051_0->64556044_2,64556051_0->64556044_2,64556051_0->64556044_2
20510,13,SB0832,cattle,cattle,64512024_2,64556051_2,64512024,64556051,pasture,76,79,87,abattage,1308,46,cattle->cattle,2013,11,b2016,314,314,64556051_2->64512024_2,64556051_2->64512024_2,64556051_2->64512024_2,64556051_2->64512024_2,64556051_2->64512024_2,64556051_2->64512024_2
20511,13,SB0832,cattle,cattle,64420035_33,64420047_45,64420035,64420047,pasture,77,81,96,abattage,1324,46,cattle->cattle,2013,19,b2016,314,314,64420047_45->64420035_33,64420047_45->64420035_33,64420047_45->64420035_33,64420047_45->64420035_33,64420047_45->64420035_33,64420047_45->64420035_33
20512,13,SB0832,cattle,cattle,64420044_36,64420044_29,64420044,64420044,within,80,85,87,abattage,1372,46,cattle->cattle,2013,7,b2016,314,314,64420044_29->64420044_36,64420044_29->64420044_36,64420044_29->64420044_36,64420044_29->64420044_36,64420044_29->64420044_36,64420044_29->64420044_36
20513,13,SB0832,cattle,cattle,64420044_37,64420044_30,64420044,64420044,within,83,-1,87,abattage,1428,46,cattle->cattle,2013,4,b2016,314,314,64420044_30->64420044_37,64420044_30->64420044_37,64420044_30->64420044_37,64420044_30->64420044_37,64420044_30->64420044_37,64420044_30->64420044_37
20514,13,SB0832,cattle,cattle,64512053_1,64512053_0,64512053,64512053,within,83,84,88,abattage,1429,46,cattle->cattle,2013,5,b2016,314,314,64512053_0->64512053_1,64512053_0->64512053_1,64512053_0->64512053_1,64512053_0->64512053_1,64512053_0->64512053_1,64512053_0->64512053_1
20515,13,SB0832,cattle,cattle,64521015_3,64521015_1,64521015,64521015,within,83,89,91,abattage,1430,46,cattle->cattle,2013,8,b2016,314,314,64521015_1->64521015_3,64521015_1->64521015_3,64521015_1->64521015_3,64521015_1->64521015_3,64521015_1->64521015_3,64521015_1->64521015_3
20516,13,SB0832,cattle,cattle,64420044_38,64420044_29,64420044,64420044,within,84,-1,87,abattage,1454,46,cattle->cattle,2014,3,b2016,314,314,64420044_29->64420044_38,64420044_29->64420044_38,64420044_29->64420044_38,64420044_29->64420044_38,64420044_29->64420044_38,64420044_29->64420044_38
20517,13,SB0832,cattle,cattle,64420044_39,64420044_30,64420044,64420044,within,84,-1,87,abattage,1455,46,cattle->cattle,2014,3,b2016,314,314,64420044_30->64420044_39,64420044_30->64420044_39,64420044_30->64420044_39,64420044_30->64420044_39,64420044_30->64420044_39,64420044_30->64420044_39
20518,13,SB0832,cattle,cattle,64512024_3,64512024_2,64512024,64512024,within,84,87,87,abattage,1456,46,cattle->cattle,2014,3,b2016,314,314,64512024_2->64512024_3,64512024_2->64512024_3,64512024_2->64512024_3,64512024_2->64512024_3,64512024_2->64512024_3,64512024_2->64512024_3
20519,13,SB0832,cattle,cattle,64512024_4,64512024_2,64512024,64512024,within,85,85,85,abattage,1477,46,cattle->cattle,2014,0,b2016,314,314,64512024_2->64512024_4,64512024_2->64512024_4,64512024_2->64512024_4,64512024_2->64512024_4,64512024_2->64512024_4,64512024_2->64512024_4
20520,13,SB0832,cattle,cattle,64420035_34,64420035_33,64420035,64420035,within,86,87,96,abattage,1501,46,cattle->cattle,2014,10,b2016,314,314,64420035_33->64420035_34,64420035_33->64420035_34,64420035_33->64420035_34,64420035_33->64420035_34,64420035_33->64420035_34,64420035_33->64420035_34
20521,13,SB0832,cattle,cattle,64420044_40,64420044_30,64420044,64420044,within,86,-1,87,abattage,1502,46,cattle->cattle,2014,1,b2016,314,314,64420044_30->64420044_40,64420044_30->64420044_40,64420044_30->64420044_40,64420044_30->64420044_40,64420044_30->64420044_40,64420044_30->64420044_40
20522,13,SB0832,cattle,cattle,64420044_41,64420044_30,64420044,64420044,within,86,-1,87,abattage,1503,46,cattle->cattle,2014,1,b2016,314,314,64420044_30->64420044_41,64420044_30->64420044_41,64420044_30->64420044_41,64420044_30->64420044_41,64420044_30->64420044_41,64420044_30->64420044_41
20523,13,SB0832,cattle,cattle,64512024_5,64512024_2,64512024,64512024,within,86,-1,87,abattage,1504,46,cattle->cattle,2014,1,b2016,314,314,64512024_2->64512024_5,64512024_2->64512024_5,64512024_2->64512024_5,64512024_2->64512024_5,64512024_2->64512024_5,64512024_2->64512024_5
20524,13,SB0832,cattle,cattle,64512053_2,64512053_1,64512053,64512053,within,86,-1,86,abattage,1505,46,cattle->cattle,2014,0,b2016,314,314,64512053_1->64512053_2,64512053_1->64512053_2,64512053_1->64512053_2,64512053_1->64512053_2,64512053_1->64512053_2,64512053_1->64512053_2
20525,13,SB0832,cattle,cattle,64521015_4,64521015_1,64521015,64521015,within,86,89,90,demographie,1507,46,cattle->cattle,2014,4,b2016,314,314,64521015_1->64521015_4,64521015_1->64521015_4,64521015_1->64521015_4,64521015_1->64521015_4,64521015_1->64521015_4,64521015_1->64521015_4
20526,13,SB0832,cattle,cattle,64420035_35,64420035_33,64420035,64420035,within,95,-1,98,abattage,1581,46,cattle->cattle,2014,3,b2016,314,314,64420035_33->64420035_35,64420035_33->64420035_35,64420035_33->64420035_35,64420035_33->64420035_35,64420035_33->64420035_35,64420035_33->64420035_35
20527,13,SB0832,cattle,cattle,64420035_36,64420035_33,64420035,64420035,within,96,-1,96,abattage,1592,46,cattle->cattle,2015,0,b2016,314,314,64420035_33->64420035_36,64420035_33->64420035_36,64420035_33->64420035_36,64420035_33->64420035_36,64420035_33->64420035_36,64420035_33->64420035_36
20528,13,SB0832,cattle,cattle,64420035_37,64420035_33,64420035,64420035,within,96,-1,98,abattage,1593,46,cattle->cattle,2015,2,b2016,314,314,64420035_33->64420035_37,64420035_33->64420035_37,64420035_33->64420035_37,64420035_33->64420035_37,64420035_33->64420035_37,64420035_33->64420035_37
