X1,root,type,sp_infected,sp_infector,infected,infector,pop_infected,pop_infector,modeinfection,tinfection,tinfective,tremoved,moderemoval,index,sim,transmission,year,period_inf,surv,nb_lineages,cattle
1127,13,SB0832,cattle,NA,64420015_0,NA,64420015,NA,initialisation,0,0,16,demographie,13,402,NA->cattle,2007,16,b2012,483,483
1128,13,SB0832,cattle,cattle,64420015_1,64420015_0,64420015,64420015,within,2,5,17,abattage,21,402,cattle->cattle,2007,15,b2012,483,483
1129,13,SB0832,cattle,cattle,64420015_2,64420015_0,64420015,64420015,within,4,5,17,abattage,26,402,cattle->cattle,2007,13,b2012,483,483
1130,13,SB0832,cattle,cattle,64420044_0,64420015_1,64420044,64420015,pasture,8,11,20,abattage,32,402,cattle->cattle,2007,12,b2012,483,483
1131,13,SB0832,cattle,cattle,64420044_1,64420044_0,64420044,64420044,within,12,14,19,demographie,48,402,cattle->cattle,2008,7,b2012,483,483
1132,13,SB0832,cattle,cattle,64420015_3,64420044_0,64420015,64420044,pasture,16,17,17,abattage,65,402,cattle->cattle,2008,1,b2012,483,483
1133,13,SB0832,cattle,cattle,64420047_0,64420044_1,64420047,64420044,pasture,16,18,36,abattage,66,402,cattle->cattle,2008,20,b2012,483,483
1134,13,SB0832,cattle,cattle,64420044_2,64420044_0,64420044,64420044,within,17,18,20,abattage,68,402,cattle->cattle,2008,3,b2012,483,483
1135,13,SB0832,cattle,cattle,64420047_1,64420044_0,64420047,64420044,pasture,17,26,36,abattage,69,402,cattle->cattle,2008,19,b2012,483,483
1136,13,SB0832,cattle,cattle,64420012_0,64420047_0,64420012,64420047,pasture,20,25,42,abattage,80,402,cattle->cattle,2008,22,b2012,483,483
1137,13,SB0832,cattle,cattle,64420012_1,64420047_0,64420012,64420047,pasture,22,29,42,abattage,92,402,cattle->cattle,2008,20,b2012,483,483
1138,13,SB0832,cattle,cattle,64420047_2,64420047_1,64420047,64420047,within,26,27,36,abattage,137,402,cattle->cattle,2009,10,b2012,483,483
1139,13,SB0832,cattle,cattle,64420047_3,64420047_1,64420047,64420047,within,28,-1,30,demographie,148,402,cattle->cattle,2009,2,b2012,483,483
1140,13,SB0832,cattle,cattle,64420047_4,64420047_1,64420047,64420047,within,28,31,36,abattage,149,402,cattle->cattle,2009,8,b2012,483,483
1141,13,SB0832,cattle,cattle,64420047_6,64420047_0,64420047,64420047,within,29,30,36,abattage,158,402,cattle->cattle,2009,7,b2012,483,483
1142,13,SB0832,cattle,cattle,64420047_7,64420047_0,64420047,64420047,within,29,36,36,abattage,159,402,cattle->cattle,2009,7,b2012,483,483
1143,13,SB0832,cattle,cattle,64420047_5,64420047_2,64420047,64420047,within,29,30,36,demographie,160,402,cattle->cattle,2009,7,b2012,483,483
1144,13,SB0832,cattle,cattle,64420047_8,64420047_0,64420047,64420047,within,30,31,35,demographie,165,402,cattle->cattle,2009,5,b2012,483,483
1145,13,SB0832,cattle,cattle,64420047_10,64420047_0,64420047,64420047,within,30,-1,36,abattage,166,402,cattle->cattle,2009,6,b2012,483,483
1146,13,SB0832,cattle,cattle,64420047_9,64420047_1,64420047,64420047,within,30,34,36,abattage,167,402,cattle->cattle,2009,6,b2012,483,483
1147,13,SB0832,cattle,cattle,64420035_0,64420047_6,64420035,64420047,pasture,30,31,42,abattage,168,402,cattle->cattle,2009,12,b2012,483,483
1148,13,SB0832,cattle,cattle,64420012_2,64420012_0,64420012,64420012,within,31,35,42,abattage,177,402,cattle->cattle,2009,11,b2012,483,483
1149,13,SB0832,cattle,cattle,64420047_13,64420047_1,64420047,64420047,within,31,34,36,abattage,178,402,cattle->cattle,2009,5,b2012,483,483
1150,13,SB0832,cattle,cattle,64420047_12,64420047_4,64420047,64420047,within,31,-1,36,abattage,179,402,cattle->cattle,2009,5,b2012,483,483
1151,13,SB0832,cattle,cattle,64420047_11,64420047_8,64420047,64420047,within,31,32,36,abattage,180,402,cattle->cattle,2009,5,b2012,483,483
1152,13,SB0832,cattle,cattle,64420047_15,64420047_2,64420047,64420047,within,32,-1,36,abattage,184,402,cattle->cattle,2009,4,b2012,483,483
1153,13,SB0832,cattle,cattle,64420047_16,64420047_2,64420047,64420047,within,32,34,36,abattage,185,402,cattle->cattle,2009,4,b2012,483,483
1154,13,SB0832,cattle,cattle,64420047_14,64420047_4,64420047,64420047,within,32,-1,36,abattage,186,402,cattle->cattle,2009,4,b2012,483,483
1155,13,SB0832,cattle,cattle,64420047_17,64420047_5,64420047,64420047,within,32,36,36,abattage,187,402,cattle->cattle,2009,4,b2012,483,483
1156,13,SB0832,cattle,cattle,64420047_18,64420012_0,64420047,64420012,pasture,33,36,36,abattage,190,402,cattle->cattle,2009,3,b2012,483,483
1157,13,SB0832,cattle,cattle,64420035_1,64420047_1,64420035,64420047,pasture,33,37,41,demographie,191,402,cattle->cattle,2009,8,b2012,483,483
1158,13,SB0832,cattle,cattle,64420047_19,64420047_11,64420047,64420047,within,33,-1,36,abattage,192,402,cattle->cattle,2009,3,b2012,483,483
1159,13,SB0832,cattle,cattle,64420044_3,64420047_4,64420044,64420047,pasture,33,39,63,abattage,193,402,cattle->cattle,2009,30,b2012,483,483
1160,13,SB0832,cattle,cattle,64420028_0,64420047_0,64420028,64420047,pasture,34,37,69,abattage,199,402,cattle->cattle,2009,35,b2012,483,483
1161,13,SB0832,cattle,cattle,64420047_21,64420047_11,64420047,64420047,within,34,36,36,abattage,200,402,cattle->cattle,2009,2,b2012,483,483
1162,13,SB0832,cattle,cattle,64420035_2,64420047_2,64420035,64420047,pasture,34,35,42,abattage,201,402,cattle->cattle,2009,8,b2012,483,483
1163,13,SB0832,cattle,cattle,64420012_3,64420047_5,64420012,64420047,pasture,34,35,41,demographie,202,402,cattle->cattle,2009,7,b2012,483,483
1164,13,SB0832,cattle,cattle,64420047_20,64420047_8,64420047,64420047,within,34,35,36,abattage,203,402,cattle->cattle,2009,2,b2012,483,483
1165,13,SB0832,cattle,cattle,64420012_4,64420012_0,64420012,64420012,within,35,36,42,abattage,206,402,cattle->cattle,2009,7,b2012,483,483
1166,13,SB0832,cattle,cattle,64420012_6,64420012_2,64420012,64420012,within,35,-1,42,abattage,207,402,cattle->cattle,2009,7,b2012,483,483
1167,13,SB0832,cattle,cattle,64420012_5,64420012_3,64420012,64420012,within,35,-1,42,abattage,208,402,cattle->cattle,2009,7,b2012,483,483
1168,13,SB0832,cattle,cattle,64420047_24,64420047_0,64420047,64420047,within,35,-1,36,abattage,209,402,cattle->cattle,2009,1,b2012,483,483
1169,13,SB0832,cattle,cattle,64420047_23,64420047_16,64420047,64420047,within,35,-1,36,abattage,210,402,cattle->cattle,2009,1,b2012,483,483
1170,13,SB0832,cattle,cattle,64420047_22,64420047_6,64420047,64420047,within,35,36,36,abattage,211,402,cattle->cattle,2009,1,b2012,483,483
1171,13,SB0832,cattle,cattle,64420035_3,64420035_0,64420035,64420035,within,36,38,42,abattage,218,402,cattle->cattle,2010,6,b2012,483,483
1172,13,SB0832,cattle,cattle,64420047_26,64420047_17,64420047,64420047,within,36,-1,36,abattage,219,402,cattle->cattle,2010,0,b2012,483,483
1173,13,SB0832,cattle,cattle,64420047_28,64420047_18,64420047,64420047,within,36,-1,36,abattage,220,402,cattle->cattle,2010,0,b2012,483,483
1174,13,SB0832,cattle,cattle,64420047_25,64420047_20,64420047,64420047,within,36,-1,36,abattage,221,402,cattle->cattle,2010,0,b2012,483,483
1175,13,SB0832,cattle,cattle,64420047_27,64420047_9,64420047,64420047,within,36,-1,36,abattage,222,402,cattle->cattle,2010,0,b2012,483,483
1176,13,SB0832,cattle,cattle,64420012_7,64420012_0,64420012,64420012,within,37,-1,42,abattage,236,402,cattle->cattle,2010,5,b2012,483,483
1177,13,SB0832,cattle,cattle,64420012_9,64420012_0,64420012,64420012,within,37,40,42,abattage,237,402,cattle->cattle,2010,5,b2012,483,483
1178,13,SB0832,cattle,cattle,64420012_8,64420012_1,64420012,64420012,within,37,-1,42,abattage,238,402,cattle->cattle,2010,5,b2012,483,483
1179,13,SB0832,cattle,cattle,64420012_10,64420012_4,64420012,64420012,within,37,40,42,abattage,239,402,cattle->cattle,2010,5,b2012,483,483
1180,13,SB0832,cattle,cattle,64420012_11,64420012_1,64420012,64420012,within,38,-1,42,abattage,247,402,cattle->cattle,2010,4,b2012,483,483
1181,13,SB0832,cattle,cattle,64420035_4,64420035_2,64420035,64420035,within,38,-1,41,demographie,248,402,cattle->cattle,2010,3,b2012,483,483
1182,13,SB0832,cattle,cattle,64420035_5,64420035_2,64420035,64420035,within,38,41,42,abattage,249,402,cattle->cattle,2010,4,b2012,483,483
1183,13,SB0832,cattle,cattle,64420012_12,64420012_4,64420012,64420012,within,39,40,42,abattage,255,402,cattle->cattle,2010,3,b2012,483,483
1184,13,SB0832,cattle,cattle,64420012_13,64420012_4,64420012,64420012,within,39,41,42,abattage,256,402,cattle->cattle,2010,3,b2012,483,483
1185,13,SB0832,cattle,cattle,64420012_14,64420012_0,64420012,64420012,within,40,-1,42,abattage,264,402,cattle->cattle,2010,2,b2012,483,483
1186,13,SB0832,cattle,cattle,64420012_15,64420012_10,64420012,64420012,within,41,-1,42,abattage,270,402,cattle->cattle,2010,1,b2012,483,483
1187,13,SB0832,cattle,cattle,64420042_0,64420035_3,64420042,64420035,pasture,41,43,67,abattage,271,402,cattle->cattle,2010,26,b2012,483,483
1188,13,SB0832,cattle,cattle,64420009_0,64420028_0,64420009,64420028,pasture,42,43,65,abattage,281,402,cattle->cattle,2010,23,b2012,483,483
1189,13,SB0832,cattle,cattle,64420028_1,64420028_0,64420028,64420028,within,42,44,69,abattage,282,402,cattle->cattle,2010,27,b2012,483,483
1190,13,SB0832,cattle,cattle,64420047_29,64420035_0,64420047,64420035,pasture,42,43,68,abattage,283,402,cattle->cattle,2010,26,b2012,483,483
1191,13,SB0832,cattle,cattle,64420044_4,64420044_3,64420044,64420044,within,42,49,63,abattage,284,402,cattle->cattle,2010,21,b2012,483,483
1192,13,SB0832,cattle,cattle,64420044_5,64420044_3,64420044,64420044,within,42,-1,45,demographie,285,402,cattle->cattle,2010,3,b2012,483,483
1193,13,SB0832,cattle,cattle,64420044_6,64420044_3,64420044,64420044,within,42,49,61,abattage,286,402,cattle->cattle,2010,19,b2012,483,483
1194,13,SB0832,cattle,cattle,64420009_1,64420028_0,64420009,64420028,pasture,43,46,65,abattage,299,402,cattle->cattle,2010,22,b2012,483,483
1195,13,SB0832,cattle,cattle,64420039_0,64420035_0,64420039,64420035,pasture,43,44,45,demographie,300,402,cattle->cattle,2010,2,b2012,483,483
1196,13,SB0832,cattle,cattle,64420044_7,64420044_3,64420044,64420044,within,44,54,63,abattage,306,402,cattle->cattle,2010,19,b2012,483,483
1197,13,SB0832,cattle,cattle,64420044_8,64420044_3,64420044,64420044,within,44,51,61,abattage,307,402,cattle->cattle,2010,17,b2012,483,483
1198,13,SB0832,cattle,cattle,64420028_2,64420028_0,64420028,64420028,within,45,46,69,abattage,312,402,cattle->cattle,2010,24,b2012,483,483
1199,13,SB0832,cattle,cattle,64420009_2,64420028_0,64420009,64420028,pasture,46,50,65,abattage,317,402,cattle->cattle,2010,19,b2012,483,483
1200,13,SB0832,cattle,cattle,64420047_30,64420047_29,64420047,64420047,within,46,49,68,abattage,318,402,cattle->cattle,2010,22,b2012,483,483
1201,13,SB0832,cattle,cattle,64420028_3,64420028_0,64420028,64420028,within,48,50,69,abattage,326,402,cattle->cattle,2011,21,b2012,483,483
1202,13,SB0832,cattle,cattle,64420047_31,64420047_29,64420047,64420047,within,48,51,68,abattage,327,402,cattle->cattle,2011,20,b2012,483,483
1203,13,SB0832,cattle,cattle,64420009_3,64420009_1,64420009,64420009,within,49,54,65,abattage,332,402,cattle->cattle,2011,16,b2012,483,483
1204,13,SB0832,cattle,cattle,64420009_4,64420009_1,64420009,64420009,within,49,51,65,abattage,333,402,cattle->cattle,2011,16,b2012,483,483
1205,13,SB0832,cattle,cattle,64420042_1,64420042_0,64420042,64420042,within,49,52,67,abattage,334,402,cattle->cattle,2011,18,b2012,483,483
1206,13,SB0832,cattle,cattle,64420044_9,64420044_6,64420044,64420044,within,49,-1,63,abattage,335,402,cattle->cattle,2011,14,b2012,483,483
1207,13,SB0832,cattle,cattle,64420044_10,64420044_6,64420044,64420044,within,49,56,63,abattage,336,402,cattle->cattle,2011,14,b2012,483,483
1208,13,SB0832,cattle,cattle,64420047_32,64420047_29,64420047,64420047,within,49,51,68,abattage,337,402,cattle->cattle,2011,19,b2012,483,483
1209,13,SB0832,cattle,cattle,64420028_4,64420028_1,64420028,64420028,within,50,51,68,demographie,341,402,cattle->cattle,2011,18,b2012,483,483
1210,13,SB0832,cattle,cattle,64420042_2,64420042_0,64420042,64420042,within,50,56,66,demographie,342,402,cattle->cattle,2011,16,b2012,483,483
1211,13,SB0832,cattle,cattle,64420044_11,64420044_3,64420044,64420044,within,50,53,63,abattage,343,402,cattle->cattle,2011,13,b2012,483,483
1212,13,SB0832,cattle,cattle,64420044_12,64420044_6,64420044,64420044,within,51,56,63,abattage,350,402,cattle->cattle,2011,12,b2012,483,483
1213,13,SB0832,cattle,cattle,64420028_5,64420028_2,64420028,64420028,within,52,56,69,abattage,361,402,cattle->cattle,2011,17,b2012,483,483
1214,13,SB0832,cattle,cattle,64420044_13,64420044_6,64420044,64420044,within,52,-1,53,demographie,362,402,cattle->cattle,2011,1,b2012,483,483
1215,13,SB0832,cattle,cattle,64420047_36,64420044_8,64420047,64420044,pasture,52,53,68,abattage,363,402,cattle->cattle,2011,16,b2012,483,483
1216,13,SB0832,cattle,cattle,64420047_34,64420047_29,64420047,64420047,within,52,55,68,abattage,364,402,cattle->cattle,2011,16,b2012,483,483
1217,13,SB0832,cattle,cattle,64420038_0,64420047_30,64420038,64420047,pasture,52,59,74,abattage,365,402,cattle->cattle,2011,22,b2012,483,483
1218,13,SB0832,cattle,cattle,64420047_33,64420047_30,64420047,64420047,within,52,53,68,abattage,366,402,cattle->cattle,2011,16,b2012,483,483
1219,13,SB0832,cattle,cattle,64420012_16,64420047_31,64420012,64420047,pasture,52,-1,57,demographie,367,402,cattle->cattle,2011,5,b2012,483,483
1220,13,SB0832,cattle,cattle,64420012_17,64420047_31,64420012,64420047,pasture,52,56,73,abattage,368,402,cattle->cattle,2011,21,b2012,483,483
1221,13,SB0832,cattle,cattle,64420047_35,64420047_32,64420047,64420047,within,52,53,68,abattage,369,402,cattle->cattle,2011,16,b2012,483,483
1222,13,SB0832,cattle,cattle,64420047_37,64420028_0,64420047,64420028,pasture,53,54,68,abattage,385,402,cattle->cattle,2011,15,b2012,483,483
1223,13,SB0832,cattle,cattle,64420047_38,64420028_3,64420047,64420028,pasture,53,59,68,abattage,386,402,cattle->cattle,2011,15,b2012,483,483
1224,13,SB0832,cattle,cattle,64420035_6,64420042_0,64420035,64420042,pasture,53,55,68,abattage,387,402,cattle->cattle,2011,15,b2012,483,483
1225,13,SB0832,cattle,cattle,64420035_7,64420042_0,64420035,64420042,pasture,53,56,68,abattage,388,402,cattle->cattle,2011,15,b2012,483,483
1226,13,SB0832,cattle,cattle,64420044_14,64420044_3,64420044,64420044,within,53,-1,63,abattage,389,402,cattle->cattle,2011,10,b2012,483,483
1227,13,SB0832,cattle,cattle,64420015_4,64420044_6,64420015,64420044,pasture,53,56,65,demographie,390,402,cattle->cattle,2011,12,b2012,483,483
1228,13,SB0832,cattle,cattle,64420012_18,64420047_33,64420012,64420047,pasture,53,56,73,abattage,391,402,cattle->cattle,2011,20,b2012,483,483
1229,13,SB0832,cattle,cattle,64281001_0,64420047_35,64281001,64420047,pasture,53,58,59,demographie,392,402,cattle->cattle,2011,6,b2012,483,483
1230,13,SB0832,cattle,cattle,64420009_5,64420009_1,64420009,64420009,within,54,57,65,abattage,401,402,cattle->cattle,2011,11,b2012,483,483
1231,13,SB0832,cattle,cattle,64420035_8,64420042_0,64420035,64420042,pasture,54,59,68,abattage,402,402,cattle->cattle,2011,14,b2012,483,483
1232,13,SB0832,cattle,cattle,64420035_9,64420042_1,64420035,64420042,pasture,54,63,68,abattage,403,402,cattle->cattle,2011,14,b2012,483,483
1233,13,SB0832,cattle,cattle,64420044_15,64420044_11,64420044,64420044,within,54,55,63,abattage,404,402,cattle->cattle,2011,9,b2012,483,483
1234,13,SB0832,cattle,cattle,64420015_5,64420044_3,64420015,64420044,pasture,54,56,68,abattage,405,402,cattle->cattle,2011,14,b2012,483,483
1235,13,SB0832,cattle,cattle,64420044_16,64420044_4,64420044,64420044,within,54,-1,63,abattage,406,402,cattle->cattle,2011,9,b2012,483,483
1236,13,SB0832,cattle,cattle,64420047_39,64420047_29,64420047,64420047,within,54,56,68,abattage,407,402,cattle->cattle,2011,14,b2012,483,483
1237,13,SB0832,cattle,cattle,64420047_40,64420047_29,64420047,64420047,within,54,-1,68,abattage,408,402,cattle->cattle,2011,14,b2012,483,483
1238,13,SB0832,cattle,cattle,64420012_20,64420047_31,64420012,64420047,pasture,54,63,73,abattage,409,402,cattle->cattle,2011,19,b2012,483,483
1239,13,SB0832,cattle,cattle,64420035_10,64420047_33,64420035,64420047,pasture,54,56,68,abattage,410,402,cattle->cattle,2011,14,b2012,483,483
1240,13,SB0832,cattle,cattle,64420012_19,64420047_35,64420012,64420047,pasture,54,64,73,abattage,411,402,cattle->cattle,2011,19,b2012,483,483
1241,13,SB0832,cattle,cattle,64420038_1,64420047_37,64420038,64420047,pasture,54,54,76,abattage,412,402,cattle->cattle,2011,22,b2012,483,483
1242,13,SB0832,cattle,cattle,64420009_6,64420009_3,64420009,64420009,within,55,64,65,abattage,420,402,cattle->cattle,2011,10,b2012,483,483
1243,13,SB0832,cattle,cattle,64420035_11,64420042_1,64420035,64420042,pasture,55,56,68,abattage,421,402,cattle->cattle,2011,13,b2012,483,483
1244,13,SB0832,cattle,cattle,64420044_17,64420044_3,64420044,64420044,within,55,63,63,abattage,422,402,cattle->cattle,2011,8,b2012,483,483
1245,13,SB0832,cattle,cattle,64420047_44,64420044_8,64420047,64420044,pasture,55,57,68,abattage,423,402,cattle->cattle,2011,13,b2012,483,483
1246,13,SB0832,cattle,cattle,64420047_43,64420047_32,64420047,64420047,within,55,59,68,abattage,424,402,cattle->cattle,2011,13,b2012,483,483
1247,13,SB0832,cattle,cattle,64420047_41,64420047_33,64420047,64420047,within,55,60,68,abattage,425,402,cattle->cattle,2011,13,b2012,483,483
1248,13,SB0832,cattle,cattle,64420047_42,64420047_33,64420047,64420047,within,55,57,68,abattage,426,402,cattle->cattle,2011,13,b2012,483,483
1249,13,SB0832,cattle,cattle,64420012_21,64420047_35,64420012,64420047,pasture,55,56,73,abattage,427,402,cattle->cattle,2011,18,b2012,483,483
1250,13,SB0832,cattle,cattle,64420028_6,64420047_35,64420028,64420047,pasture,55,57,69,abattage,428,402,cattle->cattle,2011,14,b2012,483,483
1251,13,SB0832,cattle,cattle,64420009_7,64420028_3,64420009,64420028,pasture,56,63,64,demographie,436,402,cattle->cattle,2011,8,b2012,483,483
1252,13,SB0832,cattle,cattle,64420047_49,64420028_5,64420047,64420028,pasture,56,64,68,abattage,437,402,cattle->cattle,2011,12,b2012,483,483
1253,13,SB0832,cattle,cattle,64420038_2,64420047_29,64420038,64420047,pasture,56,59,76,abattage,438,402,cattle->cattle,2011,20,b2012,483,483
1254,13,SB0832,cattle,cattle,64420047_46,64420047_30,64420047,64420047,within,56,58,68,abattage,439,402,cattle->cattle,2011,12,b2012,483,483
1255,13,SB0832,cattle,cattle,64420039_1,64420047_31,64420039,64420047,pasture,56,57,59,abattage,440,402,cattle->cattle,2011,3,b2012,483,483
1256,13,SB0832,cattle,cattle,64420047_45,64420047_32,64420047,64420047,within,56,60,68,abattage,441,402,cattle->cattle,2011,12,b2012,483,483
1257,13,SB0832,cattle,cattle,64420047_47,64420047_32,64420047,64420047,within,56,56,68,abattage,442,402,cattle->cattle,2011,12,b2012,483,483
1258,13,SB0832,cattle,cattle,64420012_22,64420047_33,64420012,64420047,pasture,56,58,73,abattage,443,402,cattle->cattle,2011,17,b2012,483,483
1259,13,SB0832,cattle,cattle,64420035_12,64420047_33,64420035,64420047,pasture,56,58,68,abattage,444,402,cattle->cattle,2011,12,b2012,483,483
1260,13,SB0832,cattle,cattle,64420047_48,64420047_34,64420047,64420047,within,56,60,68,abattage,445,402,cattle->cattle,2011,12,b2012,483,483
1261,13,SB0832,cattle,cattle,64281001_1,64420047_35,64281001,64420047,pasture,56,-1,60,abattage,446,402,cattle->cattle,2011,4,b2012,483,483
1262,13,SB0832,cattle,cattle,64420012_24,64420012_18,64420012,64420012,within,57,58,73,abattage,459,402,cattle->cattle,2011,16,b2012,483,483
1263,13,SB0832,cattle,cattle,64420009_8,64420028_3,64420009,64420028,pasture,57,58,65,abattage,460,402,cattle->cattle,2011,8,b2012,483,483
1264,13,SB0832,cattle,cattle,64420035_15,64420042_1,64420035,64420042,pasture,57,58,68,abattage,461,402,cattle->cattle,2011,11,b2012,483,483
1265,13,SB0832,cattle,cattle,64420044_21,64420044_4,64420044,64420044,within,57,60,63,abattage,462,402,cattle->cattle,2011,6,b2012,483,483
1266,13,SB0832,cattle,cattle,64420015_6,64420044_6,64420015,64420044,pasture,57,59,68,abattage,463,402,cattle->cattle,2011,11,b2012,483,483
1267,13,SB0832,cattle,cattle,64420044_18,64420044_6,64420044,64420044,within,57,58,63,abattage,464,402,cattle->cattle,2011,6,b2012,483,483
1268,13,SB0832,cattle,cattle,64420044_19,64420044_7,64420044,64420044,within,57,-1,61,abattage,465,402,cattle->cattle,2011,4,b2012,483,483
1269,13,SB0832,cattle,cattle,64420044_20,64420044_8,64420044,64420044,within,57,59,61,abattage,466,402,cattle->cattle,2011,4,b2012,483,483
1270,13,SB0832,cattle,cattle,64281001_2,64420047_30,64281001,64420047,pasture,57,-1,60,abattage,467,402,cattle->cattle,2011,3,b2012,483,483
1271,13,SB0832,cattle,cattle,64420047_50,64420047_31,64420047,64420047,within,57,59,68,abattage,468,402,cattle->cattle,2011,11,b2012,483,483
1272,13,SB0832,cattle,cattle,64420035_14,64420047_33,64420035,64420047,pasture,57,64,68,abattage,469,402,cattle->cattle,2011,11,b2012,483,483
1273,13,SB0832,cattle,cattle,64420039_2,64420047_35,64420039,64420047,pasture,57,59,59,abattage,470,402,cattle->cattle,2011,2,b2012,483,483
1274,13,SB0832,cattle,cattle,64420012_23,64420047_37,64420012,64420047,pasture,57,58,73,abattage,471,402,cattle->cattle,2011,16,b2012,483,483
1275,13,SB0832,cattle,cattle,64420035_13,64420047_47,64420035,64420047,pasture,57,58,68,abattage,472,402,cattle->cattle,2011,11,b2012,483,483
1276,13,SB0832,cattle,cattle,64420009_9,64420009_4,64420009,64420009,within,58,58,65,abattage,481,402,cattle->cattle,2011,7,b2012,483,483
1277,13,SB0832,cattle,cattle,64420009_10,64420028_1,64420009,64420028,pasture,58,64,65,abattage,482,402,cattle->cattle,2011,7,b2012,483,483
1278,13,SB0832,cattle,cattle,64420028_8,64420028_3,64420028,64420028,within,58,59,69,abattage,483,402,cattle->cattle,2011,11,b2012,483,483
1279,13,SB0832,cattle,cattle,64420028_7,64420028_6,64420028,64420028,within,58,62,69,abattage,484,402,cattle->cattle,2011,11,b2012,483,483
1280,13,SB0832,cattle,cattle,64420035_16,64420035_11,64420035,64420035,within,58,67,68,abattage,485,402,cattle->cattle,2011,10,b2012,483,483
1281,13,SB0832,cattle,cattle,64420035_20,64420042_1,64420035,64420042,pasture,58,61,68,abattage,486,402,cattle->cattle,2011,10,b2012,483,483
1282,13,SB0832,cattle,cattle,64420044_22,64420044_12,64420044,64420044,within,58,-1,61,abattage,487,402,cattle->cattle,2011,3,b2012,483,483
1283,13,SB0832,cattle,cattle,64420044_24,64420044_15,64420044,64420044,within,58,59,63,abattage,488,402,cattle->cattle,2011,5,b2012,483,483
1284,13,SB0832,cattle,cattle,64420044_23,64420044_7,64420044,64420044,within,58,-1,61,abattage,489,402,cattle->cattle,2011,3,b2012,483,483
1285,13,SB0832,cattle,cattle,64281001_3,64420047_29,64281001,64420047,pasture,58,-1,60,abattage,490,402,cattle->cattle,2011,2,b2012,483,483
1286,13,SB0832,cattle,cattle,64420035_18,64420047_30,64420035,64420047,pasture,58,64,68,abattage,491,402,cattle->cattle,2011,10,b2012,483,483
1287,13,SB0832,cattle,cattle,64420035_19,64420047_30,64420035,64420047,pasture,58,59,68,abattage,492,402,cattle->cattle,2011,10,b2012,483,483
1288,13,SB0832,cattle,cattle,64420035_17,64420047_32,64420035,64420047,pasture,58,60,68,abattage,493,402,cattle->cattle,2011,10,b2012,483,483
1289,13,SB0832,cattle,cattle,64420047_51,64420047_36,64420047,64420047,within,58,59,68,abattage,494,402,cattle->cattle,2011,10,b2012,483,483
1290,13,SB0832,cattle,cattle,64420047_52,64420047_37,64420047,64420047,within,58,-1,59,demographie,495,402,cattle->cattle,2011,1,b2012,483,483
1291,13,SB0832,cattle,cattle,64420039_3,64420047_42,64420039,64420047,pasture,58,-1,59,abattage,496,402,cattle->cattle,2011,1,b2012,483,483
1292,13,SB0832,cattle,cattle,64420047_53,64420047_42,64420047,64420047,within,58,62,68,abattage,497,402,cattle->cattle,2011,10,b2012,483,483
1293,13,SB0832,cattle,cattle,64420012_25,64420047_46,64420012,64420047,pasture,58,68,72,demographie,498,402,cattle->cattle,2011,14,b2012,483,483
1294,13,SB0832,cattle,cattle,64420009_11,64420009_0,64420009,64420009,within,59,63,65,abattage,510,402,cattle->cattle,2011,6,b2012,483,483
1295,13,SB0832,cattle,cattle,64420009_13,64420009_3,64420009,64420009,within,59,64,65,abattage,511,402,cattle->cattle,2011,6,b2012,483,483
1296,13,SB0832,cattle,cattle,64420009_14,64420009_5,64420009,64420009,within,59,-1,61,demographie,512,402,cattle->cattle,2011,2,b2012,483,483
1297,13,SB0832,cattle,cattle,64420009_12,64420009_9,64420009,64420009,within,59,61,64,demographie,513,402,cattle->cattle,2011,5,b2012,483,483
1298,13,SB0832,cattle,cattle,64420012_26,64420012_21,64420012,64420012,within,59,60,73,abattage,514,402,cattle->cattle,2011,14,b2012,483,483
1299,13,SB0832,cattle,cattle,64420035_25,64420035_10,64420035,64420035,within,59,60,68,abattage,515,402,cattle->cattle,2011,9,b2012,483,483
1300,13,SB0832,cattle,cattle,64420035_26,64420035_12,64420035,64420035,within,59,61,67,demographie,516,402,cattle->cattle,2011,8,b2012,483,483
1301,13,SB0832,cattle,cattle,64420035_23,64420035_13,64420035,64420035,within,59,-1,62,demographie,517,402,cattle->cattle,2011,3,b2012,483,483
1302,13,SB0832,cattle,cattle,64420035_24,64420035_13,64420035,64420035,within,59,60,68,abattage,518,402,cattle->cattle,2011,9,b2012,483,483
1303,13,SB0832,cattle,cattle,64420035_21,64420035_15,64420035,64420035,within,59,61,68,abattage,519,402,cattle->cattle,2011,9,b2012,483,483
1304,13,SB0832,cattle,cattle,64420035_22,64420035_19,64420035,64420035,within,59,59,68,abattage,520,402,cattle->cattle,2011,9,b2012,483,483
1305,13,SB0832,cattle,cattle,64420039_4,64420039_2,64420039,64420039,within,59,-1,59,abattage,521,402,cattle->cattle,2011,0,b2012,483,483
1306,13,SB0832,cattle,cattle,64420042_4,64420042_1,64420042,64420042,within,59,-1,67,abattage,522,402,cattle->cattle,2011,8,b2012,483,483
1307,13,SB0832,cattle,cattle,64420042_5,64420042_1,64420042,64420042,within,59,-1,67,abattage,523,402,cattle->cattle,2011,8,b2012,483,483
1308,13,SB0832,cattle,cattle,64420042_6,64420042_1,64420042,64420042,within,59,63,67,abattage,524,402,cattle->cattle,2011,8,b2012,483,483
1309,13,SB0832,cattle,cattle,64420042_3,64420042_2,64420042,64420042,within,59,-1,67,abattage,525,402,cattle->cattle,2011,8,b2012,483,483
1310,13,SB0832,cattle,cattle,64420047_54,64420047_42,64420047,64420047,within,59,60,68,abattage,526,402,cattle->cattle,2011,9,b2012,483,483
1311,13,SB0832,cattle,cattle,64420047_55,64420047_42,64420047,64420047,within,59,60,68,abattage,527,402,cattle->cattle,2011,9,b2012,483,483
1312,13,SB0832,cattle,cattle,64420047_56,64420047_44,64420047,64420047,within,59,60,68,abattage,528,402,cattle->cattle,2011,9,b2012,483,483
1313,13,SB0832,cattle,cattle,64420009_15,64420009_0,64420009,64420009,within,60,62,65,abattage,540,402,cattle->cattle,2012,5,b2016,483,483
1314,13,SB0832,cattle,cattle,64420009_18,64420009_0,64420009,64420009,within,60,65,65,abattage,541,402,cattle->cattle,2012,5,b2016,483,483
1315,13,SB0832,cattle,cattle,64420009_16,64420009_1,64420009,64420009,within,60,63,65,abattage,542,402,cattle->cattle,2012,5,b2016,483,483
1316,13,SB0832,cattle,cattle,64420009_17,64420009_2,64420009,64420009,within,60,61,65,abattage,543,402,cattle->cattle,2012,5,b2016,483,483
1317,13,SB0832,cattle,cattle,64420012_28,64420012_17,64420012,64420012,within,60,66,73,demographie,544,402,cattle->cattle,2012,13,b2016,483,483
1318,13,SB0832,cattle,cattle,64420012_27,64420012_21,64420012,64420012,within,60,60,73,abattage,545,402,cattle->cattle,2012,13,b2016,483,483
1319,13,SB0832,cattle,cattle,64420015_7,64420015_6,64420015,64420015,within,60,63,68,abattage,546,402,cattle->cattle,2012,8,b2016,483,483
1320,13,SB0832,cattle,cattle,64420028_10,64420028_3,64420028,64420028,within,60,66,69,abattage,547,402,cattle->cattle,2012,9,b2016,483,483
1321,13,SB0832,cattle,cattle,64420028_9,64420028_6,64420028,64420028,within,60,62,69,abattage,548,402,cattle->cattle,2012,9,b2016,483,483
1322,13,SB0832,cattle,cattle,64420035_29,64420035_13,64420035,64420035,within,60,66,68,abattage,549,402,cattle->cattle,2012,8,b2016,483,483
1323,13,SB0832,cattle,cattle,64420035_30,64420035_13,64420035,64420035,within,60,64,68,abattage,550,402,cattle->cattle,2012,8,b2016,483,483
1324,13,SB0832,cattle,cattle,64420035_31,64420035_15,64420035,64420035,within,60,62,68,abattage,551,402,cattle->cattle,2012,8,b2016,483,483
1325,13,SB0832,cattle,cattle,64420035_27,64420035_19,64420035,64420035,within,60,60,68,abattage,552,402,cattle->cattle,2012,8,b2016,483,483
1326,13,SB0832,cattle,cattle,64420035_32,64420035_27,64420035,64420035,within,60,62,68,abattage,553,402,cattle->cattle,2012,8,b2016,483,483
1327,13,SB0832,cattle,cattle,64420035_28,64420035_8,64420035,64420035,within,60,62,68,abattage,554,402,cattle->cattle,2012,8,b2016,483,483
1328,13,SB0832,cattle,cattle,64420038_3,64420038_0,64420038,64420038,within,60,61,74,abattage,555,402,cattle->cattle,2012,14,b2016,483,483
1329,13,SB0832,cattle,cattle,64420038_4,64420038_0,64420038,64420038,within,60,64,76,abattage,556,402,cattle->cattle,2012,16,b2016,483,483
1330,13,SB0832,cattle,cattle,64420038_6,64420038_1,64420038,64420038,within,60,65,76,abattage,557,402,cattle->cattle,2012,16,b2016,483,483
1331,13,SB0832,cattle,cattle,64420038_5,64420038_2,64420038,64420038,within,60,71,76,abattage,558,402,cattle->cattle,2012,16,b2016,483,483
1332,13,SB0832,cattle,cattle,64420042_7,64420042_2,64420042,64420042,within,60,63,67,abattage,559,402,cattle->cattle,2012,7,b2016,483,483
1333,13,SB0832,cattle,cattle,64420047_62,64420047_29,64420047,64420047,within,60,65,68,abattage,560,402,cattle->cattle,2012,8,b2016,483,483
1334,13,SB0832,cattle,cattle,64420047_57,64420047_34,64420047,64420047,within,60,63,67,demographie,561,402,cattle->cattle,2012,7,b2016,483,483
1335,13,SB0832,cattle,cattle,64420047_60,64420047_36,64420047,64420047,within,60,68,68,abattage,562,402,cattle->cattle,2012,8,b2016,483,483
1336,13,SB0832,cattle,cattle,64420047_61,64420047_41,64420047,64420047,within,60,61,68,abattage,563,402,cattle->cattle,2012,8,b2016,483,483
1337,13,SB0832,cattle,cattle,64420047_58,64420047_45,64420047,64420047,within,60,-1,61,demographie,564,402,cattle->cattle,2012,1,b2016,483,483
1338,13,SB0832,cattle,cattle,64420047_59,64420047_47,64420047,64420047,within,60,61,68,abattage,565,402,cattle->cattle,2012,8,b2016,483,483
1339,13,SB0832,cattle,cattle,64420009_21,64420009_17,64420009,64420009,within,61,62,65,abattage,584,402,cattle->cattle,2012,4,b2016,483,483
1340,13,SB0832,cattle,cattle,64420009_20,64420009_2,64420009,64420009,within,61,-1,65,abattage,585,402,cattle->cattle,2012,4,b2016,483,483
1341,13,SB0832,cattle,cattle,64420009_19,64420009_3,64420009,64420009,within,61,64,65,abattage,586,402,cattle->cattle,2012,4,b2016,483,483
1342,13,SB0832,cattle,cattle,64420012_29,64420012_23,64420012,64420012,within,61,66,73,abattage,587,402,cattle->cattle,2012,12,b2016,483,483
1343,13,SB0832,cattle,cattle,64420035_33,64420035_15,64420035,64420035,within,61,66,68,abattage,588,402,cattle->cattle,2012,7,b2016,483,483
1344,13,SB0832,cattle,cattle,64420035_34,64420035_15,64420035,64420035,within,61,62,68,abattage,589,402,cattle->cattle,2012,7,b2016,483,483
1345,13,SB0832,cattle,cattle,64420035_36,64420035_19,64420035,64420035,within,61,62,68,abattage,590,402,cattle->cattle,2012,7,b2016,483,483
1346,13,SB0832,cattle,cattle,64420035_35,64420035_25,64420035,64420035,within,61,62,68,abattage,591,402,cattle->cattle,2012,7,b2016,483,483
1347,13,SB0832,cattle,cattle,64420038_7,64420038_1,64420038,64420038,within,61,-1,74,demographie,592,402,cattle->cattle,2012,13,b2016,483,483
1348,13,SB0832,cattle,cattle,64420044_25,64420044_8,64420044,64420044,within,61,-1,61,abattage,593,402,cattle->cattle,2012,0,b2016,483,483
1349,13,SB0832,cattle,cattle,64420047_65,64420047_34,64420047,64420047,within,61,68,68,abattage,594,402,cattle->cattle,2012,7,b2016,483,483
1350,13,SB0832,cattle,cattle,64420047_63,64420047_46,64420047,64420047,within,61,62,68,abattage,595,402,cattle->cattle,2012,7,b2016,483,483
1351,13,SB0832,cattle,cattle,64420047_66,64420047_50,64420047,64420047,within,61,63,68,abattage,596,402,cattle->cattle,2012,7,b2016,483,483
1352,13,SB0832,cattle,cattle,64420047_64,64420047_54,64420047,64420047,within,61,63,68,abattage,597,402,cattle->cattle,2012,7,b2016,483,483
1353,13,SB0832,cattle,cattle,64420009_26,64420009_0,64420009,64420009,within,62,63,65,abattage,610,402,cattle->cattle,2012,3,b2016,483,483
1354,13,SB0832,cattle,cattle,64420009_28,64420009_1,64420009,64420009,within,62,-1,65,abattage,611,402,cattle->cattle,2012,3,b2016,483,483
1355,13,SB0832,cattle,cattle,64420009_24,64420009_15,64420009,64420009,within,62,63,65,abattage,612,402,cattle->cattle,2012,3,b2016,483,483
1356,13,SB0832,cattle,cattle,64420009_25,64420009_3,64420009,64420009,within,62,-1,65,abattage,613,402,cattle->cattle,2012,3,b2016,483,483
1357,13,SB0832,cattle,cattle,64420009_23,64420009_4,64420009,64420009,within,62,-1,65,abattage,614,402,cattle->cattle,2012,3,b2016,483,483
1358,13,SB0832,cattle,cattle,64420009_22,64420009_5,64420009,64420009,within,62,-1,65,abattage,615,402,cattle->cattle,2012,3,b2016,483,483
1359,13,SB0832,cattle,cattle,64420009_27,64420009_8,64420009,64420009,within,62,-1,65,abattage,616,402,cattle->cattle,2012,3,b2016,483,483
1360,13,SB0832,cattle,cattle,64420012_30,64420012_21,64420012,64420012,within,62,68,73,abattage,617,402,cattle->cattle,2012,11,b2016,483,483
1361,13,SB0832,cattle,cattle,64420012_31,64420012_23,64420012,64420012,within,62,-1,73,abattage,618,402,cattle->cattle,2012,11,b2016,483,483
1362,13,SB0832,cattle,cattle,64420012_32,64420012_27,64420012,64420012,within,62,71,73,abattage,619,402,cattle->cattle,2012,11,b2016,483,483
1363,13,SB0832,cattle,cattle,64420035_37,64420035_15,64420035,64420035,within,62,63,68,abattage,620,402,cattle->cattle,2012,6,b2016,483,483
1364,13,SB0832,cattle,cattle,64420035_38,64420035_8,64420035,64420035,within,62,63,68,abattage,621,402,cattle->cattle,2012,6,b2016,483,483
1365,13,SB0832,cattle,cattle,64420042_8,64420042_2,64420042,64420042,within,62,63,67,abattage,622,402,cattle->cattle,2012,5,b2016,483,483
1366,13,SB0832,cattle,cattle,64420044_26,64420044_11,64420044,64420044,within,62,-1,63,abattage,623,402,cattle->cattle,2012,1,b2016,483,483
1367,13,SB0832,cattle,cattle,64420044_28,64420044_3,64420044,64420044,within,62,-1,63,abattage,624,402,cattle->cattle,2012,1,b2016,483,483
1368,13,SB0832,cattle,cattle,64420044_27,64420044_7,64420044,64420044,within,62,-1,63,abattage,625,402,cattle->cattle,2012,1,b2016,483,483
1369,13,SB0832,cattle,cattle,64420047_68,64420047_37,64420047,64420047,within,62,68,68,abattage,626,402,cattle->cattle,2012,6,b2016,483,483
1370,13,SB0832,cattle,cattle,64420047_71,64420047_50,64420047,64420047,within,62,-1,68,abattage,627,402,cattle->cattle,2012,6,b2016,483,483
1371,13,SB0832,cattle,cattle,64420047_72,64420047_54,64420047,64420047,within,62,-1,68,abattage,628,402,cattle->cattle,2012,6,b2016,483,483
1372,13,SB0832,cattle,cattle,64420047_67,64420047_55,64420047,64420047,within,62,66,68,demographie,629,402,cattle->cattle,2012,6,b2016,483,483
1373,13,SB0832,cattle,cattle,64420047_70,64420047_55,64420047,64420047,within,62,66,68,abattage,630,402,cattle->cattle,2012,6,b2016,483,483
1374,13,SB0832,cattle,cattle,64420047_69,64420047_61,64420047,64420047,within,62,64,68,abattage,631,402,cattle->cattle,2012,6,b2016,483,483
1375,13,SB0832,cattle,cattle,64420009_29,64420009_12,64420009,64420009,within,63,-1,65,abattage,636,402,cattle->cattle,2012,2,b2016,483,483
1376,13,SB0832,cattle,cattle,40316038_0,64420035_7,64420035,64420035,within,63,64,77,abattage,637,402,cattle->cattle,2012,14,b2016,483,483
1377,13,SB0832,cattle,cattle,64420044_30,64420044_15,64420044,64420044,within,63,-1,63,abattage,638,402,cattle->cattle,2012,0,b2016,483,483
1378,13,SB0832,cattle,cattle,64420044_32,64420044_15,64420044,64420044,within,63,-1,63,abattage,639,402,cattle->cattle,2012,0,b2016,483,483
1379,13,SB0832,cattle,cattle,64420044_29,64420044_21,64420044,64420044,within,63,-1,63,abattage,640,402,cattle->cattle,2012,0,b2016,483,483
1380,13,SB0832,cattle,cattle,64420044_31,64420044_24,64420044,64420044,within,63,-1,63,abattage,641,402,cattle->cattle,2012,0,b2016,483,483
1381,13,SB0832,cattle,cattle,64420047_73,64420047_33,64420047,64420047,within,63,-1,65,demographie,642,402,cattle->cattle,2012,2,b2016,483,483
1382,13,SB0832,cattle,cattle,64420047_75,64420047_37,64420047,64420047,within,63,66,68,abattage,643,402,cattle->cattle,2012,5,b2016,483,483
1383,13,SB0832,cattle,cattle,64420047_76,64420047_37,64420047,64420047,within,63,68,68,abattage,644,402,cattle->cattle,2012,5,b2016,483,483
1384,13,SB0832,cattle,cattle,64420047_74,64420047_46,64420047,64420047,within,63,-1,68,abattage,645,402,cattle->cattle,2012,5,b2016,483,483
1385,13,SB0832,cattle,cattle,64420012_36,64420012_17,64420012,64420012,within,64,66,73,abattage,660,402,cattle->cattle,2012,9,b2016,483,483
1386,13,SB0832,cattle,cattle,64420012_33,64420012_26,64420012,64420012,within,64,68,73,abattage,661,402,cattle->cattle,2012,9,b2016,483,483
1387,13,SB0832,cattle,cattle,64420028_13,64420028_1,64420028,64420028,within,64,65,69,abattage,662,402,cattle->cattle,2012,5,b2016,483,483
1388,13,SB0832,cattle,cattle,64420009_31,64420028_12,64420009,64420028,pasture,64,-1,65,abattage,663,402,cattle->cattle,2012,1,b2016,483,483
1389,13,SB0832,cattle,cattle,64420009_30,64420028_3,64420009,64420028,pasture,64,64,65,abattage,664,402,cattle->cattle,2012,1,b2016,483,483
1390,13,SB0832,cattle,cattle,64420028_11,64420028_5,64420028,64420028,within,64,65,69,abattage,665,402,cattle->cattle,2012,5,b2016,483,483
1391,13,SB0832,cattle,cattle,64420028_12,64420028_5,64420028,64420028,within,64,64,69,abattage,666,402,cattle->cattle,2012,5,b2016,483,483
1392,13,SB0832,cattle,cattle,64420035_44,64420035_24,64420035,64420035,within,64,66,68,abattage,667,402,cattle->cattle,2012,4,b2016,483,483
1393,13,SB0832,cattle,cattle,64420035_47,64420035_34,64420035,64420035,within,64,66,68,demographie,668,402,cattle->cattle,2012,4,b2016,483,483
1394,13,SB0832,cattle,cattle,64420035_40,64420035_7,64420035,64420035,within,64,65,66,demographie,669,402,cattle->cattle,2012,2,b2016,483,483
1395,13,SB0832,cattle,cattle,64420038_8,64420038_0,64420038,64420038,within,64,-1,76,abattage,670,402,cattle->cattle,2012,12,b2016,483,483
1396,13,SB0832,cattle,cattle,64420038_9,64420038_2,64420038,64420038,within,64,65,76,abattage,671,402,cattle->cattle,2012,12,b2016,483,483
1397,13,SB0832,cattle,cattle,64420035_43,64420042_0,64420035,64420042,pasture,64,67,68,abattage,672,402,cattle->cattle,2012,4,b2016,483,483
1398,13,SB0832,cattle,cattle,64420035_46,64420042_1,64420035,64420042,pasture,64,-1,68,abattage,673,402,cattle->cattle,2012,4,b2016,483,483
1399,13,SB0832,cattle,cattle,64420042_10,64420042_6,64420042,64420042,within,64,67,67,abattage,674,402,cattle->cattle,2012,3,b2016,483,483
1400,13,SB0832,cattle,cattle,64420042_11,64420042_6,64420042,64420042,within,64,67,67,abattage,675,402,cattle->cattle,2012,3,b2016,483,483
1401,13,SB0832,cattle,cattle,64420042_9,64420042_7,64420042,64420042,within,64,-1,67,abattage,676,402,cattle->cattle,2012,3,b2016,483,483
1402,13,SB0832,cattle,cattle,64420015_8,64420044_17,64420015,64420044,pasture,64,65,68,abattage,677,402,cattle->cattle,2012,4,b2016,483,483
1403,13,SB0832,cattle,cattle,64420035_39,64420047_32,64420035,64420047,pasture,64,64,68,abattage,678,402,cattle->cattle,2012,4,b2016,483,483
1404,13,SB0832,cattle,cattle,64420008_0,64420047_35,64420008,64420047,pasture,64,66,67,abattage,679,402,cattle->cattle,2012,3,b2016,483,483
1405,13,SB0832,cattle,cattle,64420008_1,64420047_35,64420008,64420047,pasture,64,-1,67,abattage,680,402,cattle->cattle,2012,3,b2016,483,483
1406,13,SB0832,cattle,cattle,64420047_78,64420047_36,64420047,64420047,within,64,65,68,abattage,681,402,cattle->cattle,2012,4,b2016,483,483
1407,13,SB0832,cattle,cattle,64420035_48,64420047_43,64420035,64420047,pasture,64,67,68,abattage,682,402,cattle->cattle,2012,4,b2016,483,483
1408,13,SB0832,cattle,cattle,64420012_35,64420047_45,64420012,64420047,pasture,64,68,73,abattage,683,402,cattle->cattle,2012,9,b2016,483,483
1409,13,SB0832,cattle,cattle,64420012_37,64420047_45,64420012,64420047,pasture,64,69,73,abattage,684,402,cattle->cattle,2012,9,b2016,483,483
1410,13,SB0832,cattle,cattle,64420035_41,64420047_47,64420035,64420047,pasture,64,68,68,abattage,685,402,cattle->cattle,2012,4,b2016,483,483
1411,13,SB0832,cattle,cattle,64420035_45,64420047_53,64420035,64420047,pasture,64,65,68,abattage,686,402,cattle->cattle,2012,4,b2016,483,483
1412,13,SB0832,cattle,cattle,64420012_34,64420047_55,64420012,64420047,pasture,64,66,73,abattage,687,402,cattle->cattle,2012,9,b2016,483,483
1413,13,SB0832,cattle,cattle,64420008_2,64420047_56,64420008,64420047,pasture,64,65,66,demographie,688,402,cattle->cattle,2012,2,b2016,483,483
1414,13,SB0832,cattle,cattle,64420035_42,64420047_61,64420035,64420047,pasture,64,-1,68,abattage,689,402,cattle->cattle,2012,4,b2016,483,483
1415,13,SB0832,cattle,cattle,64420047_77,64420047_61,64420047,64420047,within,64,65,68,abattage,690,402,cattle->cattle,2012,4,b2016,483,483
1416,13,SB0832,cattle,cattle,40316038_1,40316038_0,40316038,40316038,within,65,69,77,abattage,691,402,cattle->cattle,2012,12,b2016,483,483
1417,13,SB0832,cattle,cattle,64420009_32,64420009_19,64420009,64420009,within,65,-1,65,abattage,712,402,cattle->cattle,2012,0,b2016,483,483
1418,13,SB0832,cattle,cattle,64420047_79,64420035_35,64420047,64420035,pasture,65,65,68,abattage,713,402,cattle->cattle,2012,3,b2016,483,483
1419,13,SB0832,cattle,cattle,64420038_10,64420038_1,64420038,64420038,within,65,66,74,abattage,714,402,cattle->cattle,2012,9,b2016,483,483
1420,13,SB0832,cattle,cattle,64420035_51,64420042_1,64420035,64420042,pasture,65,66,68,abattage,715,402,cattle->cattle,2012,3,b2016,483,483
1421,13,SB0832,cattle,cattle,64420042_13,64420042_2,64420042,64420042,within,65,-1,66,demographie,716,402,cattle->cattle,2012,1,b2016,483,483
1422,13,SB0832,cattle,cattle,64420035_49,64420042_7,64420035,64420042,pasture,65,65,68,abattage,717,402,cattle->cattle,2012,3,b2016,483,483
1423,13,SB0832,cattle,cattle,64420042_12,64420042_7,64420042,64420042,within,65,-1,67,abattage,718,402,cattle->cattle,2012,2,b2016,483,483
1424,13,SB0832,cattle,cattle,64420012_38,64420047_37,64420012,64420047,pasture,65,68,73,abattage,719,402,cattle->cattle,2012,8,b2016,483,483
1425,13,SB0832,cattle,cattle,64420047_80,64420047_37,64420047,64420047,within,65,67,68,abattage,720,402,cattle->cattle,2012,3,b2016,483,483
1426,13,SB0832,cattle,cattle,64420035_50,64420047_39,64420035,64420047,pasture,65,65,68,abattage,721,402,cattle->cattle,2012,3,b2016,483,483
1427,13,SB0832,cattle,cattle,64420012_39,64420047_42,64420012,64420047,pasture,65,66,73,demographie,722,402,cattle->cattle,2012,8,b2016,483,483
1428,13,SB0832,cattle,cattle,64420047_81,64420047_46,64420047,64420047,within,65,67,68,abattage,723,402,cattle->cattle,2012,3,b2016,483,483
1429,13,SB0832,cattle,cattle,64420047_82,64420047_50,64420047,64420047,within,65,-1,68,abattage,724,402,cattle->cattle,2012,3,b2016,483,483
1430,13,SB0832,cattle,cattle,64420012_40,64420047_77,64420012,64420047,pasture,65,66,73,abattage,725,402,cattle->cattle,2012,8,b2016,483,483
1431,13,SB0832,cattle,cattle,40316038_2,40316038_0,40316038,40316038,within,66,77,77,abattage,726,402,cattle->cattle,2012,11,b2016,483,483
1432,13,SB0832,cattle,cattle,64420012_50,64420012_17,64420012,64420012,within,66,-1,70,demographie,741,402,cattle->cattle,2012,4,b2016,483,483
1433,13,SB0832,cattle,cattle,64420012_43,64420012_26,64420012,64420012,within,66,68,73,abattage,742,402,cattle->cattle,2012,7,b2016,483,483
1434,13,SB0832,cattle,cattle,64420012_46,64420012_26,64420012,64420012,within,66,68,73,abattage,743,402,cattle->cattle,2012,7,b2016,483,483
1435,13,SB0832,cattle,cattle,64420012_49,64420012_42,64420012,64420012,within,66,69,73,abattage,744,402,cattle->cattle,2012,7,b2016,483,483
1436,13,SB0832,cattle,cattle,64420038_11,64420038_9,64420038,64420038,within,66,-1,69,demographie,745,402,cattle->cattle,2012,3,b2016,483,483
1437,13,SB0832,cattle,cattle,64420035_52,64420042_7,64420035,64420042,pasture,66,-1,68,abattage,746,402,cattle->cattle,2012,2,b2016,483,483
1438,13,SB0832,cattle,cattle,64420035_56,64420042_7,64420035,64420042,pasture,66,-1,68,abattage,747,402,cattle->cattle,2012,2,b2016,483,483
1439,13,SB0832,cattle,cattle,64420012_41,64420047_31,64420012,64420047,pasture,66,67,73,abattage,748,402,cattle->cattle,2012,7,b2016,483,483
1440,13,SB0832,cattle,cattle,64420012_42,64420047_32,64420012,64420047,pasture,66,66,73,abattage,749,402,cattle->cattle,2012,7,b2016,483,483
1441,13,SB0832,cattle,cattle,64420035_53,64420047_33,64420035,64420047,pasture,66,68,68,abattage,750,402,cattle->cattle,2012,2,b2016,483,483
1442,13,SB0832,cattle,cattle,64420038_12,64420047_35,64420038,64420047,pasture,66,-1,76,abattage,751,402,cattle->cattle,2012,10,b2016,483,483
1443,13,SB0832,cattle,cattle,64420012_48,64420047_39,64420012,64420047,pasture,66,-1,73,abattage,752,402,cattle->cattle,2012,7,b2016,483,483
1444,13,SB0832,cattle,cattle,64420035_54,64420047_39,64420035,64420047,pasture,66,67,68,abattage,753,402,cattle->cattle,2012,2,b2016,483,483
1445,13,SB0832,cattle,cattle,64420047_86,64420047_42,64420047,64420047,within,66,67,68,abattage,754,402,cattle->cattle,2012,2,b2016,483,483
1446,13,SB0832,cattle,cattle,64420047_87,64420047_46,64420047,64420047,within,66,-1,68,abattage,755,402,cattle->cattle,2012,2,b2016,483,483
1447,13,SB0832,cattle,cattle,64420028_14,64420047_47,64420028,64420047,pasture,66,-1,69,abattage,756,402,cattle->cattle,2012,3,b2016,483,483
1448,13,SB0832,cattle,cattle,64420012_44,64420047_49,64420012,64420047,pasture,66,-1,73,abattage,757,402,cattle->cattle,2012,7,b2016,483,483
1449,13,SB0832,cattle,cattle,64420038_13,64420047_50,64420038,64420047,pasture,66,69,74,abattage,758,402,cattle->cattle,2012,8,b2016,483,483
1450,13,SB0832,cattle,cattle,64420035_55,64420047_53,64420035,64420047,pasture,66,67,68,abattage,759,402,cattle->cattle,2012,2,b2016,483,483
1451,13,SB0832,cattle,cattle,64420047_84,64420047_53,64420047,64420047,within,66,68,68,abattage,760,402,cattle->cattle,2012,2,b2016,483,483
1452,13,SB0832,cattle,cattle,64420012_45,64420047_55,64420012,64420047,pasture,66,70,73,abattage,761,402,cattle->cattle,2012,7,b2016,483,483
1453,13,SB0832,cattle,cattle,64420047_85,64420047_62,64420047,64420047,within,66,-1,68,abattage,762,402,cattle->cattle,2012,2,b2016,483,483
1454,13,SB0832,cattle,cattle,64420047_83,64420047_66,64420047,64420047,within,66,67,68,abattage,763,402,cattle->cattle,2012,2,b2016,483,483
1455,13,SB0832,cattle,cattle,64281001_4,64420047_69,64281001,64420047,pasture,66,70,73,abattage,764,402,cattle->cattle,2012,7,b2016,483,483
1456,13,SB0832,cattle,cattle,64420012_47,64420047_75,64420012,64420047,pasture,66,69,73,abattage,765,402,cattle->cattle,2012,7,b2016,483,483
1457,13,SB0832,cattle,cattle,64420008_3,64420008_0,64420008,64420008,within,67,67,67,abattage,777,402,cattle->cattle,2012,0,b2016,483,483
1458,13,SB0832,cattle,cattle,64420012_51,64420012_18,64420012,64420012,within,67,69,73,abattage,778,402,cattle->cattle,2012,6,b2016,483,483
1459,13,SB0832,cattle,cattle,64420012_52,64420012_40,64420012,64420012,within,67,70,73,abattage,779,402,cattle->cattle,2012,6,b2016,483,483
1460,13,SB0832,cattle,cattle,64420015_9,64420015_7,64420015,64420015,within,67,-1,68,abattage,780,402,cattle->cattle,2012,1,b2016,483,483
1461,13,SB0832,cattle,cattle,64420028_16,64420028_8,64420028,64420028,within,67,69,69,abattage,781,402,cattle->cattle,2012,2,b2016,483,483
1462,13,SB0832,cattle,cattle,64420042_14,64420035_22,64420042,64420035,pasture,67,-1,67,abattage,782,402,cattle->cattle,2012,0,b2016,483,483
1463,13,SB0832,cattle,cattle,64420035_60,64420035_37,64420035,64420035,within,67,68,68,abattage,783,402,cattle->cattle,2012,1,b2016,483,483
1464,13,SB0832,cattle,cattle,64420039_6,64420035_51,64420039,64420035,pasture,67,-1,74,abattage,784,402,cattle->cattle,2012,7,b2016,483,483
1465,13,SB0832,cattle,cattle,64420039_8,64420038_1,64420039,64420038,pasture,67,70,74,abattage,785,402,cattle->cattle,2012,7,b2016,483,483
1466,13,SB0832,cattle,cattle,64420039_9,64420038_2,64420039,64420038,pasture,67,-1,74,abattage,786,402,cattle->cattle,2012,7,b2016,483,483
1467,13,SB0832,cattle,cattle,64420038_14,64420038_9,64420038,64420038,within,67,68,74,abattage,787,402,cattle->cattle,2012,7,b2016,483,483
1468,13,SB0832,cattle,cattle,64420042_15,64420042_6,64420042,64420042,within,67,-1,67,abattage,788,402,cattle->cattle,2012,0,b2016,483,483
1469,13,SB0832,cattle,cattle,64420047_91,64420047_34,64420047,64420047,within,67,-1,68,abattage,789,402,cattle->cattle,2012,1,b2016,483,483
1470,13,SB0832,cattle,cattle,64420038_15,64420047_36,64420038,64420047,pasture,67,68,74,abattage,790,402,cattle->cattle,2012,7,b2016,483,483
1471,13,SB0832,cattle,cattle,64420028_15,64420047_39,64420028,64420047,pasture,67,68,69,abattage,791,402,cattle->cattle,2012,2,b2016,483,483
1472,13,SB0832,cattle,cattle,64420047_89,64420047_39,64420047,64420047,within,67,-1,68,abattage,792,402,cattle->cattle,2012,1,b2016,483,483
1473,13,SB0832,cattle,cattle,64420047_90,64420047_39,64420047,64420047,within,67,67,68,abattage,793,402,cattle->cattle,2012,1,b2016,483,483
1474,13,SB0832,cattle,cattle,64420039_7,64420047_41,64420039,64420047,pasture,67,70,74,abattage,794,402,cattle->cattle,2012,7,b2016,483,483
1475,13,SB0832,cattle,cattle,64420012_53,64420047_48,64420012,64420047,pasture,67,69,73,abattage,795,402,cattle->cattle,2012,6,b2016,483,483
1476,13,SB0832,cattle,cattle,64420047_88,64420047_49,64420047,64420047,within,67,-1,68,abattage,796,402,cattle->cattle,2012,1,b2016,483,483
1477,13,SB0832,cattle,cattle,64420028_17,64420047_51,64420028,64420047,pasture,67,68,69,abattage,797,402,cattle->cattle,2012,2,b2016,483,483
1478,13,SB0832,cattle,cattle,64281001_5,64420047_61,64281001,64420047,pasture,67,69,73,abattage,798,402,cattle->cattle,2012,6,b2016,483,483
1479,13,SB0832,cattle,cattle,64420035_57,64420047_62,64420035,64420047,pasture,67,67,68,abattage,799,402,cattle->cattle,2012,1,b2016,483,483
1480,13,SB0832,cattle,cattle,64420035_59,64420047_64,64420035,64420047,pasture,67,-1,68,abattage,800,402,cattle->cattle,2012,1,b2016,483,483
1481,13,SB0832,cattle,cattle,64420035_58,64420047_66,64420035,64420047,pasture,67,-1,68,abattage,801,402,cattle->cattle,2012,1,b2016,483,483
1482,13,SB0832,cattle,cattle,64281001_6,64420047_70,64281001,64420047,pasture,67,68,73,abattage,802,402,cattle->cattle,2012,6,b2016,483,483
1483,13,SB0832,cattle,cattle,64420047_92,64420047_77,64420047,64420047,within,67,-1,68,abattage,803,402,cattle->cattle,2012,1,b2016,483,483
1484,13,SB0832,cattle,cattle,64420039_5,64420047_78,64420039,64420047,pasture,67,-1,74,abattage,804,402,cattle->cattle,2012,7,b2016,483,483
1485,13,SB0832,cattle,cattle,40316038_3,40316038_0,40316038,40316038,within,68,68,74,demographie,806,402,cattle->cattle,2012,6,b2016,483,483
1486,13,SB0832,cattle,cattle,64420012_56,64420012_19,64420012,64420012,within,68,69,73,abattage,829,402,cattle->cattle,2012,5,b2016,483,483
1487,13,SB0832,cattle,cattle,64420012_54,64420012_21,64420012,64420012,within,68,72,73,abattage,830,402,cattle->cattle,2012,5,b2016,483,483
1488,13,SB0832,cattle,cattle,64420012_57,64420012_46,64420012,64420012,within,68,73,73,abattage,831,402,cattle->cattle,2012,5,b2016,483,483
1489,13,SB0832,cattle,cattle,64420015_10,64420015_8,64420015,64420015,within,68,-1,68,abattage,832,402,cattle->cattle,2012,0,b2016,483,483
1490,13,SB0832,cattle,cattle,64420028_19,64420028_0,64420028,64420028,within,68,-1,69,abattage,833,402,cattle->cattle,2012,1,b2016,483,483
1491,13,SB0832,cattle,cattle,64420028_18,64420028_9,64420028,64420028,within,68,69,69,abattage,834,402,cattle->cattle,2012,1,b2016,483,483
1492,13,SB0832,cattle,cattle,64420039_14,64420035_11,64420039,64420035,pasture,68,71,73,demographie,835,402,cattle->cattle,2012,5,b2016,483,483
1493,13,SB0832,cattle,cattle,64420035_63,64420035_6,64420035,64420035,within,68,-1,68,abattage,836,402,cattle->cattle,2012,0,b2016,483,483
1494,13,SB0832,cattle,cattle,64420039_13,64420038_0,64420039,64420038,pasture,68,72,74,abattage,837,402,cattle->cattle,2012,6,b2016,483,483
1495,13,SB0832,cattle,cattle,64420039_12,64420047_32,64420039,64420047,pasture,68,-1,74,abattage,838,402,cattle->cattle,2012,6,b2016,483,483
1496,13,SB0832,cattle,cattle,64420035_65,64420047_33,64420035,64420047,pasture,68,-1,68,abattage,839,402,cattle->cattle,2012,0,b2016,483,483
1497,13,SB0832,cattle,cattle,64420012_55,64420047_48,64420012,64420047,pasture,68,72,73,abattage,840,402,cattle->cattle,2012,5,b2016,483,483
1498,13,SB0832,cattle,cattle,64420039_10,64420047_48,64420039,64420047,pasture,68,72,74,abattage,841,402,cattle->cattle,2012,6,b2016,483,483
1499,13,SB0832,cattle,cattle,64420047_94,64420047_59,64420047,64420047,within,68,-1,68,abattage,842,402,cattle->cattle,2012,0,b2016,483,483
1500,13,SB0832,cattle,cattle,64420035_64,64420047_60,64420035,64420047,pasture,68,-1,68,abattage,843,402,cattle->cattle,2012,0,b2016,483,483
1501,13,SB0832,cattle,cattle,64420039_11,64420047_64,64420039,64420047,pasture,68,68,74,abattage,844,402,cattle->cattle,2012,6,b2016,483,483
1502,13,SB0832,cattle,cattle,64420035_61,64420047_70,64420035,64420047,pasture,68,-1,68,abattage,845,402,cattle->cattle,2012,0,b2016,483,483
1503,13,SB0832,cattle,cattle,64420047_93,64420047_83,64420047,64420047,within,68,-1,68,abattage,846,402,cattle->cattle,2012,0,b2016,483,483
1504,13,SB0832,cattle,cattle,64420035_62,64420047_86,64420035,64420047,pasture,68,-1,68,abattage,847,402,cattle->cattle,2012,0,b2016,483,483
1505,13,SB0832,cattle,cattle,40316038_4,40316038_3,40316038,40316038,within,69,71,76,demographie,849,402,cattle->cattle,2012,7,b2016,483,483
1506,13,SB0832,cattle,cattle,64420012_59,64420012_20,64420012,64420012,within,69,72,73,demographie,867,402,cattle->cattle,2012,4,b2016,483,483
1507,13,SB0832,cattle,cattle,64420012_60,64420012_49,64420012,64420012,within,69,72,73,abattage,868,402,cattle->cattle,2012,4,b2016,483,483
1508,13,SB0832,cattle,cattle,64420012_61,64420012_56,64420012,64420012,within,69,-1,73,abattage,869,402,cattle->cattle,2012,4,b2016,483,483
1509,13,SB0832,cattle,cattle,64420028_20,64420028_17,64420028,64420028,within,69,-1,69,abattage,870,402,cattle->cattle,2012,0,b2016,483,483
1510,13,SB0832,cattle,cattle,64420039_18,64420035_34,64420039,64420035,pasture,69,72,74,abattage,871,402,cattle->cattle,2012,5,b2016,483,483
1511,13,SB0832,cattle,cattle,64420038_17,64420038_1,64420038,64420038,within,69,-1,76,abattage,872,402,cattle->cattle,2012,7,b2016,483,483
1512,13,SB0832,cattle,cattle,64420038_16,64420038_10,64420038,64420038,within,69,-1,76,abattage,873,402,cattle->cattle,2012,7,b2016,483,483
1513,13,SB0832,cattle,cattle,64420038_18,64420038_6,64420038,64420038,within,69,-1,76,abattage,874,402,cattle->cattle,2012,7,b2016,483,483
1514,13,SB0832,cattle,cattle,64420039_17,64420047_38,64420039,64420047,pasture,69,72,73,demographie,875,402,cattle->cattle,2012,4,b2016,483,483
1515,13,SB0832,cattle,cattle,64420012_58,64420047_39,64420012,64420047,pasture,69,72,73,abattage,876,402,cattle->cattle,2012,4,b2016,483,483
1516,13,SB0832,cattle,cattle,64420039_19,64420047_49,64420039,64420047,pasture,69,71,74,abattage,877,402,cattle->cattle,2012,5,b2016,483,483
1517,13,SB0832,cattle,cattle,64281001_7,64420047_53,64281001,64420047,pasture,69,-1,70,demographie,878,402,cattle->cattle,2012,1,b2016,483,483
1518,13,SB0832,cattle,cattle,64420039_16,64420047_55,64420039,64420047,pasture,69,74,74,abattage,879,402,cattle->cattle,2012,5,b2016,483,483
1519,13,SB0832,cattle,cattle,64420039_20,64420047_55,64420039,64420047,pasture,69,70,74,abattage,880,402,cattle->cattle,2012,5,b2016,483,483
1520,13,SB0832,cattle,cattle,64420039_15,64420047_76,64420039,64420047,pasture,69,-1,74,abattage,881,402,cattle->cattle,2012,5,b2016,483,483
1521,13,SB0832,cattle,cattle,64420044_33,64420047_83,64420044,64420047,pasture,69,-1,71,abattage,882,402,cattle->cattle,2012,2,b2016,483,483
1522,13,SB0832,cattle,cattle,64420012_66,64420012_20,64420012,64420012,within,70,71,73,abattage,896,402,cattle->cattle,2012,3,b2016,483,483
1523,13,SB0832,cattle,cattle,64420012_63,64420012_24,64420012,64420012,within,70,70,73,abattage,897,402,cattle->cattle,2012,3,b2016,483,483
1524,13,SB0832,cattle,cattle,64420012_64,64420012_29,64420012,64420012,within,70,-1,73,abattage,898,402,cattle->cattle,2012,3,b2016,483,483
1525,13,SB0832,cattle,cattle,64420012_62,64420012_37,64420012,64420012,within,70,-1,73,abattage,899,402,cattle->cattle,2012,3,b2016,483,483
1526,13,SB0832,cattle,cattle,64420012_67,64420012_41,64420012,64420012,within,70,-1,73,abattage,900,402,cattle->cattle,2012,3,b2016,483,483
1527,13,SB0832,cattle,cattle,64420012_68,64420012_47,64420012,64420012,within,70,71,73,abattage,901,402,cattle->cattle,2012,3,b2016,483,483
1528,13,SB0832,cattle,cattle,64420012_65,64420012_52,64420012,64420012,within,70,72,73,abattage,902,402,cattle->cattle,2012,3,b2016,483,483
1529,13,SB0832,cattle,cattle,64420039_21,64420038_6,64420039,64420038,pasture,70,73,74,demographie,903,402,cattle->cattle,2012,4,b2016,483,483
1530,13,SB0832,cattle,cattle,64420038_19,64420038_9,64420038,64420038,within,70,-1,74,abattage,904,402,cattle->cattle,2012,4,b2016,483,483
1531,13,SB0832,cattle,cattle,64420039_22,64420039_20,64420039,64420039,within,70,-1,74,abattage,905,402,cattle->cattle,2012,4,b2016,483,483
1532,13,SB0832,cattle,cattle,40316038_5,40316038_3,40316038,40316038,within,71,72,77,abattage,906,402,cattle->cattle,2012,6,b2016,483,483
1533,13,SB0832,cattle,cattle,64281001_10,64281001_4,64281001,64281001,within,71,-1,73,demographie,911,402,cattle->cattle,2012,2,b2016,483,483
1534,13,SB0832,cattle,cattle,64281001_8,64281001_6,64281001,64281001,within,71,-1,73,abattage,912,402,cattle->cattle,2012,2,b2016,483,483
1535,13,SB0832,cattle,cattle,64281001_9,64281001_6,64281001,64281001,within,71,-1,75,abattage,913,402,cattle->cattle,2012,4,b2016,483,483
1536,13,SB0832,cattle,cattle,64420012_70,64420012_23,64420012,64420012,within,71,71,73,abattage,921,402,cattle->cattle,2012,2,b2016,483,483
1537,13,SB0832,cattle,cattle,64420012_72,64420012_24,64420012,64420012,within,71,-1,72,demographie,922,402,cattle->cattle,2012,1,b2016,483,483
1538,13,SB0832,cattle,cattle,64420012_76,64420012_25,64420012,64420012,within,71,-1,73,abattage,923,402,cattle->cattle,2012,2,b2016,483,483
1539,13,SB0832,cattle,cattle,64420012_79,64420012_25,64420012,64420012,within,71,72,73,abattage,924,402,cattle->cattle,2012,2,b2016,483,483
1540,13,SB0832,cattle,cattle,64420012_75,64420012_29,64420012,64420012,within,71,73,73,abattage,925,402,cattle->cattle,2012,2,b2016,483,483
1541,13,SB0832,cattle,cattle,64420012_73,64420012_32,64420012,64420012,within,71,73,73,abattage,926,402,cattle->cattle,2012,2,b2016,483,483
1542,13,SB0832,cattle,cattle,64420012_81,64420012_34,64420012,64420012,within,71,-1,73,abattage,927,402,cattle->cattle,2012,2,b2016,483,483
1543,13,SB0832,cattle,cattle,64420012_77,64420012_35,64420012,64420012,within,71,-1,73,abattage,928,402,cattle->cattle,2012,2,b2016,483,483
1544,13,SB0832,cattle,cattle,64420012_74,64420012_39,64420012,64420012,within,71,71,73,abattage,929,402,cattle->cattle,2012,2,b2016,483,483
1545,13,SB0832,cattle,cattle,64420012_78,64420012_39,64420012,64420012,within,71,-1,73,abattage,930,402,cattle->cattle,2012,2,b2016,483,483
1546,13,SB0832,cattle,cattle,64420012_69,64420012_46,64420012,64420012,within,71,-1,73,demographie,931,402,cattle->cattle,2012,2,b2016,483,483
1547,13,SB0832,cattle,cattle,64420012_71,64420012_47,64420012,64420012,within,71,-1,73,abattage,932,402,cattle->cattle,2012,2,b2016,483,483
1548,13,SB0832,cattle,cattle,64420012_80,64420012_70,64420012,64420012,within,71,-1,73,abattage,933,402,cattle->cattle,2012,2,b2016,483,483
1549,13,SB0832,cattle,cattle,64420038_20,64420038_9,64420038,64420038,within,71,74,74,abattage,934,402,cattle->cattle,2012,3,b2016,483,483
1550,13,SB0832,cattle,cattle,64420038_21,64420038_9,64420038,64420038,within,71,72,74,abattage,935,402,cattle->cattle,2012,3,b2016,483,483
1551,13,SB0832,cattle,cattle,64420038_22,64420038_9,64420038,64420038,within,71,76,76,abattage,936,402,cattle->cattle,2012,5,b2016,483,483
1552,13,SB0832,cattle,cattle,64281001_11,64281001_4,64281001,64281001,within,72,74,75,abattage,942,402,cattle->cattle,2013,3,b2016,483,483
1553,13,SB0832,cattle,cattle,64420012_87,64420012_19,64420012,64420012,within,72,-1,73,abattage,956,402,cattle->cattle,2013,1,b2016,483,483
1554,13,SB0832,cattle,cattle,64420012_85,64420012_29,64420012,64420012,within,72,-1,73,abattage,957,402,cattle->cattle,2013,1,b2016,483,483
1555,13,SB0832,cattle,cattle,64420012_86,64420012_33,64420012,64420012,within,72,-1,73,abattage,958,402,cattle->cattle,2013,1,b2016,483,483
1556,13,SB0832,cattle,cattle,64420012_88,64420012_45,64420012,64420012,within,72,-1,73,abattage,959,402,cattle->cattle,2013,1,b2016,483,483
1557,13,SB0832,cattle,cattle,64420012_83,64420012_46,64420012,64420012,within,72,-1,73,abattage,960,402,cattle->cattle,2013,1,b2016,483,483
1558,13,SB0832,cattle,cattle,64420012_84,64420012_51,64420012,64420012,within,72,72,73,abattage,961,402,cattle->cattle,2013,1,b2016,483,483
1559,13,SB0832,cattle,cattle,64420012_82,64420012_66,64420012,64420012,within,72,-1,73,abattage,962,402,cattle->cattle,2013,1,b2016,483,483
1560,13,SB0832,cattle,cattle,64420038_27,64420038_1,64420038,64420038,within,72,-1,74,abattage,963,402,cattle->cattle,2013,2,b2016,483,483
1561,13,SB0832,cattle,cattle,64420038_28,64420038_14,64420038,64420038,within,72,73,74,abattage,964,402,cattle->cattle,2013,2,b2016,483,483
1562,13,SB0832,cattle,cattle,64420038_26,64420038_3,64420038,64420038,within,72,-1,76,abattage,965,402,cattle->cattle,2013,4,b2016,483,483
1563,13,SB0832,cattle,cattle,64420038_23,64420038_6,64420038,64420038,within,72,-1,74,abattage,966,402,cattle->cattle,2013,2,b2016,483,483
1564,13,SB0832,cattle,cattle,64420038_25,64420038_6,64420038,64420038,within,72,-1,76,demographie,967,402,cattle->cattle,2013,4,b2016,483,483
1565,13,SB0832,cattle,cattle,64420038_24,64420038_9,64420038,64420038,within,72,73,76,abattage,968,402,cattle->cattle,2013,4,b2016,483,483
1566,13,SB0832,cattle,cattle,64420039_23,64420039_11,64420039,64420039,within,72,-1,74,abattage,969,402,cattle->cattle,2013,2,b2016,483,483
1567,13,SB0832,cattle,cattle,40316038_9,40316038_0,40316038,40316038,within,73,-1,77,abattage,973,402,cattle->cattle,2013,4,b2016,483,483
1568,13,SB0832,cattle,cattle,40316038_8,40316038_1,40316038,40316038,within,73,77,77,abattage,974,402,cattle->cattle,2013,4,b2016,483,483
1569,13,SB0832,cattle,cattle,40316038_10,40316038_1,40316038,40316038,within,73,76,77,abattage,975,402,cattle->cattle,2013,4,b2016,483,483
1570,13,SB0832,cattle,cattle,40316038_6,40316038_3,40316038,40316038,within,73,74,77,abattage,976,402,cattle->cattle,2013,4,b2016,483,483
1571,13,SB0832,cattle,cattle,40316038_7,40316038_5,40316038,40316038,within,73,-1,77,abattage,977,402,cattle->cattle,2013,4,b2016,483,483
1572,13,SB0832,cattle,cattle,64281001_12,64281001_4,64281001,64281001,within,73,-1,73,abattage,982,402,cattle->cattle,2013,0,b2016,483,483
1573,13,SB0832,cattle,cattle,64281001_13,64281001_5,64281001,64281001,within,73,-1,73,abattage,983,402,cattle->cattle,2013,0,b2016,483,483
1574,13,SB0832,cattle,cattle,64281001_14,64281001_5,64281001,64281001,within,73,-1,75,abattage,984,402,cattle->cattle,2013,2,b2016,483,483
1575,13,SB0832,cattle,cattle,64281001_15,64281001_6,64281001,64281001,within,73,-1,73,abattage,985,402,cattle->cattle,2013,0,b2016,483,483
1576,13,SB0832,cattle,cattle,64420012_89,64420012_18,64420012,64420012,within,73,73,73,abattage,995,402,cattle->cattle,2013,0,b2016,483,483
1577,13,SB0832,cattle,cattle,64420012_91,64420012_19,64420012,64420012,within,73,-1,73,abattage,996,402,cattle->cattle,2013,0,b2016,483,483
1578,13,SB0832,cattle,cattle,64420012_92,64420012_29,64420012,64420012,within,73,-1,73,abattage,997,402,cattle->cattle,2013,0,b2016,483,483
1579,13,SB0832,cattle,cattle,64420012_93,64420012_29,64420012,64420012,within,73,-1,73,abattage,998,402,cattle->cattle,2013,0,b2016,483,483
1580,13,SB0832,cattle,cattle,64420012_90,64420012_35,64420012,64420012,within,73,-1,73,abattage,999,402,cattle->cattle,2013,0,b2016,483,483
1581,13,SB0832,cattle,cattle,64420012_94,64420012_75,64420012,64420012,within,73,-1,73,abattage,1000,402,cattle->cattle,2013,0,b2016,483,483
1582,13,SB0832,cattle,cattle,64420038_34,64420038_10,64420038,64420038,within,73,-1,74,abattage,1001,402,cattle->cattle,2013,1,b2016,483,483
1583,13,SB0832,cattle,cattle,64420038_30,64420038_14,64420038,64420038,within,73,76,76,abattage,1002,402,cattle->cattle,2013,3,b2016,483,483
1584,13,SB0832,cattle,cattle,64420038_33,64420038_15,64420038,64420038,within,73,-1,74,abattage,1003,402,cattle->cattle,2013,1,b2016,483,483
1585,13,SB0832,cattle,cattle,64420038_35,64420038_24,64420038,64420038,within,73,-1,74,abattage,1004,402,cattle->cattle,2013,1,b2016,483,483
1586,13,SB0832,cattle,cattle,64420038_31,64420038_3,64420038,64420038,within,73,74,76,abattage,1005,402,cattle->cattle,2013,3,b2016,483,483
1587,13,SB0832,cattle,cattle,64420038_29,64420038_4,64420038,64420038,within,73,-1,74,abattage,1006,402,cattle->cattle,2013,1,b2016,483,483
1588,13,SB0832,cattle,cattle,64420038_32,64420038_5,64420038,64420038,within,73,76,76,abattage,1007,402,cattle->cattle,2013,3,b2016,483,483
1589,13,SB0832,cattle,cattle,64420039_25,64420039_13,64420039,64420039,within,73,-1,74,abattage,1008,402,cattle->cattle,2013,1,b2016,483,483
1590,13,SB0832,cattle,cattle,64420039_26,64420039_21,64420039,64420039,within,73,-1,74,abattage,1009,402,cattle->cattle,2013,1,b2016,483,483
1591,13,SB0832,cattle,cattle,64420039_27,64420039_7,64420039,64420039,within,73,-1,74,abattage,1010,402,cattle->cattle,2013,1,b2016,483,483
1592,13,SB0832,cattle,cattle,64420039_24,64420039_8,64420039,64420039,within,73,-1,74,abattage,1011,402,cattle->cattle,2013,1,b2016,483,483
1593,13,SB0832,cattle,cattle,40316038_11,40316038_1,40316038,40316038,within,74,-1,77,abattage,1012,402,cattle->cattle,2013,3,b2016,483,483
1594,13,SB0832,cattle,cattle,40316038_12,40316038_1,40316038,40316038,within,74,75,77,abattage,1013,402,cattle->cattle,2013,3,b2016,483,483
1595,13,SB0832,cattle,cattle,64420038_38,64420038_14,64420038,64420038,within,74,-1,74,abattage,1027,402,cattle->cattle,2013,0,b2016,483,483
1596,13,SB0832,cattle,cattle,64420038_36,64420038_4,64420038,64420038,within,74,-1,74,abattage,1028,402,cattle->cattle,2013,0,b2016,483,483
1597,13,SB0832,cattle,cattle,64420038_37,64420038_6,64420038,64420038,within,74,-1,74,abattage,1029,402,cattle->cattle,2013,0,b2016,483,483
1598,13,SB0832,cattle,cattle,64420039_33,64420039_10,64420039,64420039,within,74,-1,74,abattage,1030,402,cattle->cattle,2013,0,b2016,483,483
1599,13,SB0832,cattle,cattle,64420039_30,64420039_16,64420039,64420039,within,74,-1,74,abattage,1031,402,cattle->cattle,2013,0,b2016,483,483
1600,13,SB0832,cattle,cattle,64420039_28,64420039_19,64420039,64420039,within,74,-1,74,abattage,1032,402,cattle->cattle,2013,0,b2016,483,483
1601,13,SB0832,cattle,cattle,64420039_32,64420039_19,64420039,64420039,within,74,-1,74,abattage,1033,402,cattle->cattle,2013,0,b2016,483,483
1602,13,SB0832,cattle,cattle,64420039_29,64420039_20,64420039,64420039,within,74,-1,74,abattage,1034,402,cattle->cattle,2013,0,b2016,483,483
1603,13,SB0832,cattle,cattle,64420039_31,64420039_20,64420039,64420039,within,74,-1,74,abattage,1035,402,cattle->cattle,2013,0,b2016,483,483
1604,13,SB0832,cattle,cattle,64420038_39,64420038_31,64420038,64420038,within,76,-1,76,abattage,1046,402,cattle->cattle,2013,0,b2016,483,483
1605,13,SB0832,cattle,cattle,64420047_95,64420038_6,64420047,64420038,pasture,76,80,83,abattage,1047,402,cattle->cattle,2013,7,b2016,483,483
1606,13,SB0832,cattle,cattle,64420047_96,64420047_95,64420047,64420047,within,81,85,85,abattage,1054,402,cattle->cattle,2013,4,b2016,483,483
1607,13,SB0832,cattle,cattle,64420047_97,64420047_95,64420047,64420047,within,81,-1,83,abattage,1055,402,cattle->cattle,2013,2,b2016,483,483
1608,13,SB0832,cattle,cattle,64420047_98,64420047_95,64420047,64420047,within,82,-1,83,abattage,1056,402,cattle->cattle,2013,1,b2016,483,483
1609,13,SB0832,cattle,cattle,64420047_99,64420047_95,64420047,64420047,within,82,-1,83,abattage,1057,402,cattle->cattle,2013,1,b2016,483,483
