40089001_0_cattle_2011-01-01,40089001_10_cattle_2011-01-01,40089001_11_cattle_2011-01-01,40089001_12_cattle_2011-01-01,40089001_13_cattle_2011-01-01,40089001_14_cattle_2011-01-01,40089001_15_cattle_2011-01-01,40089001_16_cattle_2011-01-01,40089001_1_cattle_2011-01-01,40089001_2_cattle_2011-01-01,40089001_3_cattle_2011-01-01,40089001_4_cattle_2011-01-01,40089001_5_cattle_2011-01-01,40089001_6_cattle_2011-01-01,40089001_7_cattle_2011-01-01,40089001_8_cattle_2010-12-01,40089001_9_cattle_2011-01-01,64281001_0_cattle_2014-02-01,64281001_10_cattle_2014-04-01,64281001_11_cattle_2014-02-01,64281001_12_cattle_2014-04-01,64281001_13_cattle_2014-04-01,64281001_14_cattle_2014-02-01,64281001_15_cattle_2014-02-01,64281001_16_cattle_2014-02-01,64281001_17_cattle_2014-04-01,64281001_18_cattle_2014-04-01,64281001_19_cattle_2014-04-01,64281001_1_cattle_2013-04-01,64281001_20_cattle_2014-04-01,64281001_21_cattle_2014-04-01,64281001_2_cattle_2014-02-01,64281001_3_cattle_2013-11-01,64281001_4_cattle_2014-04-01,64281001_5_cattle_2014-02-01,64281001_6_cattle_2014-02-01,64281001_7_cattle_2014-02-01,64281001_8_cattle_2014-04-01,64281001_9_cattle_2014-04-01,64281003_0_cattle_2014-04-01,64281003_1_cattle_2014-04-01,64281003_2_cattle_2014-02-01,64281003_3_cattle_2014-02-01,64281003_4_cattle_2014-04-01,64281003_5_cattle_2014-04-01,64281008_0_cattle_2014-06-01,64281008_10_cattle_2014-04-01,64281008_1_cattle_2014-04-01,64281008_2_cattle_2014-04-01,64281008_3_cattle_2013-05-01,64281008_4_cattle_2014-04-01,64281008_5_cattle_2014-06-01,64281008_6_cattle_2014-04-01,64281008_7_cattle_2014-04-01,64281008_8_cattle_2014-04-01,64281008_9_cattle_2014-06-01,64420002_0_cattle_2014-02-01,64420012_0_cattle_2014-03-01,64420012_10_cattle_2014-05-01,64420012_11_cattle_2014-03-01,64420012_12_cattle_2014-05-01,64420012_13_cattle_2014-05-01,64420012_14_cattle_2014-03-01,64420012_15_cattle_2014-05-01,64420012_16_cattle_2014-05-01,64420012_1_cattle_2014-05-01,64420012_2_cattle_2014-03-01,64420012_3_cattle_2014-03-01,64420012_4_cattle_2014-03-01,64420012_5_cattle_2014-05-01,64420012_6_cattle_2014-05-01,64420012_7_cattle_2014-03-01,64420012_8_cattle_2014-05-01,64420012_9_cattle_2014-03-01,64420015_0_cattle_2009-08-01,64420015_10_cattle_2009-08-01,64420015_11_cattle_2009-08-01,64420015_12_cattle_2014-01-01,64420015_1_cattle_2008-08-01,64420015_2_cattle_2009-08-01,64420015_3_cattle_2008-03-01,64420015_4_cattle_2009-08-01,64420015_5_cattle_2009-07-01,64420015_6_cattle_2009-08-01,64420015_7_cattle_2009-08-01,64420015_8_cattle_2009-02-01,64420015_9_cattle_2009-08-01,64420035_0_cattle_2013-09-01,64420035_10_cattle_2013-09-01,64420035_11_cattle_2013-08-01,64420035_12_cattle_2013-09-01,64420035_13_cattle_2013-09-01,64420035_14_cattle_2013-09-01,64420035_15_cattle_2013-09-01,64420035_16_cattle_2013-09-01,64420035_17_cattle_2013-09-01,64420035_18_cattle_2013-09-01,64420035_19_cattle_2013-09-01,64420035_1_cattle_2013-09-01,64420035_20_cattle_2013-09-01,64420035_21_cattle_2013-09-01,64420035_22_cattle_2013-09-01,64420035_2_cattle_2013-09-01,64420035_3_cattle_2013-09-01,64420035_4_cattle_2013-09-01,64420035_5_cattle_2013-09-01,64420035_6_cattle_2013-09-01,64420035_7_cattle_2013-09-01,64420035_8_cattle_2013-09-01,64420035_9_cattle_2013-09-01,64420038_0_cattle_2014-02-01,64420038_10_cattle_2014-02-01,64420038_1_cattle_2014-02-01,64420038_2_cattle_2014-02-01,64420038_3_cattle_2013-12-01,64420038_4_cattle_2014-02-01,64420038_5_cattle_2014-02-01,64420038_6_cattle_2014-02-01,64420038_7_cattle_2014-02-01,64420038_8_cattle_2014-02-01,64420038_9_cattle_2014-02-01,64420039_0_cattle_2013-08-01,64420039_1_cattle_2013-09-01,64420039_2_cattle_2013-09-01,64420039_3_cattle_2013-09-01,64420039_4_cattle_2013-09-01,64420039_5_cattle_2013-09-01,64420044_0_cattle_2012-01-01,64420044_1_cattle_2014-02-01,64420044_2_cattle_2014-02-01,64420044_3_cattle_2014-02-01,64420047_0_cattle_2011-06-01,64420047_10_cattle_2013-05-01,64420047_11_cattle_2013-05-01,64420047_12_cattle_2013-05-01,64420047_13_cattle_2012-08-01,64420047_14_cattle_2013-05-01,64420047_15_cattle_2013-05-01,64420047_16_cattle_2013-05-01,64420047_17_cattle_2013-05-01,64420047_18_cattle_2013-05-01,64420047_19_cattle_2013-04-01,64420047_1_cattle_2012-06-01,64420047_20_cattle_2013-05-01,64420047_21_cattle_2013-05-01,64420047_22_cattle_2013-05-01,64420047_23_cattle_2013-02-01,64420047_24_cattle_2013-05-01,64420047_25_cattle_2013-05-01,64420047_26_cattle_2013-05-01,64420047_27_cattle_2013-05-01,64420047_28_cattle_2013-05-01,64420047_29_cattle_2013-05-01,64420047_2_cattle_2011-12-01,64420047_30_cattle_2013-05-01,64420047_31_cattle_2013-05-01,64420047_32_cattle_2013-05-01,64420047_33_cattle_2013-05-01,64420047_34_cattle_2013-05-01,64420047_35_cattle_2013-05-01,64420047_3_cattle_2013-05-01,64420047_4_cattle_2013-05-01,64420047_5_cattle_2013-05-01,64420047_6_cattle_2013-05-01,64420047_7_cattle_2013-05-01,64420047_8_cattle_2013-05-01,64420047_9_cattle_2012-06-01
0,0.0023995200959808036,0.0023995200959808036,0.0023995200959808036,5.998800239952009e-4,7.998400319936012e-4,1.999600079984003e-4,0,0.0017996400719856025,0.0023995200959808036,7.998400319936012e-4,0.0015996800639872023,0.002199560087982403,0.0023995200959808036,0.0023995200959808036,0.0015996800639872023,0.2887422515496915,0,0,0,0,0,0,0,0,0,0,0,0,0,0,0,0,0,0,0,0,9.998000399920016e-4,0,0,0,0,0,0,0,0,0,0,0,0,0,0,0,0,0,0,0,0,0,0,0,0,0,0,0,0,0,0,0,0,0,0,0,0,0,0,0,0,0,0,0,0,0,0,7.998400319936012e-4,0,0,0,0,0,0,0,0,0,0,0,0,0,0,0,0,0,0,0,0,0,0,0,0,0,0,0,0,0,0,0,0,0,0,0,0,0,0,0,0,0,0,9.998000399920016e-4,0,0,0,0.31493701259747914,0,0,0,9.998000399920016e-4,0,0,0,0,0,0,0.01099780043991201,0,0,0,0,0,0,0,0,0,0,9.998000399920016e-4,0,0,0,0,0,0,0,0,0,0,0,0,0.0017996400719856025
0,0,0,0,0,0,0,0,0,0,0,0,0,0,0,0,0,0,0,0,0,0,0,0,0,0,0,0,0,0,0,0,0,0,0,0,0,0,0,0,0,0,0,0,0,0,0,0,0,0,0,0,0,0,0,0,0,0,0,0,0,0,0,0,0,0,0,0,0,0,0,0,0,0,0,0,0,0,0,0,0,0,0,0,0,0,0,0,0,0,0,0,0,0,0,0,0,0,0,0,0,0,0,0,0,0,0,0,0,0,0,0,0,0,0,0,0,0,0,0,0,0,0,0,0,0,0,0,0,0,0,0,0,0,0,0,0,0,0,0,0,0,0,0,0,0,0,0,0,0,0,0,0,0,0,0,0,0,0,0,0,0,0,0,0,0,0
0,0,0,0,0,0,0,0,0,0.017596480703859198,0,0,0,0,0.017596480703859198,0,0,0,0,0,0,0,0,0,0,0,0,0,0,0,0,0,0,0,0,0,0,0,0,0,0,0,0,0,0,0,0,0,0,0,0,0,0,0,0,0,0,0,0,0,0,0,0,0,0,0,0,0,0,0,0,0,0,0,0,0,0,0,0,0,0,0,0,0,0,0,0,0,0,0,0,0,0,0,0,0,0,0,0,0,0,0,0,0,0,0,0,0,0,0,0,0,0,0,0,0,0,0,0,0,0,0,0,0,0,0,0,0,0,0,0,0,0,0,0,0,0,0,0,0,0,0,0,0,0,0,0,0,0,0,0,0,0,0,0,0,0,0,0,0,0,0,0,0,0,0,0
0,0,0,0,0,0,0,0,0,0,0,0,0,0,0,0,0,0,0,0,0,0,0,0,0,0,0,0,0,0,0,0,0,0,0,0,0,0,0,0,0,0,0,0,0,0,0,0,0,0,0,0,0,0,0,0,0,0,0,0,0,0,0,0,0,0,0,0,0,0,0,0,0,0,0,0,0,0,0,0,0,0,0,0,0,0,0,0,0,0,0,0,0,0,0,0,0,0,0,0,0,0,0,0,0,0,0,0,0,0,0,0,0,0,0,0,0,0,0,0,0,0,0,0,0,0,0,0,0,0,0,0,0,0,0,0,0,0,0,0,0,0,0,0,0,0,0,0,0,0,0,0,0,0,0,0,0,0,0,0,0,0,0,0,0,0,0
0,3.999200159968006e-4,3.999200159968006e-4,3.999200159968006e-4,0,3.999200159968006e-4,3.999200159968006e-4,3.999200159968006e-4,0.3879224155168874,3.999200159968006e-4,3.999200159968006e-4,0,0,0,3.999200159968006e-4,0,3.999200159968006e-4,0,0,0,0,0,0,0,0,0,0,0,0,0,0,0,0,0,0,0,0,0,0,0,0,0,0,0,0,0,0,0,0,0,0,0,0,0,0,0,0,0,0,0,0,0,0,0,0,0,0,0,0,0,0,0,0,0,0,0,0,0,0,0,0,0,0,0,3.999200159968006e-4,0,0,0,0,0,0,0,0,0,0,0,0,0,0,0,0,0,0,0,0,0,0,0,0,0,0,0,0,0,0,0,0,0,0,0,0,0,0,0,0,0,0,0,0,0,0,0,0,0,0,0,0,0,0,0,0,0,0,0,0,0,0,0,0,0,0,0,0,0,0,0,0,0,0,0,0,0,0,0,0,0,0
0,0,0,0,0,0,0,0,0,0,0,0,0,0,0,0.3461307738452262,0,0,0,0,0,0,0,0,0,0,0,0,0,0,0,0,0,0,0,0,0,0,0,0,0,0,0,0,0,0,0,0,0,0,0,0,0,0,0,0,0,0,0,0,0,0,0,0,0,0,0,0,0,0,0,0,0,0,0,0,0,0,0,0,0,0,0,0,0,0,0,0,0,0,0,0,0,0,0,0,0,0,0,0,0,0,0,0,0,0,0,0,0,0,0,0,0,0,0,0,0,0,0,0,0,0,0,0,0,0,0,0,0,0,0,0,0,0,0,0,0,0,0,0,0,0,0,0,0,0,0,0,0,0,0,0,0,0,0,0,0,0,0,0,0,0,0,0,0,0,0
0,0,0,0,0,0,0,0,0,0,0,0,0.45970805838830536,0,0,0,0,0,0,0,0,0,0,0,0,0,0,0,0,0,0,0,0,0,0,0,0,0,0,0,0,0,0,0,0,0,0,0,0,0,0,0,0,0,0,0,0,0,0,0,0,0,0,0,0,0,0,0,0,0,0,0,0,0,0,0,0,0,0,0,0,0,0,0,0,0,0,0,0,0,0,0,0,0,0,0,0,0,0,0,0,0,0,0,0,0,0,0,0,0,0,0,0,0,0,0,0,0,0,0,0,0,0,0,0,0,0,0,0,0,0,0,0,0,0,0,0,0,0,0,0,0,0,0,0,0,0,0,0,0,0,0,0,0,0,0,0,0,0,0,0,0,0,0,0,0,0
0,0,0,0,0,0,0,0,0,0,0,0,0,0.6356728654268787,0,0,0,0,0,0,0,0,0,0,0,0,0,0,0,0,0,0,0,0,0,0,0,0,0,0,0,0,0,0,0,0,0,0,0,0,0,0,0,0,0,0,0,0,0,0,0,0,0,0,0,0,0,0,0,0,0,0,0,0,0,0,0,0,0,0,0,0,0,0,0,0,0,0,0,0,0,0,0,0,0,0,0,0,0,0,0,0,0,0,0,0,0,0,0,0,0,0,0,0,0,0,0,0,0,0,0,0,0,0,0,0,0,0,0,0,0,0,0,0,0,0,0,0,0,0,0,0,0,0,0,0,0,0,0,0,0,0,0,0,0,0,0,0,0,0,0,0,0,0,0,0,0
0,7.998400319936012e-4,7.998400319936012e-4,7.998400319936012e-4,0.4329134173165226,7.998400319936012e-4,0,7.998400319936012e-4,0,7.998400319936012e-4,7.998400319936012e-4,0,7.998400319936012e-4,0,7.998400319936012e-4,0,7.998400319936012e-4,0,0,0,0,0,0,0,0,0,0,0,0,0,0,0,0,0,0,0,0,0,0,0,0,0,0,0,0,0,0,0,0,0,0,0,0,0,0,0,0,0,0,0,0,0,0,0,0,0,0,0,0,0,0,0,0,0,0,0,0,0,0,0,0,0,0,0,7.998400319936012e-4,0,0,0,0,0,0,0,0,0,0,0,0,0,0,0,0,0,0,0,0,0,0,0,0,0,0,0,0,0,0,0,0,0,0,0,0,0,0,0,0,0,0,0,0,0,0,0,0,0,0,0,0,0,0,0,0,0,0,0,0,0,0,0,0,0,0,0,0,0,0,0,0,0,0,0,0,0,0,0,0,0,0
0.009398120375924813,0.013397320535892805,0.014597080583883202,0.013397320535892805,0.007198560287942414,0.007398520295940815,0.005998800239952012,0.003999200159968007,0.010197960407918412,0,0.008998200359928014,0.004399120175964808,0.007398520295940815,0.009398120375924813,0.0837832433513302,0.005998800239952012,0.013397320535892805,0,0,0,0,0,0,0,0,0,0,0,0,0,0,0,0,0,0,0,0,0,0,0,0,0,0,0,0,0,0,0,0,0,0,0,0,0,0,0,0,0,0,0,0,0,0,0,0,0,0,0,0,0,0,0,0,0,0,0,0,0,0,0,0,0,0,0,0.0067986402719456135,0,0,0,0,0,0,0,0,0,0,0,0,0,0,0,0,0,0,0,0,0,0,0,0,0,0,0,0,0,0,0,0,0,0,0,0,0,0,0,0,0,0,0,0,0,0,0.009398120375924813,0,0,0,0,0,0,0,0,0,0,0,0,0,0,0,0,0,0,0,0,0,0,0,0,0,0,0,0,0,0,0,0,0,0,0
0,0,0,0,0,0,0,0,0,0,0,0.5126974605078758,0,0,0,0,0,0,0,0,0,0,0,0,0,0,0,0,0,0,0,0,0,0,0,0,0,0,0,0,0,0,0,0,0,0,0,0,0,0,0,0,0,0,0,0,0,0,0,0,0,0,0,0,0,0,0,0,0,0,0,0,0,0,0,0,0,0,0,0,0,0,0,0,0,0,0,0,0,0,0,0,0,0,0,0,0,0,0,0,0,0,0,0,0,0,0,0,0,0,0,0,0,0,0,0,0,0,0,0,0,0,0,0,0,0,0,0,0,0,0,0,0,0,0,0,0,0,0,0,0,0,0,0,0,0,0,0,0,0,0,0,0,0,0,0,0,0,0,0,0,0,0,0,0,0,0
0,0,0,0,0,0,0,0,0,0,0.4867026594680865,0,0,0,0,0,0,0,0,0,0,0,0,0,0,0,0,0,0,0,0,0,0,0,0,0,0,0,0,0,0,0,0,0,0,0,0,0,0,0,0,0,0,0,0,0,0,0,0,0,0,0,0,0,0,0,0,0,0,0,0,0,0,0,0,0,0,0,0,0,0,0,0,0,0,0,0,0,0,0,0,0,0,0,0,0,0,0,0,0,0,0,0,0,0,0,0,0,0,0,0,0,0,0,0,0,0,0,0,0,0,0,0,0,0,0,0,0,0,0,0,0,0,0,0,0,0,0,0,0,0,0,0,0,0,0,0,0,0,0,0,0,0,0,0,0,0,0,0,0,0,0,0,0,0,0,0
0,0,0,0,0,0,0.47670465906816756,0,0,0,0,0,0,0,0,0,0,0,0,0,0,0,0,0,0,0,0,0,0,0,0,0,0,0,0,0,0,0,0,0,0,0,0,0,0,0,0,0,0,0,0,0,0,0,0,0,0,0,0,0,0,0,0,0,0,0,0,0,0,0,0,0,0,0,0,0,0,0,0,0,0,0,0,0,0,0,0,0,0,0,0,0,0,0,0,0,0,0,0,0,0,0,0,0,0,0,0,0,0,0,0,0,0,0,0,0,0,0,0,0,0,0,0,0,0,0,0,0,0,0,0,0,0,0,0,0,0,0,0,0,0,0,0,0,0,0,0,0,0,0,0,0,0,0,0,0,0,0,0,0,0,0,0,0,0,0,0
0,0,0,0,0,0,0,0.3643271345730787,0,0,0,0,0,0,0,0,0,0,0,0,0,0,0,0,0,0,0,0,0,0,0,0,0,0,0,0,0,0,0,0,0,0,0,0,0,0,0,0,0,0,0,0,0,0,0,0,0,0,0,0,0,0,0,0,0,0,0,0,0,0,0,0,0,0,0,0,0,0,0,0,0,0,0,0,0,0,0,0,0,0,0,0,0,0,0,0,0,0,0,0,0,0,0,0,0,0,0,0,0,0,0,0,0,0,0,0,0,0,0,0,0,0,0,0,0,0,0,0,0,0,0,0,0,0,0,0,0,0,0,0,0,0,0,0,0,0,0,0,0,0,0,0,0,0,0,0,0,0,0,0,0,0,0,0,0,0,0
0.009598080383923213,0.009598080383923213,0.013197360527894405,0.009598080383923213,0.008998200359928014,0.0035992801439712063,0.0049990001999600095,0,5.998800239952009e-4,0.11317736452709595,0.0017996400719856025,0.007798440311937616,0.0045990801839632086,0.009598080383923213,0,0.005998800239952012,0.009598080383923213,0,0,0,0,0,0,0,0,0,0,0,0,0,0,0,0,0,0,0,0,0,0,0,0,0,0,0,0,0,0,0,0,0,0,0,0,0,0,0,0,0,0,0,0,0,0,0,0,0,0,0,0,0,0,0,0,0,0,0,0,0,0,0,0,0,0,0,7.998400319936012e-4,0,0,0,0,0,0,0,0,0,0,0,0,0,0,0,0,0,0,0,0,0,0,0,0,0,0,0,0,0,0,0,0,0,0,0,0,0,0,0,0,0,0,0,0,0,0,0.009598080383923213,0,0,0,0,0,0,0,0,0,0,0,0,0,0,0,0,0,0,0,0,0,0,0,0,0,0,0,0,0,0,0,0,0,0,0
0,0,0,0,0,0.627874425114942,0,0,0,0,0,0,0,0,0,0,0,0,0,0,0,0,0,0,0,0,0,0,0,0,0,0,0,0,0,0,0,0,0,0,0,0,0,0,0,0,0,0,0,0,0,0,0,0,0,0,0,0,0,0,0,0,0,0,0,0,0,0,0,0,0,0,0,0,0,0,0,0,0,0,0,0,0,0,0,0,0,0,0,0,0,0,0,0,0,0,0,0,0,0,0,0,0,0,0,0,0,0,0,0,0,0,0,0,0,0,0,0,0,0,0,0,0,0,0,0,0,0,0,0,0,0,0,0,0,0,0,0,0,0,0,0,0,0,0,0,0,0,0,0,0,0,0,0,0,0,0,0,0,0,0,0,0,0,0,0,0
0.22315536892621954,0,0,0,0,0,0,0,0,0,0,0,0,0,0,0,0,0,0,0,0,0,0,0,0,0,0,0,0,0,0,0,0,0,0,0,0,1.999600079984003e-4,0,0,0,0,0,0,0,0,0,0,0,0,0,0,0,0,0,0,0,0,0,0,0,0,0,0,0,0,0,0,0,0,0,0,0,0,0,0,0,0,0,0,0,0,0,0,0,0,0,0,0,0,0,0,0,0,0,0,0,0,0,0,0,0,0,0,0,0,0,0,0,0,0,0,0,0,0,0,0,0,0,0,0,0,0,0,0,0,0,1.999600079984003e-4,0,0,0,0.22055588882224025,0,0,0,1.999600079984003e-4,0,0,0,0,0,0,0.0019996000799840027,0,0,0,0,0,0,0,0,0,0,1.999600079984003e-4,0,0,0,0,0,0,0,0,0,0,0,0,1.999600079984003e-4
0,0,0,0,0,0,0,0,0,0,0,0,0,0,0,0,0,0,0,0.2559488102379574,0,0,0,0,0,0,0,0,0,0,0,0.24895020995801398,0,0,0,0,0,0,0,0,0,0,0,0,0,0,0,0,0,0,0,0,0,0,0,0,0,0,0,0.24435112977405063,0,0,0,0,0,0,0,0,0,0,0,0,0,0,0,0,0,0,0,0,0,0,0,0,0,0,0,0,0,0,0,0,0,0,0,0,0,0,0,0,0,0,0,0,0,0,0,0,0,0,0,0,0,0,0,0,0,0,0,0,0,0,0,0,0,0,0,0,0,0,0.2519496100779898,0,0,0,0,0,0,0,0,0,0,0,0,0,0,0,0,0,0,0,0,0,0,0,0,0,0,0,0,0,0,0,0,0,0,0,0
0,0,0,0,0,0,0,0,0,0,0,0,0,0,0,0,0,0,0,0,0,0,0,0,0,0,0,0.5128974205158742,0,0,0,0,0,0,0,0,0,0,0,0,0,0,0,0,0,0,0,0,0,0,0,0,0,0,0,0,0,0,0,0,0,0,0,0,0,0,0,0,0,0,0,0,0,0,0,0,0,0,0,0,0,0,0,0,0,0,0,0,0,0,0,0,0,0,0,0,0,0,0,0,0,0,0,0,0,0,0,0,0,0,0,0,0,0,0,0,0,0,0,0,0,0,0,0,0,0,0,0,0,0,0,0,0,0,0,0,0,0,0,0,0,0,0,0,0,0,0,0,0,0,0,0,0,0,0,0,0,0,0,0,0,0,0,0,0,0,0
0,0,0,0,0,0,0,0,0,0,0,0,0,0,0,0,0,0.26034793041392174,0,0,0,0,0,0,0,0,0,0,0,0,0,0.24715056988602832,0,0,0,0,0,0,0,0,0,0,0,0,0,0,0,0,0,0,0,0,0,0,0,0,0,0,0,0.2461507698460363,0,0,0,0,0,0,0,0,0,0,0,0,0,0,0,0,0,0,0,0,0,0,0,0,0,0,0,0,0,0,0,0,0,0,0,0,0,0,0,0,0,0,0,0,0,0,0,0,0,0,0,0,0,0,0,0,0,0,0,0,0,0,0,0,0,0,0,0,0,0,0.24715056988602832,0,0,0,0,0,0,0,0,0,0,0,0,0,0,0,0,0,0,0,0,0,0,0,0,0,0,0,0,0,0,0,0,0,0,0,0
0,0,0,0,0,0,0,0,0,0,0,0,0,0,0,0,0,0.016996600679864,0.02199560087982399,0.005598880223955211,0,0.022595480903819187,0.012197560487902407,0.007998400319936016,0.018796240751849595,0.007798440311937616,0.0171965606878624,0.013197360527894405,0.002199560087982403,0.0067986402719456135,0.014197160567886403,0,0.03519296140771836,0.03519296140771836,0.023595280943811185,0.011597680463907209,0.010197960407918412,0.03239352129574077,0.3447310537892376,0.012597480503899207,0.0027994401119776045,0.016996600679864,0.03519296140771836,0.062387522495500704,0.032793441311737566,0.018596280743851196,0.03519296140771836,9.998000399920016e-4,1.999600079984003e-4,0.0153969206158768,0.028394321135772775,0,0,0,0.06418716256748636,0,0.022995400919815986,0,0,0.003999200159968007,0,0,0.004399120175964808,0,0.0015996800639872023,0.008798240351929614,0,0,0.006398720255948813,0.03519296140771836,0,0.0171965606878624,0,0.00539892021595681,0,0,0,0.03499300139971996,0,0,0,0,0,0,0,0,0,0.007998400319936016,0.029794041191761572,0.017596480703859198,0.03519296140771836,0.00519896020795841,0,0.014397120575884803,0.01079784043191361,0.018596280743851196,0.02099580083983199,0.03519296140771836,0,0.014197160567886403,0.01119776044791041,0.013197360527894405,0.0023995200959808036,0.004399120175964808,0.014997000599880001,0.017796440711857597,0.014397120575884803,0.017596480703859198,0.03179364127174557,0.017596480703859198,0,0,0,0,0.03519296140771836,0,0,0,0,0,0,0.033193361327734365,0,0.0019996000799840027,0,0,0.00519896020795841,0,0.03519296140771836,0.0163967206558688,0.008598280343931215,0,0,0,0.02159568086382719,0,7.998400319936012e-4,0.0015996800639872023,0,0.019396120775844794,0,0,0,0,0,0,0,0,0,0,0,0.012997400519896006,0.03519296140771836,0,0.0037992401519696068,0.014997000599880001,0.019396120775844794,0,0.019996000799839993,0,0,0.013597280543891204,0.03519296140771836,0.019796040791841593,0.03519296140771836,0.00519896020795841,0
0,0,0,0,0,0,0,0,0,0,0,0,0,0,0,0,0,0,0.0023995200959808036,5.998800239952009e-4,0,0,0.0023995200959808036,0,0.0011997600479904018,0,1.999600079984003e-4,0,0,0.0011997600479904018,0,7.998400319936012e-4,0.0023995200959808036,0.0023995200959808036,0.0011997600479904018,0.0011997600479904018,0.0023995200959808036,0.0019996000799840027,0.0023995200959808036,0.4883023395320735,0.001399720055988802,0,0.0023995200959808036,0,3.999200159968006e-4,0,0.0023995200959808036,7.998400319936012e-4,7.998400319936012e-4,5.998800239952009e-4,0.0011997600479904018,0,0,0,0.0023995200959808036,0,0,0,0,0,0,0,0.0015996800639872023,0,0,0.0023995200959808036,0,0,0,0.0023995200959808036,0,0,0,0,0,0,0,0.0023995200959808036,0,0,0,0,0,0,0,0,0,0,0.0023995200959808036,0.0023995200959808036,0.0023995200959808036,1.999600079984003e-4,0,0.0011997600479904018,0.0011997600479904018,0,0.0011997600479904018,0.0023995200959808036,0,0.0011997600479904018,0,9.998000399920016e-4,0,0,0.0011997600479904018,0.0011997600479904018,0.0011997600479904018,0.0017996400719856025,0.0011997600479904018,5.998800239952009e-4,0,0,0,0,0.0023995200959808036,0,0,0,0,0,0,0.0023995200959808036,0,0,0,0,0.0011997600479904018,0,0.0023995200959808036,0.0011997600479904018,9.998000399920016e-4,0,0,0,0.0023995200959808036,0,0,0,0,0.0017996400719856025,0,0,0,0,0,0,0,0,0,0,0,0.0011997600479904018,0.0023995200959808036,0,0,0,0.0017996400719856025,0,0.0011997600479904018,0,0,0,0.0023995200959808036,0.0017996400719856025,0.0023995200959808036,0,0
0,0,0,0,0,0,0,0,0,0,0,0,0,0,0,0,0,0,1.999600079984003e-4,0,0,0,0,3.999200159968006e-4,3.999200159968006e-4,0,0,1.999600079984003e-4,3.999200159968006e-4,0,0,0,3.999200159968006e-4,3.999200159968006e-4,0,3.999200159968006e-4,0,3.999200159968006e-4,3.999200159968006e-4,3.999200159968006e-4,0,0,3.999200159968006e-4,3.999200159968006e-4,0,0,3.999200159968006e-4,3.999200159968006e-4,0,0,3.999200159968006e-4,0,0,3.999200159968006e-4,0,0,0.4507098580283783,0,0,0,0,0,0,0,0,3.999200159968006e-4,0,0,0,3.999200159968006e-4,0,0,0,0,0,0,0,3.999200159968006e-4,0,0,0,0,0,0,0,0,0,0,3.999200159968006e-4,3.999200159968006e-4,3.999200159968006e-4,0,0,3.999200159968006e-4,0,3.999200159968006e-4,0,3.999200159968006e-4,0,3.999200159968006e-4,3.999200159968006e-4,0,0,0,3.999200159968006e-4,3.999200159968006e-4,3.999200159968006e-4,0,3.999200159968006e-4,3.999200159968006e-4,0,0,0,0,3.999200159968006e-4,0,0,0,0,0,0,3.999200159968006e-4,0,0,0,0,0,0,3.999200159968006e-4,0,3.999200159968006e-4,0,0,0,3.999200159968006e-4,0,0,0,0,3.999200159968006e-4,0,0,0,0,0,0,0,0,0,0,0,0,3.999200159968006e-4,0,0,0,3.999200159968006e-4,0,0,0,0,0,3.999200159968006e-4,3.999200159968006e-4,3.999200159968006e-4,0,0
0,0,0,0,0,0,0,0,0,0,0,0,0,0,0,0,0,0,0,0,0,0,0,0,0,0,0,0,0,0,0,0,0,0,0,0,0.2709458108378358,0,0,0,0,0.2701459708058423,0,0,0,0,0,0,0,0,0,0,0,0,0,0,0,0,0,0,0,0,0,0,0,0,0,0,0,0,0,0,0,0,0,0,0,0,0,0,0,0,0,0,0,0,0,0,0,0,0,0,0,0,0,0,0,0,0,0,0,0,0,0,0,0,0,0,0,0,0,0,0,0,0,0,0,0,0,0,0,0,0,0,0,0,0,0,0,0,0,0,0,0,0,0,0,0,0,0,0,0,0,0,0,0,0,0,0,0,0,0,0,0,0,0,0,0,0,0,0,0,0,0,0,0,0
0,0,0,0,0,0,0,0,0,0,0,0,0,0,0,0,0,0,0,0,0,0,0,0,0,0,0,0,0,0,0,0,0,0,0,0,0,0,0,0,0,0,0,0,0,0,0,0,0,0,0,0,0,0,0,0,0,0,0,0,0,0,0,0,0,0,0,0,0,0,0,0,0,0,0,0,0,0,0,0,0,0,0,0,0,0,0,0,0,0,0,0,0,0,0,0,0,0,0,0,0,0,0,0,0,0,0,0,0,0,0,0,0,0,0,0,0,0,0,0,0,0,0,0,0,0,0,0,0,0.514897020595858,0,0,0,0,0,0,0,0,0,0,0,0,0,0,0,0,0,0,0,0,0,0,0,0,0,0,0,0,0,0,0,0,0,0,0,0,0
0,0,0,0,0,0,0,0,0,0,0,0,0,0,0,0,0,7.998400319936012e-4,0.0015996800639872023,7.998400319936012e-4,0.001399720055988802,0,0,0,9.998000399920016e-4,0,0,0,0,0,0,0,0.0015996800639872023,0.0015996800639872023,0,0.0015996800639872023,0.0015996800639872023,0.0015996800639872023,0,0.0015996800639872023,0.0015996800639872023,0,0.0015996800639872023,0,0.0015996800639872023,0.2859428114377142,0.0015996800639872023,0,0,0.0015996800639872023,0.0015996800639872023,0,0,0,1.999600079984003e-4,0,0.0015996800639872023,0,0,0,0,0,0.0015996800639872023,0,0,0.28734253149370287,0,0,0,0.0015996800639872023,0,0,0,0,0,0,0,0.0015996800639872023,0,0,0,0,0,0,0,0,0,0,5.998800239952009e-4,0.0015996800639872023,0.0015996800639872023,1.999600079984003e-4,0,0.001399720055988802,0,0.0015996800639872023,9.998000399920016e-4,0.0015996800639872023,0,5.998800239952009e-4,0.0015996800639872023,0,0,0,0,0.0015996800639872023,0.0015996800639872023,0,9.998000399920016e-4,0.0015996800639872023,0,0,0,0,0.0015996800639872023,0,0,0,0,0,0,0.0015996800639872023,0,0,0,0,0,0,0.0015996800639872023,5.998800239952009e-4,0,0,0,0,0,0,0,0,0,0.0015996800639872023,0,0,0,0,0,0,0,0,0,0,0,0.0015996800639872023,0.0015996800639872023,0,3.999200159968006e-4,0,0.0015996800639872023,0,0,0.0011997600479904018,0,0.0015996800639872023,0.0015996800639872023,0,0.0015996800639872023,0,0
0,0,0,0,0,0,0,0,0,0,0,0,0,0,0,0,0,0,7.998400319936012e-4,0,0,7.998400319936012e-4,7.998400319936012e-4,0,0,0,0,0,0,0,0.37872425514896196,7.998400319936012e-4,7.998400319936012e-4,7.998400319936012e-4,7.998400319936012e-4,0,7.998400319936012e-4,0,7.998400319936012e-4,0,0.3755248950209879,0,7.998400319936012e-4,0,7.998400319936012e-4,0,7.998400319936012e-4,0.3755248950209879,7.998400319936012e-4,7.998400319936012e-4,7.998400319936012e-4,0,0,0,7.998400319936012e-4,0,0,0,0,0,0,0,0,0,0,7.998400319936012e-4,0,0,0,7.998400319936012e-4,0,0,0,0,0,0,0,7.998400319936012e-4,0,0,0,0,0,0,0,0,0,0,7.998400319936012e-4,7.998400319936012e-4,7.998400319936012e-4,3.999200159968006e-4,0,3.999200159968006e-4,7.998400319936012e-4,0,0,7.998400319936012e-4,0,7.998400319936012e-4,0,0,0,0,0,0,7.998400319936012e-4,7.998400319936012e-4,7.998400319936012e-4,0,0,0,0,0,7.998400319936012e-4,0,0,0,0,0,0,7.998400319936012e-4,0,0,0,0,0,0,7.998400319936012e-4,7.998400319936012e-4,0,0,0,0,7.998400319936012e-4,0,0,0,0,7.998400319936012e-4,0,0,0,0,0,0,0,0,0,0,0,0,7.998400319936012e-4,0,0,0,7.998400319936012e-4,0,7.998400319936012e-4,0,0,0,7.998400319936012e-4,0,7.998400319936012e-4,0,0
0,0,0,0,0,0,0,0,0,0,0,0,0,0,0,0,0,0,0.4867026594680865,0,0,0,0,0,0,0,0,0,0,0,0,0,0,0,0,0,0,0,0,0,0,0,0,0,0,0,0,0,0,0,0,0,0,0,0,0,0,0,0,0,0,0,0,0,0,0,0,0,0,0,0,0,0,0,0,0,0,0,0,0,0,0,0,0,0,0,0,0,0,0,0,0,0,0,0,0,0,0,0,0,0,0,0,0,0,0,0,0,0,0,0,0,0,0,0,0,0,0,0,0,0,0,0,0,0,0,0,0,0,0,0,0,0,0,0,0,0,0,0,0,0,0,0,0,0,0,0,0,0,0,0,0,0,0,0,0,0,0,0,0,0,0,0,0,0,0,0
0,0,0,0,0,0,0,0,0,0,0,0,0,0,0,0,0,0,0,0,0,0,0,0,0,0,0,0,0,0,0,0,0,0,0,0,0,0,0,0,0,0,0,0,0,0,0,0,0,0,0,0,0,0,0,0,0,0,0,0,0,0,0,0,0,0,0,0,0,0,0,0,0,0,0,0,0,0,0,0,0,0,0,0,0,0,0,0,0,0,0,0,0,0,0,0,0,0,0,0,0,0,0,0,0,0,0,0,0,0,0,0,0,0,0,0,0,0,0,0,0,0,0,0,0,0,0,0,0,0,0,0,0,0,0,0,0,0,0,0,0,0,0,0,0,0,0,0,0,0,0,0.23055388922216058,0,0,0,0,0,0,0.22695460907818926,0,0,0,0,0,0,0,0
0,0,0,0,0,0,0,0,0,0,0,0,0,0,0,0,0,0,0,0,0,0,0,0,0,0,0,0,0,0,0,0,0,0,0,0,0,0,0,0,0,0,0,0,0,0,0,0,0,0,0.39192161567685496,0,0,0,0,0,0,0,0,0,0,0,0,0,0,0,0,0,0,0,0,0,0,0,0,0,0,0,0,0,0,0,0,0,0,0,0,0,0,0,0,0,0,0,0,0,0,0,0,0,0,0,0,0,0,0,0,0,0,0,0,0,0,0,0,0,0,0,0,0,0,0,0,0,0,0,0,0,0,0,0,0,0,0,0,0,0,0,0,0,0,0,0,0,0,0,0,0,0,0,0,0,0,0,0,0,0,0,0,0,0,0,0,0,0,0,0
0,0,0,0,0,0,0,0,0,0,0,0,0,0,0,0,0,0,0,0,0,0,0,0,0,0,0.28954209158168503,0,0,0,0,0,0,0,0,0,0,0,0,0,0.28474305138972394,0,0,0,0,0,0,0.28474305138972394,0,0,0,0,0,0,0,0,0,0,0,0,0,0,0,0,0,0,0,0,0,0,0,0,0,0,0,0,0,0,0,0,0,0,0,0,0,0,0,0,0,0,0,0,0,0,0,0,0,0,0,0,0,0,0,0,0,0,0,0,0,0,0,0,0,0,0,0,0,0,0,0,0,0,0,0,0,0,0,0,0,0,0,0,0,0,0,0,0,0,0,0,0,0,0,0,0,0,0,0,0,0,0,0,0,0,0,0,0,0,0,0,0,0,0,0,0,0,0
0,0,0,0,0,0,0,0,0,0,0,0,0,0,0,0,0,0.19896020795841235,0,0.19896020795841235,0,0,0,0,0,0,0,0,0,0,0,0,0,0,0,0,0,0,0,0,0,0,0,0,0,0,0,0,0,0,0,0,0,0,0,0,0,0,0,0.2097580483903263,0,0,0,0,0,0,0,0,0,0,0,0,0,0,0,0,0,0,0,0,0,0,0,0,0,0,0,0,0,0,0,0,0,0,0,0,0,0,0,0,0,0,0,0,0,0,0,0,0,0,0,0,0,0,0,0,0,0,0,0,0,0,0,0,0,0,0,0,0,0,0.19896020795841235,0,0,0,0,0,0,0,0,0,0,0,0,0,0,0,0,0,0,0,0,0,0,0,0,0,0,0,0,0,0,0,0,0,0,0,0
0,0,0,0,0,0,0,0,0,0,0,0,0,0,0,0,0,0,0,0,0,0,0,0,0,0,0,0,0,0,0,0,0,0,0,0,0,0,0,0,0,0,0,0,0,0,0,0,0,0,0,0,0,0,0,0,0,0,0,0,0,0,0,0,0,0,0,0,0,0,0,0,0,0,0,0,0,0,0,0,0,0,0,0,0,0,0,0,0,0,0,0,0,0,0,0,0,0,0,0,0,0,0,0,0,0,0,0,0,0,0,0,0,0,0,0,0,0,0,0,0,0,0,0,0,0,0,0,0,0,0,0,0,0,0,0,0,0,0,0,0,0,0,0,0,0,0,0,0,0,0,0,0,0,0,0,0,0,0,0,0,0,0,0,0,0,0
0,0,0,0,0,0,0,0,0,0,0,0,0,0,0,0,0,0,0,0,0,0,0,0,0,0,0,0,0,0,0,0,0,0,0,0,0,0,0,0,0,0,0,0,0,0,0,0,0,0,0,0,0,0,0,0,0,0,0,0,0,0,0,0,0,0,0,0,0,0,0,0,0,0,0,0,0,0,0,0,0,0,0,0,0,0,0,0,0,0,0,0,0,0,0,0,0,0,0,0,0,0,0,0,0,0,0,0,0,0,0,0,0,0,0,0,0,0,0,0,0,0,0,0,0,0,0,0,0,0,0,0,0,0,0,0,0,0,0,0,0,0,0,0,0,0,0,0,0,0,0,0,0,0,0,0,0,0,0,0,0,0,0,0,0,0,0
0,0,0,0,0,0,0,0,0,0,0,0,0,0,0,0,0,0,0,0,0,0,0,0,0,0,0,0,0,0,0,0,0,0,0,0.5194961007798207,0,0,0,0,0,0,0,0,0,0,0,0,0,0,0,0,0,0,0,0,0,0,0,0,0,0,0,0,0,0,0,0,0,0,0,0,0,0,0,0,0,0,0,0,0,0,0,0,0,0,0,0,0,0,0,0,0,0,0,0,0,0,0,0,0,0,0,0,0,0,0,0,0,0,0,0,0,0,0,0,0,0,0,0,0,0,0,0,0,0,0,0,0,0,0,0,0,0,0,0,0,0,0,0,0,0,0,0,0,0,0,0,0,0,0,0,0,0,0,0,0,0,0,0,0,0,0,0,0,0,0
0,0,0,0,0,0,0,0,0,0,0,0,0,0,0,0,0,0,0,0,0,0,0,0,0,0,0,0,0,0,0,0,0,0,0.48010397920414,0,0,0,0,0,0,0,0,0,0,0,0,0,0,0,0,0,0,0,0,0,0,0,0,0,0,0,0,0,0,0,0,0,0,0,0,0,0,0,0,0,0,0,0,0,0,0,0,0,0,0,0,0,0,0,0,0,0,0,0,0,0,0,0,0,0,0,0,0,0,0,0,0,0,0,0,0,0,0,0,0,0,0,0,0,0,0,0,0,0,0,0,0,0,0,0,0,0,0,0,0,0,0,0,0,0,0,0,0,0,0,0,0,0,0,0,0,0,0,0,0,0,0,0,0,0,0,0,0,0,0,0
0,0,0,0,0,0,0,0,0,0,0,0,0,0,0,0,0,0,0,0,0,0,0,0.4177164567086458,0,0,0,0,0,0,0,0,0,0,0,0,0,0,0,0,0,0.41851629674063934,0,0,0,0,0,0,0,0,0,0,0,0,0,0,0,0,0,0,0,0,0,0,0,0,0,0,0,0,0,0,0,0,0,0,0,0,0,0,0,0,0,0,0,0,0,0,0,0,0,0,0,0,0,0,0,0,0,0,0,0,0,0,0,0,0,0,0,0,0,0,0,0,0,0,0,0,0,0,0,0,0,0,0,0,0,0,0,0,0,0,0,0,0,0,0,0,0,0,0,0,0,0,0,0,0,0,0,0,0,0,0,0,0,0,0,0,0,0,0,0,0,0,0,0,0
0,0,0,0,0,0,0,0,0,0,0,0,0,0,0,0,0,0.1327734453109398,0.2587482503499347,0.10277944411117881,0.17796440711857966,0.22895420915817333,0.18576284743051752,0.13237352529494298,0.20755848830234383,0.14377124575085215,0.1605678864227183,0.19216156768646653,0.10097980403919316,0.1909618076384761,0.13697260547890633,0.09598080383923299,0.4509098180363767,0.4511097780443751,0.2065586882623518,0.24435112977405063,0.19556088782243944,0,0.26034793041392174,0.22615476904619564,0.09418116376724733,0.12277544491101947,0.4511097780443751,0.23615276944611596,0.5130973805238725,0.1175764847030609,0.4511097780443751,0.05918816236752631,0.0153969206158768,0.20895820835833268,0.2595480903819282,0,0.0015996800639872023,0.014397120575884803,0.18096380723855576,5.998800239952009e-4,0.26874625074985364,0,0,0.06078784243151351,0.0015996800639872023,0,0.1303739252149589,0.02099580083983199,0.015196960607878401,0.212557488502304,0,0,0.06778644271145767,0.4511097780443751,0,0.1055788842231565,0,0.07758448310337959,0,0,0,0.4509098180363767,0,0,0,0,0,0,0,0,0,0.12897420515897007,0.34073185362927,0.3805238952209474,0.4511097780443751,0.09738052389522184,0,0.13117376524695254,0.10017996400719953,0.24475104979004744,0.24135172965407453,0.4511097780443751,0,0.2095580883823279,0.08598280343931267,0.1511697660467932,0.004399120175964808,0.1327734453109398,0.243551289742057,0.25554889022196065,0.2343531293741303,0.267346530693865,0.2523495300939866,0.18376324735053345,0,0,0,0,0.4511097780443751,0,0,0,0,0,0,0.4445110977804286,0,0.006598680263947213,0,0,0.1357728454309159,0,0.4511097780443751,0.243551289742057,0.05858828234353111,0,0,0.052389522095580725,0.25754849030194443,0,0.06078784243151351,0.008398320335932815,0.0023995200959808036,0.3739252149570009,0,0,0,0,0.0017996400719856025,0.009798040391921612,0.0017996400719856025,0,0,0,0.0165966806638672,0.15156968606279,0.4511097780443751,0,0.03219356128774237,0.0655868826234752,0.36772645470905113,0,0.19836032793441713,0.009998000399920012,0,0.19356128774245537,0.4511097780443751,0.24215156968606816,0.4511097780443751,0.04639072185562874,0
0,0,0,0,0,0,0,0,0,0,0,0,0,0,0,0,0,0.007398520295940815,0.016996600679864,0.012797440511897606,0.5142971405718628,0.03079384123175357,0.026994601079783978,0.0049990001999600095,0.019596080783843194,0.011597680463907209,0.01099780043991201,0.024595080983803183,0.00539892021595681,0.027394521095780777,0.0167966406718656,0.0067986402719456135,0.04159168166366715,0.04159168166366715,0.03179364127174557,0.009798040391921612,0.019996000799839993,0.04039192161567675,0,0.01059788042391521,0.008198360327934416,0.0165966806638672,0.04159168166366715,0.07998400319936047,0.027594481103779177,0.007998400319936016,0.04159168166366715,0.00539892021595681,0,0.012397520495900807,0.014197160567886403,0,0,1.999600079984003e-4,0.0931813637272553,0,0.014597080583883202,0,0,0.012997400519896006,0,0,0.015996800639872,0,0.0045990801839632086,0.02199560087982399,0,0,0.009198160367926414,0.04159168166366715,0,0.005998800239952012,0,0.005598880223955211,0,0,0,0.04159168166366715,0,0,0,0,0,0,0,0,0,0.019596080783843194,0.04119176164767035,0.033593281343731164,0.04159168166366715,0.010197960407918412,0,0.007598480303939215,0.009598080383923213,0.012197560487902407,0.017396520695860798,0.04159168166366715,0,0.024195160967806384,0.00539892021595681,0.007798440311937616,0.0037992401519696068,0.0167966406718656,0.029394121175764773,0.02579484103179358,0.02639472105578878,0.013997200559888004,0.03719256148770236,0.027594481103779177,0,0,0,0,0.04159168166366715,0,0,0,0,0,0,0.04159168166366715,0,0,0,0,0.006998600279944014,0,0.04159168166366715,0.02199560087982399,0.0015996800639872023,0,0,0,0.022995400919815986,0,0.01119776044791041,0,0,0.03419316136772636,0,0,0,0,0,0,0,0,0,0,0,0.011597680463907209,0.04159168166366715,0,0.009598080383923213,0.006598680263947213,0.03199360127974397,0,0.024595080983803183,0,0,0.018596280743851196,0.04159168166366715,0.029194161167766373,0.04159168166366715,0.0023995200959808036,0
0,0,0,0,0,0,0,0,0,0,0,0,0,0,0,0,0,0,0.007198560287942414,0.008598280343931215,0.0037992401519696068,0.48790241951607677,0.0019996000799840027,0.002199560087982403,0.0031993601279744054,0.0037992401519696068,0,0.002199560087982403,0.0037992401519696068,0.0037992401519696068,0.006598680263947213,0,0.009398120375924813,0.009398120375924813,0.006598680263947213,0.0027994401119776045,0.006198760247950412,0.009398120375924813,0.005598880223955211,0,0.0011997600479904018,7.998400319936012e-4,0.009398120375924813,0.005798840231953611,0.0037992401519696068,0.001399720055988802,0.009398120375924813,0.0015996800639872023,0,0.004399120175964808,0.005598880223955211,0,0,0.0037992401519696068,0.0035992801439712063,0,0.007398520295940815,0,0,0,0,0,0.005598880223955211,0,0,0.004199160167966408,0,0,0,0.009398120375924813,0,0,0,0,0,0,0,0.009398120375924813,0,0,0,0,0,0,0,0,0,0,0.005598880223955211,0.009398120375924813,0.009398120375924813,0.0037992401519696068,0,0.0011997600479904018,0.0049990001999600095,5.998800239952009e-4,0.008598280343931215,0.009398120375924813,0,7.998400319936012e-4,0.004399120175964808,0.0017996400719856025,0,0.002599480103979204,3.999200159968006e-4,0.0031993601279744054,0.005598880223955211,0.005598880223955211,0.008998200359928014,0.0037992401519696068,0,0,0,0,0.009398120375924813,0,0,0,0,0,0,0.009398120375924813,0,0,0,0,0,0,0.009398120375924813,0.006198760247950412,7.998400319936012e-4,0,0,0,0.008398320335932815,0,0,0,0,0.009398120375924813,0,0,0,0,0,0,0,0,0,0,0,0,0.009398120375924813,0,0,0,0.009398120375924813,0,0.005598880223955211,0,0,9.998000399920016e-4,0.009398120375924813,0.0049990001999600095,0.009398120375924813,0,0
0,0,0,0,0,0,0,0,0,0,0,0,0,0,0,0,0,0,0,0,0,0,0,0,0,0,0.18436312737452867,0,0,0,0.18596280743851593,0,0,0,0,0,0,0,0,0,0,0,0,0,0,0,0,0.18916216756649043,0,0,0,0,0,0,0,0,0,0,0,0,0,0,0,0,0,0,0,0,0,0,0,0,0,0,0,0,0,0,0,0,0,0,0,0,0,0,0,0,0,0,0,0,0,0,0,0,0,0,0,0,0,0,0,0,0,0,0,0,0,0,0,0,0,0,0,0,0,0,0,0,0,0,0,0,0,0,0,0,0,0,0,0,0,0,0,0,0,0,0,0,0,0,0,0,0,0,0,0,0,0,0,0,0,0,0,0,0,0,0,0,0,0,0,0,0,0,0
0,0,0,0,0,0,0,0,0,0,0,0,0,0,0,0,0,0,0,0,0,0,0,0.3105378924215148,0,0,0,0,0,0,0,0,0,0,0,0,0.3105378924215148,0,0,0,0,0,0,0,0,0,0,0,0,0,0,0,0,0,0,0,0,0,0,0,0,0,0,0,0,0,0,0,0,0,0,0,0,0,0,0,0,0,0,0,0,0,0,0,0,0,0,0,0,0,0,0,0,0,0,0,0,0,0,0,0,0,0,0,0,0,0,0,0,0,0,0,0,0,0,0,0,0,0,0,0,0,0,0,0,0,0,0,0,0,0,0,0,0,0,0,0,0,0,0,0,0,0,0,0,0,0,0,0,0,0,0,0,0,0,0,0,0,0,0,0,0,0,0,0,0,0
0,0,0,0,0,0,0,0,0,0,0,0,0,0,0,0,0,0,0,0,0,0,0,0,0,0,0,0,0,0,0,0,0,0,0,0,0,0,0,0,0,0,0,0,0,0,0,0,0,0,0,0,0,0,0,0,0,0,0,0,0,0,0,0,0,0,0,0,0,0,0,0,0,0,0,0,0,0,0,0,0,0,0,0,0,0,0,0,0,0,0,0,0,0,0,0,0,0,0,0,0,0,0,0,0,0,0,0,0,0,0,0,0,0,0,0,0,0,0,0,0,0,0,0,0,0,0,0,0,0,0,0,0,0,0,0,0,0,0,0,0,0,0,0,0,0,0,0,0,0,0,0,0,0,0,0,0,0,0,0,0,0,0,0,0,0,0
0,0,0,0,0,0,0,0,0,0,0,0,0,0,0,0,0,5.998800239952009e-4,3.999200159968006e-4,0.009598080383923213,0.0653869226154768,0.006598680263947213,0.0017996400719856025,0.0031993601279744054,0.01059788042391521,0.0035992801439712063,0.002599480103979204,0.013397320535892805,0.007798440311937616,0.004799040191961609,0.009398120375924813,0.0019996000799840027,0.013797240551889604,0.013797240551889604,0.009998000399920012,0.0037992401519696068,0.0045990801839632086,0.007798440311937616,0.06658668266346723,0.007198560287942414,0.0011997600479904018,0.005998800239952012,0.013797240551889604,0,0.01099780043991201,0.0045990801839632086,0.013797240551889604,5.998800239952009e-4,7.998400319936012e-4,0.007998400319936016,0.008998200359928014,0,0,0.002199560087982403,0.4803039392121384,0,0.011997600479904008,0,0,0.001399720055988802,0,0,0.00519896020795841,0.0015996800639872023,0.0015996800639872023,0.005598880223955211,0,0,0,0.013797240551889604,0,9.998000399920016e-4,0,0.001399720055988802,0,0,0,0.013797240551889604,0,0,0,0,0,0,0,0,0,1.999600079984003e-4,0.004799040191961609,0.013797240551889604,0.013797240551889604,0.003399320135972806,0,0.0023995200959808036,0.0011997600479904018,0.013797240551889604,0.009598080383923213,0.013797240551889604,0,0.004199160167966408,0.0027994401119776045,3.999200159968006e-4,0,0.007598480303939215,0.008798240351929614,0.013797240551889604,0.013797240551889604,0.0067986402719456135,0.0017996400719856025,0.006998600279944014,0,0,0,0,0.013797240551889604,0,0,0,0,0,0,0.013797240551889604,0,0,0,0,0.009598080383923213,0,0.013797240551889604,0.0031993601279744054,1.999600079984003e-4,0,0,0,9.998000399920016e-4,0,0,0,0,0.013797240551889604,0,0,0,0,0,0,0,0,0,0,0,0.0049990001999600095,0.013797240551889604,0,0,0,0.013797240551889604,0,9.998000399920016e-4,0,0,0.012797440511897606,0.013797240551889604,0.005798840231953611,0.013797240551889604,0,0
0,0,0,0,0,0,0,0,0,0,0,0,0,0,0,0,0,0.07338532293541306,0.15696860627874698,0.07838432313537322,0.12897420515897007,0.1789642071585717,0.1787642471505733,0.09898020395920909,0.20455908818236773,0.14437112577484737,0.14337132573485534,0.1975604879024235,0.0901819636072792,0.11877624475105134,0.08898220355928876,0.08298340331933657,0.3547290541891565,0.3547290541891565,0.18636272745451274,0.16816636672665775,0.13517296540692067,0.37332533493300574,0.18136372725455258,0.1883623275344968,0.06458708258348317,0.120575884823037,0.3547290541891565,0.16756648670266253,0,0.05818836232753431,0.3547290541891565,0.06338732253549273,0.019196160767846394,0.16416716656668962,0.23595280943811756,0,0.003999200159968007,0.011597680463907209,0.13257348530294139,0,0.1759648070385956,0,3.999200159968006e-4,0.06798640271945608,0.008598280343931215,0,0.11997600479904177,0.011597680463907209,0.009598080383923213,0.1851629674065223,0,0,0.046790641871625537,0.3547290541891565,0,0.07358528294341146,0,0.04939012197560473,0,0,0,0.3547290541891565,0,0,0,0,0,0,0,0,0,0.07898420315936844,0.24155168966207294,0.34033193361327324,0.3547290541891565,0.10077984403119475,0,0.09838032393521387,0.09098180363927283,0.2215556888622323,0.18936212757448884,0.3547290541891565,0,0.16516696660668165,0.10097980403919316,0.06518696260747839,0,0.09598080383923299,0.1695660867826466,0.22295540891822113,0.20895820835833268,0.21115776844631515,0.23175364927015102,0.14357128574285374,0,0,0,0,0.3547290541891565,0,0,0,0,0,0,0.3437312537492457,0,0.01099780043991201,0,0,0.0837832433513302,0,0.3547290541891565,0.15016996600680116,0.051589682063587126,0,0,0.008198360327934416,0.15376924615077248,0,0.05898820235952791,0.007798440311937616,0,0.33933213357328135,0,0,0,0,0,0.008198360327934416,5.998800239952009e-4,0,0,0,3.999200159968006e-4,0.15696860627874698,0.3547290541891565,0,0.047390521895620735,0.056388722255548716,0.33333333333333,0,0.10737852429514216,0,0,0.20095980803839641,0.35452909418115813,0.19036192761448087,0.3547290541891565,0.042191561687662346,0
0,0,0,0,0,0,0,0,0,0,0,0,0,0,0,0,0,0,0,0,0,0,0,0,0,0.2005598880223996,0,0,0,0,0,0,0,0,0,0,0,0,0,0,0,0,0,0,0,0,0,0,0,0,0,0,0,0,0,0,0,0,0,0,0,0,0,0,0,0.2315536892621526,0,0,0,0,0,0,0,0,0,0,0,0,0,0,0,0,0,0,0,0,0,0,0,0,0,0,0,0,0,0,0,0,0,0,0,0,0,0,0,0,0,0,0,0,0,0,0,0,0,0,0,0,0,0,0,0,0,0,0,0,0,0,0,0,0,0,0,0,0,0,0,0,0,0,0,0,0,0,0,0,0,0,0,0,0,0,0,0,0,0,0,0,0,0,0,0,0,0,0,0,0
0,0,0,0,0,0,0,0,0,0,0,0,0,0,0,0,0,0.008398320335932815,0.0153969206158768,0.009798040391921612,0.006598680263947213,0.018796240751849595,0.01119776044791041,0.0067986402719456135,0.016996600679864,0.008798240351929614,0.0161967606478704,0.017596480703859198,0.009598080383923213,0.013197360527894405,0.006198760247950412,0.0017996400719856025,0.032993401319735965,0.032993401319735965,0.017596480703859198,0.0153969206158768,0.0155968806238752,0.028994201159767974,0.02639472105578878,0.019596080783843194,0.003999200159968007,0.010397920415916811,0.032993401319735965,0.02139572085582879,0.01099780043991201,0.007998400319936016,0,0.006598680263947213,5.998800239952009e-4,0.013797240551889604,0.019796040791841593,0,0,0.00519896020795841,0.01079784043191361,0,0.023195360927814386,0,0,0.005598880223955211,0,0,0.013997200559888004,0.001399720055988802,0,0.0161967606478704,0,0,0.0045990801839632086,0.032993401319735965,0,0.005998800239952012,0,0.0011997600479904018,0,0,0,0.032993401319735965,0,0,0,0,0,0,0,0,0,0.006598680263947213,0.032993401319735965,0.029794041191761572,0.032993401319735965,0.01099780043991201,0,0.01119776044791041,0.011597680463907209,0.017996400719855997,0.013597280543891204,0.032993401319735965,0,0.019396120775844794,0.006998600279944014,0.012797440511897606,0.002199560087982403,0.012797440511897606,0.024195160967806384,0.014797040591881602,0.0161967606478704,0.011997600479904008,0.022395520895820788,0.02099580083983199,0,0,0,0,0.032993401319735965,0,0,0,0,0,0,0.03079384123175357,0,0.002199560087982403,0,0,0.007798440311937616,0,0.032993401319735965,0.015996800639872,0.007398520295940815,0,0,0,0.017996400719855997,0,0.002599480103979204,0,0,0.023595280943811185,0,0,0,0,0,0,0,0,0,0,0.002199560087982403,0.014797040591881602,0.032993401319735965,0,1.999600079984003e-4,0.0035992801439712063,0.022595480903819187,0,0.008598280343931215,0,0,0.014997000599880001,0.032993401319735965,0.019196160767846394,0.032993401319735965,7.998400319936012e-4,0
0,0,0,0,0,0,0,0,0,0,0,0,0,0,0,0,0,0,0,0,0,0,0,0,0,0,0.14717056588682506,0,0,0,0.14717056588682506,0,0,0,0,0,0,0,0,0,0.14717056588682506,0,0,0,0,0,0,0,0,0,0,0,0,0,0,0,0,0,0,0,0,0,0,0,0,0,0,0,0,0,0,0,0,0,0,0,0,0,0,0,0,0,0,0,0,0,0,0,0,0,0,0,0,0,0,0,0,0,0,0,0,0,0,0,0,0,0,0,0,0,0,0,0,0,0,0,0,0,0,0,0,0,0,0,0,0,0,0,0,0,0,0,0,0,0,0,0,0,0,0,0,0,0,0,0,0,0,0,0,0,0,0,0,0,0,0,0,0,0,0,0,0,0,0,0,0,0
0,0,0,0,0,0,0,0,0,0,0,0,0,0,0,0,0,0,0,0,0,0,0,0,0,0,0,0,0,0,0,0,0,0,0,0,0,0,0,0,0,0,0,0,0,0,0,0,0,0,0,0.29974005198960235,0.29974005198960235,0.29974005198960235,0,0.29974005198960235,0,0,0,0,0,0,0.023595280943811185,0,0.004399120175964808,0,0,0,0.006198760247950412,0,0,0.0017996400719856025,0,0.0037992401519696068,0,0,0,0,0,0,0,0,0,0,0,0,0,0,0,0,0,0,0,0,0,0,0,0,0,0,0,0,0,0,0,0,0,0,0,0,0,0,0,0,0,0,0,0,0,0,0,0,0,0,0,0,0,0,0,0,0,0,0,0,0,0,0,0,0,0,0,0,0,0,0,0,0,0,0,0,0,0,0,0,0,0,0,0,0,0,0,0,0,0,0,0,0
0,0,0,0,0,0,0,0,0,0,0,0,0,0,0,0,0,0,0,0,0,0,0,0,0,0,0,0,0,0,0,0,0,0,0,0,0,0,0,0,0,0,0,0,0,0,0,0,0,0,0,0,0,0,0,0,0,0,0,0,0,0,0,0,0,0,0,0,0,0,0,0,0,0,0,0,0,0,0,0,0,0,0,0,0,0,0,0,0,0,0,0,0,0,0,0,0,0,0,0,0,0,0,0,0,0,0,0,0,0,0,0,0,0,0,0,0,0,0,0,0,0,0,0,0,0,0,0,0,0,0,0,0,0,0,0,0,0,0,0,0,0,0,0,0,0,0,0,0,0,0,0,0,0,0,0,0,0,0,0,0,0,0,0.45130973805237345,0,0,0
0,0,0,0,0,0,0,0,0,0,0,0,0,0,0,0,0,0,0,0,0,0,0,0,0,0,0,0,0,0.6068786242751122,0,0,0,0,0,0,0,0,0,0,0,0,0,0,0,0,0,0,0,0,0,0,0,0,0,0,0,0,0,0,0,0,0,0,0,0,0,0,0,0,0,0,0,0,0,0,0,0,0,0,0,0,0,0,0,0,0,0,0,0,0,0,0,0,0,0,0,0,0,0,0,0,0,0,0,0,0,0,0,0,0,0,0,0,0,0,0,0,0,0,0,0,0,0,0,0,0,0,0,0,0,0,0,0,0,0,0,0,0,0,0,0,0,0,0,0,0,0,0,0,0,0,0,0,0,0,0,0,0,0,0,0,0,0,0,0,0
0,0,0,0,0,0,0,0,0,0,0,0,0,0,0,0,0,0,0,0,0,0,0,0,0,0,0,0,0,0,0,0,0,0,0,0,0,0,0,0,0,0,0,0,0,0,0,0,0.009998000399920012,0,0,0,0.009998000399920012,0.009998000399920012,0,0.009998000399920012,0,0,0,0,0,0,0,0,0,0,0,0,0,0,0,0,0,0,0,0,0,0,0,0,0,0,0,0,0,0,0,0,0,0,0,0,0,0,0,0,0,0,0,0,0,0,0,0,0,0,0,0,0,0,0,0,0,0,0,0,0,0,0,0,0,0,0,0,0,0,0,0,0,0,0,0,0,0,0,0,0,0,0,0,0,0,0,0,0,0,0,0,0,0,0,0,0,0,0,0,0,0,0,0,0,0,0,0,0,0,0
0,0,0,0,0,0,0,0,0,0,0,0,0,0,0,0,0,0,0,0,0,0,0,0,0,0,0,0,0,0,0,0,0,0,0,0,0,0,0,0,0,0,0,0,0,0,0,0,0.13697260547890633,0,0,0.13697260547890633,0,0.13697260547890633,0,0.13697260547890633,0,0,0,0,0,0,0.0019996000799840027,0,0,0,0,0,0.0027994401119776045,0,0,0,0,7.998400319936012e-4,0,0,0,0,0,0,0,0,0,0,0,0,0,0,0,0,0,0,0,0,0,0,0,0,0,0,0,0,0,0,0,0,0,0,0,0,0,0,0,0,0,0,0,0,0,0,0,0,0,0,0,0,0,0,0,0,0,0,0,0,0,0,0,0,0,0,0,0,0,0,0,0,0,0,0,0,0,0,0,0,0,0,0,0,0,0,0,0,0,0,0,0,0
0,0,0,0,0,0,0,0,0,0,0,0,0,0,0,0,0,0,0,0,0,0,0,0,0,0,0,0,0,0,0,0,0,0,0,0,0,0,0,0,0,0,0,0,0,0,0,0,0.537092581483678,0,0,0.537092581483678,0.537092581483678,0,0,0.537092581483678,0,0,0,0,0,0,0.010397920415916811,0.008598280343931215,0.0017996400719856025,0,0,0,0.009398120375924813,0,0,0.0067986402719456135,0,0.0023995200959808036,0,0,0,0,0,0,0,0,0,0,0,0,0,0,0,0,0,0,0,0,0,0,0,0,0,0,0,0,0,0,0,0,0,0,0,0,0,0,0,0,0,0,0,0,0,0,0,0,0,0,0,0,0,0,0,0,0,0,0,0,0,0,0,0,0,0,0,0,0,0,0,0,0,0,0,0,0,0,0,0,0,0,0,0,0,0,0,0,0,0,0,0,0
0,0,0,0,0,0,0,0,0,0,0,0,0,0,0,0,0,0.0011997600479904018,0.008198360327934416,0.006398720255948813,0.04899020195960793,0.0031993601279744054,0.008198360327934416,0.002599480103979204,0.007198560287942414,0.0067986402719456135,0.005598880223955211,0.0031993601279744054,3.999200159968006e-4,0.003399320135972806,0.002199560087982403,9.998000399920016e-4,0.011397720455908809,0.011397720455908809,0.011397720455908809,0,0.004799040191961609,0.011397720455908809,0.04159168166366715,0.008198360327934416,0.0019996000799840027,0.003999200159968007,0.011397720455908809,0.3915216956608582,0.011397720455908809,0.0027994401119776045,0.011397720455908809,0.0015996800639872023,0,0.003399320135972806,0.007998400319936016,0,0,0,0,0,0.0031993601279744054,0,0,0,0,0,0.0049990001999600095,0,0,0.0017996400719856025,0,0,0.002199560087982403,0.011397720455908809,0,0.0031993601279744054,0,9.998000399920016e-4,0,0,0,0.011397720455908809,0,0,0,0,0,0,0,0,0,0.002599480103979204,0.007398520295940815,0.007798440311937616,0.011397720455908809,0,0,0.008798240351929614,0.003999200159968007,0.004399120175964808,0.007998400319936016,0.011397720455908809,0,0.003399320135972806,0,0,0,0.002599480103979204,0.01099780043991201,0.0067986402719456135,0.008998200359928014,0.0017996400719856025,0.003399320135972806,0.009598080383923213,0,0,0,0,0.011397720455908809,0,0,0,0,0,0,0.011397720455908809,0,0,0,0,0.004799040191961609,0,0.011397720455908809,0.004199160167966408,0.0027994401119776045,0,0,0,0.004199160167966408,0,7.998400319936012e-4,0,0,0.01059788042391521,0,0,0,0,0,0,0,0,0,0,7.998400319936012e-4,0.006998600279944014,0.011397720455908809,0,0.001399720055988802,0.003999200159968007,0.008598280343931215,0,0.003999200159968007,0,0,0.007198560287942414,0.011397720455908809,0.007998400319936016,0.011397720455908809,0,0
0,0,0,0,0,0,0,0,0,0,0,0,0,0,0,0,0,0,0,0,0,0,0,0,0,0,0,0,0,0,0,0,0,0,0,0,0,0,0,0,0,0,0,0,0,0,0,0,0.0161967606478704,0,0,0.0161967606478704,0.0161967606478704,0.0161967606478704,0,0,0,0,0,0,0,0,0,0,0,0,0,0,5.998800239952009e-4,0,0,0,0,0,0,0,0,0,0,0,0,0,0,0,0,0,0,0,0,0,0,0,0,0,0,0,0,0,0,0,0,0,0,0,0,0,0,0,0,0,0,0,0,0,0,0,0,0,0,0,0,0,0,0,0,0,0,0,0,0,0,0,0,0,0,0,0,0,0,0,0,0,0,0,0,0,0,0,0,0,0,0,0,0,0,0,0,0,0,0,0,0,0,0,0,0,0
0,0,0,0,0,0,0,0,0,0,0,0,0,0,0,0,0,0,0,0,0,0,0.5430913817236294,0,0,0,0,0,0,0,0,0,0,0,0,0,0,0,0,0,0,0,0,0,0,0,0,0,0,0,0,0,0,0,0,0,0,0,0,0,0,0,0,0,0,0,0,0,0,0,0,0,0,0,0,0,0,0,0,0,0,0,0,0,0,0,0,0,0,0,0,0,0,0,0,0,0,0,0,0,0,0,0,0,0,0,0,0,0,0,0,0,0,0,0,0,0,0,0,0,0,0,0,0,0,0,0,0,0,0,0,0,0,0,0,0,0,0,0,0,0,0,0,0,0,0,0,0,0,0,0,0,0,0,0,0,0,0,0,0,0,0,0,0,0,0,0
0,0,0,0,0,0,0,0,0,0,0,0,0,0,0,0,0,0,0,0,0,0,0,0,0,0,0,0,0,0,0,0,0,0,0,0,0,0,0,0,0,0,0,0,0,0,0,0,0,0,0,0,0,0,0,0,0,0,0,0,0,0,0,0,0,0,0,0,0,0,0,0,0,0,0,0,0,0,0,0,0,0,0,0,0,0,0,0,0,0,0,0,0,0,0,0,0,0,0,0,0,0,0,0,0,0,0,0,0,0,0,0,0,0,0,0,0,0,0,0,0,0,0,0,0,0,0,0,0,0,0,0,0,0,0,0,0,0,0,0,0,0,0,0,0,0,0,0,0,0,0,0,0,0,0,0,0,0,0,0,0,0,0,0,0,0,0
0,0,0,0,0,0,0,0,0,0,0,0,0,0,0,0,0,0,0,0,0,0,0,0,0,0,0,0,0,0,0,0,0,0,0,0,0,0,0,0,0,0,0,0,0,0,0,0,0,0,0,0,0,3.999200159968006e-4,0,0,0,0,0,0,3.999200159968006e-4,0,3.999200159968006e-4,3.999200159968006e-4,3.999200159968006e-4,0,0,0,3.999200159968006e-4,0,0,3.999200159968006e-4,0,3.999200159968006e-4,0,0,0,0,0,0,0,0,0,0,0,0,0,0,0,0,0,0,0,0,0,0,0,0,0,0,0,0,0,0,0,0,0,0,0,0,0,0,0,0,0,0,0,0,0,0,0,0,0,0,0,0,0,0,0,0,0,0,0,0,0,0,0,0,0,0,0,0,0,0,0,0,0,0,0,0,0,0,0,0,0,0,0,0,0,0,0,0,0,0,0,0,0
0,0,0,0,0,0,0,0,0,0,0,0,0,0,0,0,0,0.16116776644671352,0,0.1571685662867454,0,0,0,0,0,0,0,0,0,0,0,0.16416716656668962,0,0,0,0,0,0,0,0,0,0,0,0,0,0,0,0,0,0,0,0,0,0,0,0,0,0,0,0,0,0,0,0,0,0,0,0,0,0,0,0,0,0,0,0,0,0,0,0,0,0,0,0,0,0,0,0,0,0,0,0,0,0,0,0,0,0,0,0,0,0,0,0,0,0,0,0,0,0,0,0,0,0,0,0,0,0,0,0,0,0,0,0,0,0,0,0,0,0,0.16116776644671352,0,0,0,0,0,0,0,0,0,0,0,0,0,0,0,0,0,0,0,0,0,0,0,0,0,0,0,0,0,0,0,0,0,0,0,0
0,0,0,0,0,0,0,0,0,0,0,0,0,0,0,0,0,0,0,0,0,0,0,0,0,0,0,0,0,0,0,0,0,0,0,0,0,0,0,0,0,0,0,0,0,0,0,0,0,0,0,0,0.0015996800639872023,0.008598280343931215,0,0,0,0,0.010197960407918412,0,0,0,0.010197960407918412,0.010197960407918412,0.010197960407918412,0,0,0,0.010197960407918412,0,0,0.010197960407918412,0,0.010197960407918412,0,0,0,0,0,0,0,0,0,0,0,0,0,0,0,0,0,0,0,0,0,0,0,0,0,0,0,0,0,0,0,0,0,0,0,0,0,0,0,0,0,0,0,0,0,0,0,0,0,0,0,0,0,0,0,0,0,0,0,0,0,0,0,0,0,0,0,0,0,0,0,0,0,0,0,0,0,0,0,0,0,0,0,0,0,0,0,0,0,0,0,0,0
0,0,0,0,0,0,0,0,0,0,0,0,0,0,0,0,0,0,0,0,0,0,0,0,0,0,0,0,0,0,0,0,0,0,0,0,0,0,0,0,0,0,0,0,0,0,0,0,0,0,0,0,0,0,0,0,0,0.4209158168366199,0,0,0,0,0,0,0,0,0.4209158168366199,0.4209158168366199,0,0,0.4209158168366199,0,0.4209158168366199,0,0,0,0,0,0,0,0,0,0,0,0,0,0,0,0,0,0,0,0,0,0,0,0,0,0,0,0,0,0,0,0,0,0,0,0,0,0.15696860627874698,0.4209158168366199,0.4209158168366199,0.4209158168366199,0,0.4209158168366199,0.26394721055789255,0.4209158168366199,0.4209158168366199,0.4209158168366199,0.4209158168366199,0,0.4209158168366199,0,0.4209158168366199,0,0,0,0,0,0,0,0,0,0,0,0,0,0,0,0,0,0,0,0,0,0,0,0,0,0,0,0,0,0,0,0,0,0,0,0,0,0,0,0,0,0
0,0,0,0,0,0,0,0,0,0,0,0,0,0,0,0,0,0,0,0,0,0,0,0,0,0,0,0,0,0,0,0,0,0,0,0,0,0,0,0,0,0,0,0,0,0,0,0,0.08978204359128239,0,0,0.003399320135972806,0.04959008198360313,0.17416516696660994,0,0.006398720255948813,0,0,0.3593281343731192,0,0.3593281343731192,0,0,0.3593281343731192,0.3593281343731192,0,0,0,0.3593281343731192,0,0,0.3593281343731192,0,0.3593281343731192,0,0,0,0,0,0,0,0,0,0,0,0,0,0,0,0,0,0,0,0,0,0,0,0,0,0,0,0,0,0,0,0,0,0,0,0,0,0,0,0,0,0,0,0,0,0,0,0,0,0,0,0,0,0,0,0,0,0,0,0,0,0,0,0,0,0,0,0,0,0,0,0,0,0,0,0,0,0,0,0,0,0,0,0,0,0,0,0,0,0,0,0,0
0,0,0,0,0,0,0,0,0,0,0,0,0,0,0,0,0,0,0,0,0,0,0,0,0,0,0,0,0,0,0,0,0,0,0,0,0,0,0,0,0,0,0,0,0,0,0,0,0.01079784043191361,0,0,0,0.006198760247950412,0.019196160767846394,0,0,0,0,0.04479104179164154,0,0.04479104179164154,0,0.04479104179164154,0,0.04479104179164154,0,0,0,0.04479104179164154,0,0,0.04479104179164154,0,0.04479104179164154,0,0,0,0,0,0,0,0,0,0,0,0,0,0,0,0,0,0,0,0,0,0,0,0,0,0,0,0,0,0,0,0,0,0,0,0,0,0,0,0,0,0,0,0,0,0,0,0,0,0,0,0,0,0,0,0,0,0,0,0,0,0,0,0,0,0,0,0,0,0,0,0,0,0,0,0,0,0,0,0,0,0,0,0,0,0,0,0,0,0,0,0,0
0,0,0,0,0,0,0,0,0,0,0,0,0,0,0,0,0,0,0,0,0,0,0,0,0,0,0,0,0,0,0,0,0,0,0,0,0,0,0,0,0,0,0,0,0,0,0,0,0.004799040191961609,0,0,0,0.008598280343931215,0.020195960807838392,0,0,0,0,0.03979204159168155,0,0.03979204159168155,0,0.03979204159168155,0.03979204159168155,0,0,0,0,0.03979204159168155,0,0,0.03979204159168155,0,0.03979204159168155,0,0,0,0,0,0,0,0,0,0,0,0,0,0,0,0,0,0,0,0,0,0,0,0,0,0,0,0,0,0,0,0,0,0,0,0,0,0,0,0,0,0,0,0,0,0,0,0,0,0,0,0,0,0,0,0,0,0,0,0,0,0,0,0,0,0,0,0,0,0,0,0,0,0,0,0,0,0,0,0,0,0,0,0,0,0,0,0,0,0,0,0,0
0,0,0,0,0,0,0,0,0,0,0,0,0,0,0,0,0,0,0,0,0,0,0,0,0,0.4501099780043832,0,0,0,0,0,0,0,0,0,0,0,0,0,0,0,0,0,0,0,0.48250349930012054,0,0,0,0,0,0,0,0,0,0,0,0,0,0,0,0,0,0,0,0,0,0,0,0,0,0,0,0,0,0,0,0,0,0,0,0,0,0,0,0,0,0,0,0,0,0,0,0,0,0,0,0,0,0,0,0,0,0,0,0,0,0,0,0,0,0,0,0,0,0,0,0,0,0,0,0,0,0,0,0,0,0,0,0,0,0,0,0,0,0,0,0,0,0,0,0,0,0,0,0,0,0,0,0,0,0,0,0,0,0,0,0,0,0,0,0,0,0,0,0,0
0,0,0,0,0,0,0,0,0,0,0,0,0,0,0,0,0,0,0,0,0,0,0,0,0,0,0,0,0,0,0,0,0,0,0,0,0,0,0,0,0,0,0,0,0,0,0,0,0,0,0,0,0,0,0,0,0,0,0,0,0,0,0,0,0,0,0,0,0,0,0,0,0,0,0,0,0,0,0,0,0,0,0,0,0,0,0,0,0,0,0,0,0,0,0,0,0,0,0,0,0,0,0,0,0,0,0,0,0,0,0,0,0,0,0,0,0,0,0,0,0,0,0,0,0,0,0,0,0,0,0,0,0,0,0,0,0,0,0,0,0,0,0,0,0,0,0,0,0,0,0,0,0,0,0,0,0,0,0,0,0,0,0,0,0,0,0
0,0,0,0,0,0,0,0,0,0,0,0,0,0,0,0,0,0,0,0,0,0,0,0,0,0,0,0,0,0,0,0,0,0,0,0,0,0,0,0,0,0,0,0,0,0,0,0,0,0,0,0,0,0,0,0,0,0,0,0,0,0,0,0,0,0,0,0,0,0,0,0,0,0,0,0,0,0,0,0,0,0,0,0,0,0,0,0,0,0,0,0,0,0,0,0,0,0,0,0,0,0,0,0,0,0,0,0,0,0,0,0,0,0,0,0,0,0,0,0,0,0,0,0,0,0,0,0,0,0,0,0,0,0,0,0,0,0,0,0,0,0,0,0,0,0,0,0,0,0,0,0,0,0,0,0,0,0,0,0,0,0,0,0,0,0,0
0,0,0,0,0,0,0,0,0,0,0,0,0,0,0,0,0,0,0,0,0,0,0,0,0,0,0,0,0,0,0,0,0,0,0,0,0,0,0,0,0,0,0,0,0,0,0,0,0.04659068186362714,0,0,5.998800239952009e-4,0.015996800639872,0.07638472305538915,0,0.002199560087982403,0,0,0.1607678464307167,0,0.1607678464307167,0,0.1607678464307167,0.1607678464307167,0.1607678464307167,0,0,0,0,0,0,0.1607678464307167,0,0.1607678464307167,0,0,0,0,0,0,0,0,0,0,0,0,0,0,0,0,0,0,0,0,0,0,0,0,0,0,0,0,0,0,0,0,0,0,0,0,0,0,0,0,0,0,0,0,0,0,0,0,0,0,0,0,0,0,0,0,0,0,0,0,0,0,0,0,0,0,0,0,0,0,0,0,0,0,0,0,0,0,0,0,0,0,0,0,0,0,0,0,0,0,0,0,0
0,0,0,0,0,0,0,0,0,0,0,0,0,0,0,0,0,0,0.002199560087982403,0.002599480103979204,7.998400319936012e-4,1.999600079984003e-4,0.006398720255948813,0.0037992401519696068,0.0049990001999600095,0.003999200159968007,0.006998600279944014,0.007798440311937616,0.001399720055988802,0.009398120375924813,1.999600079984003e-4,0.0019996000799840027,0.009998000399920012,0.009998000399920012,0.008598280343931215,0.001399720055988802,0.006198760247950412,0.009398120375924813,0.009198160367926414,0.009798040391921612,9.998000399920016e-4,0,0.009998000399920012,0.0037992401519696068,0.004799040191961609,0.004799040191961609,0.009998000399920012,0.0017996400719856025,3.999200159968006e-4,0.003399320135972806,5.998800239952009e-4,0,0,0,0.00539892021595681,0,0.0035992801439712063,0,0,0.0037992401519696068,0,0,0.007798440311937616,0,0,0.0011997600479904018,0,0,9.998000399920016e-4,0,0,0,0,7.998400319936012e-4,0,0,0,0.009998000399920012,0,0,0,0,0,0,0,0,0,0.005998800239952012,0.009598080383923213,0.006398720255948813,0.009998000399920012,9.998000399920016e-4,0,0.005598880223955211,7.998400319936012e-4,0.0017996400719856025,0.00519896020795841,0.009998000399920012,0,0.004799040191961609,0.002199560087982403,0.002999400119976005,0.0035992801439712063,3.999200159968006e-4,0.008198360327934416,0.0015996800639872023,0.008198360327934416,3.999200159968006e-4,0.009198160367926414,0.009598080383923213,0,0,0,0,0.009998000399920012,0,0,0,0,0,0,0.009998000399920012,0,0,0,0,9.998000399920016e-4,0,0.009998000399920012,0.0049990001999600095,0.0015996800639872023,0,0,0.0019996000799840027,0.004199160167966408,0,7.998400319936012e-4,0,0,0.008998200359928014,0,0,0,0,0,0,0,0,0,0,0,0.0037992401519696068,0.009998000399920012,0,0.0049990001999600095,7.998400319936012e-4,0.008998200359928014,0,0.004799040191961609,0,0,0.005798840231953611,0.009998000399920012,0.006598680263947213,0.009998000399920012,0,0
0,0,0,0,0,0,0,0,0,0,0,0,0,0,0,0,0,0,0,0,0,0,0,0,0,0,0,0,0,0,0,0,0,0,0,0,0,0,0,0,0,0,0,0,0,0,0,0,0,0,0,0,0,0,0,0,0,0.5790841831633375,0,0,0,0.5790841831633375,0,0,0,0,0.5790841831633375,0.5790841831633375,0,0,0,0,0.5790841831633375,0,0,0,0,0,0,0,0,0,0,0,0,0,0,0,0,0,0,0,0,0,0,0,0,0,0,0,0,0,0,0,0,0,0,0,0,0,0.23275344931014305,0.5790841831633375,0.5790841831633375,0.5790841831633375,0,0.5790841831633375,0.3463307338532246,0.5790841831633375,0.5790841831633375,0.5790841831633375,0.5790841831633375,0,0.5790841831633375,0,0.5790841831633375,0,0,0,0,0,0,0,0,0,0,0,0,0,0,0,0,0,0,0,0,0,0,0,0,0,0,0,0,0,0,0,0,0,0,0,0,0,0,0,0,0,0
0,0,0,0,0,0,0,0,0,0,0,0,0,0,0,0,0,0,0,0,0,0,0,0,0,0,0,0,0,0,0,0,0,0,0,0,0,0,0,0,0,0,0,0,0,0,0,0,0.06778644271145767,0,0,0.0027994401119776045,0.029194161167766373,0.11977604479104337,0,0.001399720055988802,0,0,0.22955408918216855,0,0.22955408918216855,0,0.22955408918216855,0.22955408918216855,0.22955408918216855,0,0,0,0.22955408918216855,0,0,0,0,0.22955408918216855,0,0,0,0,0,0,0,0,0,0,0,0,0,0,0,0,0,0,0,0,0,0,0,0,0,0,0,0,0,0,0,0,0,0,0,0,0,0,0,0,0,0,0,0,0,0,0,0,0,0,0,0,0,0,0,0,0,0,0,0,0,0,0,0,0,0,0,0,0,0,0,0,0,0,0,0,0,0,0,0,0,0,0,0,0,0,0,0,0,0,0,0,0
0,0,0,0,0,0,0,0,0,0,0,0,0,0,0,0,0,0,0,0,0,0,0,0,0,0,0,0,0,0,0,0,0,0,0,0,0,0,0,0,0,0,0,0,0,0,0,0,0,0,0,0,0,0,0,0,0,0,0,0,0,0,0,0,0,0,0,0,0,0,0,0,0,0,0,0,0,0,0,0,0,0,0,0,0,0,0,0,0,0,0,0,0,0,0,0,0,0,0,0,0,0,0,0,0,0,0,0,0,0,0,0,0,0,0,0,0,0,0,0,0,0,0,0,0,0,0,0,0,0,0,0,0,0,0,0,0,0,0,0,0,0,0,0,0,0,0,0,0,0,0,0,0,0,0,0,0,0,0,0,0,0,0,0,0,0,0
0,0,0,0,0,0,0,0,0,0,0,0,0,0,0,0,0,0,0,0,0,0,0,0,0,0,0,0,0,0,0,0,0,0,0,0,0,0,0,0,0,0,0,0,0,0,0,0,0.04019196160767835,0,0,0.0031993601279744054,0.020195960807838392,0.07898420315936844,0,0.005598880223955211,0,0,0.15516896620676132,0,0.15516896620676132,0,0.15516896620676132,0.15516896620676132,0.15516896620676132,0,0,0,0.15516896620676132,0,0,0.15516896620676132,0,0,0,0,0,0,0,0,0,0,0,0,0,0,0,0,0,0,0,0,0,0,0,0,0,0,0,0,0,0,0,0,0,0,0,0,0,0,0,0,0,0,0,0,0,0,0,0,0,0,0,0,0,0,0,0,0,0,0,0,0,0,0,0,0,0,0,0,0,0,0,0,0,0,0,0,0,0,0,0,0,0,0,0,0,0,0,0,0,0,0,0,0,0,0
3.999200159968006e-4,0,0,0,3.999200159968006e-4,0,0,0,0,0.0015996800639872023,0,0,0,0,0,0,0,0,0,0,0,0,0,0,0,0,0,0,0,0,0,0,0,0,0,0,0,0,0,0,0,0,0,0,0,0,0,0,0,0,0,0,0,0,0,0,0,0,0,0,0,0,0,0,0,0,0,0,0,0,0,0,0,0,0,0.14917016596680913,0.29014197160568017,0,0.023595280943811185,0.19176164767046971,0,0.29014197160568017,0.2037592481503741,0.14097180563887446,0.287942411517698,0.29014197160568017,0.29014197160568017,0,0,0,0,0,0,0,0,0,0,0,0,0,0,0,0,0,0,0,0,0,0,0,0,0,0,0,0,0,0,0,0,0,0,0,0,0,0,0,0,0,0,0,0,0,0,0,0,0,0,0,0,0,0,0,0,0,0,0,0,0,0,0,0,0,0,0,0,0,0,0,0,0,0,0,0,0,0,0,0
0,0,0,0,0,0,0,0,0,0,0,0,0,0,0,0,0,0,0,0,0,0,0,0,0,0,0,0,0,0,0,0,0,0,0,0,0,0,0,0,0,0,0,0,0,0,0,0,0,0,0,0,0,0,0,0,0,0,0,0,0,0,0,0,0,0,0,0,0,0,0,0,0,0,0,0,0,0,0,0,0,0,0,0.49650069986000706,0,0,0,0,0,0,0,0,0,0,0,0,0,0,0,0,0,0,0,0,0,0,0,0,0,0,0,0,0,0,0,0,0,0,0,0,0,0,0,0,0,0,0,0,0,0,0,0,0,0,0,0,0,0,0,0,0,0,0,0,0,0,0,0,0,0,0,0,0,0,0,0,0,0,0,0,0,0,0,0,0,0,0
0,0,0,0,0,0,0,0,0,0,0,0,0,0,0,0,0,0,0,0,0,0,0,0,0,0,0,0,0,0,0,0,0,0,0,0,0,0,0,0,0,0,0,0,0,0,0,0,0,0,0,0,0,0,0,0,0,0,0,0,0,0,0,0,0,0,0,0,0,0,0,0,0,0,0.05338932213557272,0.024195160967806384,0,0,0.005598880223955211,0.033193361327734365,0,0.05338932213557272,0.02559488102379518,0.029194161167766373,0.05338932213557272,0.05338932213557272,0.05338932213557272,0,0,0,0,0,0,0,0,0,0,0,0,0,0,0,0,0,0,0,0,0,0,0,0,0,0,0,0,0,0,0,0,0,0,0,0,0,0,0,0,0,0,0,0,0,0,0,0,0,0,0,0,0,0,0,0,0,0,0,0,0,0,0,0,0,0,0,0,0,0,0,0,0,0,0,0,0,0,0,0
0,0,0,0,0,0,0,0,0,0,0,0,0,0,0,0,0,0,0,0,0,0,0,0,0,0,0,0,0,0,0,0,0,0,0,0,0,0,0,0,0,0,0,0,0,0,0,0,0,0,0,0,0,0,0,0,0,0,0,0,0,0,0,0,0,0,0,0,0,0,0,0,0,0,0,0,0,0,0,0,0,0,0,0,0,0,0,0,0,0,0,0,0,0,0,0,0,0,0,0,0,0,0,0,0,0,0,0,0,0,0,0,0,0,0,0,0,0,0,0,0,0,0,0,0,0,0,0,0,0,0,0,0,0,0,0,0,0,0,0,0,0,0,0,0,0,0,0,0,0,0,0,0,0,0,0,0,0,0,0,0,0,0,0,0,0,0
0,0,0,0,0,0,0,0,0,0,0,0,0,0,0,0,0,0,0,0,0,0,0,0,0,0,0,0,0,0,0,0,0,0,0,0,0,0,0,0,0,0,0,0,0,0,0,0,0,0,0,0,0,0,0,0,0,0,0,0,0,0,0,0,0,0,0,0,0,0,0,0,0,0,0.11077784443111507,0.006598680263947213,0.04159168166366715,0,0,0.05318936212757432,0.28674265146970773,0.037792441511697555,0.10017996400719953,0.0153969206158768,0.025194961007798382,0.029794041191761572,0.032593481303739166,0,0,0,0,0,0,0,0,0,0,0,0,0,0,0,0,0,0,0,0,0,0,0,0,0,0,0,0,0,0,0,0,0,0,0,0,0,0,0,0,0,0,0,0,0,0,0,0,0,0,0,0,0,0,0,0,0,0,0,0,0,0,0,0,0,0,0,0,0,0,0,0,0,0,0,0,0,0,0,0
0,0,0,0,0,0,0,0,0,9.998000399920016e-4,0,0,0,0,7.998400319936012e-4,0,0,0,0,0,0,0,0,0,0,0,0,0,0,0,0,0,0,0,0,0,0,0,0,0,0,0,0,0,0,0,0,0,0,0,0,0,0,0,0,0,0,0,0,0,0,0,0,0,0,0,0,0,0,0,0,0,0,0,0.12597480503899397,0.06638672265546883,0.12597480503899397,0,0.005798840231953611,0,0,0.12597480503899397,0.35512897420515327,0.05958808238352311,0.1239752049590099,0.12597480503899397,0.12597480503899397,0,0,0,0,0,0,0,0,0,0,0,0,0,0,0,0,0,0,0,0,0,0,0,0,0,0,0,0,0,0,0,0,0,0,0,0,0,0,0,0,0,0,0,0,0,0,0,0,0,0,0,0,0,0,0,0,0,0,0,0,0,0,0,0,0,0,0,0,0,0,0,0,0,0,0,0,0,0,0,0
0,0,0,0,0,0,0,0,0,0,0,0,0,0,0,0,0,0,0,0,0,0,0,0,0,0,0,0,0,0,0,0,0,0,0,0,0,0,0,0,0,0,0,0,0,0,0,0,0,0,0,0,0,0,0,0,0,0,0,0,0,0,0,0,0,0,0,0,0,0,0,0,0,0,0.19856028794241554,0.0011997600479904018,0.032593481303739166,0,0.6128774245150636,0.08498300339932063,0,0.08618276344731107,0.1485702859428139,0,0.012597480503899207,0.05578884223155352,0.042791441711657545,0,0,0,0,0,0,0,0,0,0,0,0,0,0,0,0,0,0,0,0,0,0,0,0,0,0,0,0,0,0,0,0,0,0,0,0,0,0,0,0,0,0,0,0,0,0,0,0,0,0,0,0,0,0,0,0,0,0,0,0,0,0,0,0,0,0,0,0,0,0,0,0,0,0,0,0,0,0,0,0
0,0,0,0,0,0,0,0,0,0.0011997600479904018,0,0,0,0,0,0,0,0,0,0,0,0,0,0,0,0,0,0,0,0,0,0,0,0,0,0,0,0,0,0,0,0,0,0,0,0,0,0,0,0,0,0,0,0,0,0,0,0,0,0,0,0,0,0,0,0,0,0,0,0,0,0,0,0,0.10257948410318041,0.04479104179164154,0.10257948410318041,0,0.02159568086382719,0.08538292341531745,0,0,0.042991401719655944,0.05778844231153751,0.10137972405518997,0.10257948410318041,0.10257948410318041,0,0,0,0,0,0,0,0,0,0,0,0,0,0,0,0,0,0,0,0,0,0,0,0,0,0,0,0,0,0,0,0,0,0,0,0,0,0,0,0,0,0,0,0,0,0,0,0,0,0,0,0,0,0,0,0,0,0,0,0,0,0,0,0,0,0,0,0,0,0,0,0,0,0,0,0,0,0,0,0
0.0011997600479904018,0,0,0,0,0,0,0,0,0.0027994401119776045,0,0,0,0,0,0,0,0,0,0,0,0,0,0,0,0,0,0,0,0,0,0,0,0,0,0,0,0,0,0,0,0,0,0,0,0,0,0,0,0,0,0,0,0,0,0,0,0,0,0,0,0,0,0,0,0,0,0,0,0,0,0,0,0,0.2405518896220809,0.10597880423915332,0.2405518896220809,0,0.010197960407918412,0.46450709858026645,0,0.2405518896220809,0,0.13457308538292545,0.2369526094781096,0.2405518896220809,0.2405518896220809,0,0,0,0,0,0,0,0,0,0,0,0,0,0,0,0,0,0,0,0,0,0,0,0,0,0,0,0,0,0,0,0,0,0,0,0,0,0,0,0,0,0,0,0,0,0,0,0,0,0,0,0,0,0,0,0,0,0,0,0,0,0,0,0,0,0,0,0,0,0,0,0,0,0,0,0,0,0,0,0
0,0,0,0,0,0,0,0,0,0,0,0,0,0,0,0,0,0,0,0,0,0,0,0,0,0,0,0,0,0,0,0,0,0,0,0,0,0,0,0,0,0,0,0,0,0,0,0,0,0,0,0,0,0,0,0,0,0,0,0,0,0,0,0,0,0,0,0,0,0,0,0,0,0,7.998400319936012e-4,0.5034993001399504,7.998400319936012e-4,0,0,7.998400319936012e-4,0,7.998400319936012e-4,7.998400319936012e-4,0,7.998400319936012e-4,7.998400319936012e-4,7.998400319936012e-4,0,0,0,0,0,0,0,0,0,0,0,0,0,0,0,0,0,0,0,0,0,0,0,0,0,0,0,0,0,0,0,0,0,0,0,0,0,0,0,0,0,0,0,0,0,0,0,0,0,0,0,0,0,0,0,0,0,0,0,0,0,0,0,0,0,0,0,0,0,0,0,0,0,0,0,0,0,0,0,0
0.7544491101779157,0.9722055588881502,0.9678064387121859,0.9720055988801518,0.5494901019795775,0.35832833433312733,0.5108978204358904,0.6302739452109225,0.5984803039391803,0.8578284343130775,0.49950009997998274,0.4727054589082,0.5246950609877785,0.3425314937012554,0.893421315736789,0.6400719856028431,0.6858628274344718,0,0,0,0,0,0,0,0,0,0,0,0,0,0,0,0,0,0,0,0,0,0,0,0,0,0,0,0,0,0,0,0,0,0,0,0,0,0,0,0,0,0,0,0,0,0,0,0,0,0,0,0,0,0,0,0,0,0.0153969206158768,0.0153969206158768,0.0153969206158768,0,0,0,0,0.0153969206158768,0.0153969206158768,0,0,0.0153969206158768,0.0153969206158768,0,0,0,0,0,0,0,0,0,0,0,0,0,0,0,0,0,0,0,0,0,0,0,0,0,0,0,0,0,0,0,0,0,0,0,0,0,0,0,0,0.013997200559888004,0,0,0,0.3981203759248047,0,0,0,0,0,0,0,0,0,0,0.009398120375924813,0,0,0,0,0,0,0,0,0,0,0,0,0,0,0,0,0,0,0,0,0,0,0,0.006398720255948813
0,0,0,0,0,0,0,0,0,0,0,0,0,0,0,0,0,0,0,0,0,0,0,0,0,0,0,0,0,0,0,0,0,0,0,0,0,0,0,0,0,0,0,0,0,0,0,0,0,0,0,0,0,0,0,0,0,0,0,0,0,0,0,0,0,0,0,0,0,0,0,0,0,0,0.06418716256748636,0.042391521695660746,0.06418716256748636,0,0.018196360727854397,0.038592281543691154,0,0.06418716256748636,0.033593281343731164,0.02179564087182559,0.06418716256748636,0,0.06418716256748636,0,0,0,0,0,0,0,0,0,0,0,0,0,0,0,0,0,0,0,0,0,0,0,0,0,0,0,0,0,0,0,0,0,0,0,0,0,0,0,0,0,0,0,0,0,0,0,0,0,0,0,0,0,0,0,0,0,0,0,0,0,0,0,0,0,0,0,0,0,0,0,0,0,0,0,0,0,0,0,0
7.998400319936012e-4,0,0,0,0,0,0,0,7.998400319936012e-4,0,0,0,0,0,0,0,0,0,0,0,0,0,0,0,0,0,0,0,0,0,0,0,0,0,0,0,0,0,0,0,0,0,0,0,0,0,0,0,0,0,0,0,0,0,0,0,0,0,0,0,0,0,0,0,0,0,0,0,0,0,0,0,0,0,0.052989402119575923,0.02639472105578878,0.052989402119575923,0,0,0.025194961007798382,0,0.052989402119575923,0.04519096180763834,0.02659468106378718,0.052189562087582325,0.052989402119575923,0,0,0,0,0,0,0,0,0,0,0,0,0,0,0,0,0,0,0,0,0,0,0,0,0,0,0,0,0,0,0,0,0,0,0,0,0,0,0,0,0,0,0,0,0,0,0,0,0,0,0,0,0,0,0,0,0,0,0,0,0,0,0,0,0,0,0,0,0,0,0,0,0,0,0,0,0,0,0,0,0
0,0,0,0,0,0,0,0,0,0,0,0,0,0,0,0,0,0,0,0,0,0,0,0,0,0,0,0,0,0,0,0,0,0,0,0,0,0,0,0,0,0,0,0,0,0,0,0,0,0,0,0,0,0,0,0,0,0,0,0,0,0,0,0,0,0,0,0,0,0,0,0,0,0,0,0,0,0,0,0,0,0,0,0,0,0,0,0,0,0,0,0,0,0,0.2579484103179412,0,0,0,0,0,0.2587482503499347,0,0,0,0,0,0,0,0,0,0,0,0,0,0,0,0,0,0,0,0,0,0,0,0,0,0.2587482503499347,0,0,0,0,0,0,0,0,0,0,0,0,0,0,0,0,0,0,0,0,0,0,0,0,0,0,0,0,0,0,0,0,0,0,0,0,0,0,0,0
0,0,0,0,0,0,0,0,0,0,0,0,0,0,0,0,0,0,0,0,0,0,0,0,0,0,0,0,0,0,0,0,0,0,0,0,0,0,0,0,0,0,0,0,0,0,0,0,0,0,0,0,0,0,0,0,0,0,0,0,0,0,0,0,0,0,0,0,0,0,0,0,0,0,0,0,0,0,0,0,0,0,0,0,0,0,0,0,0,0,0,0,0,0,0,0,0,0,0,0,0,0,0,0,0.09958008398320431,0,0,0,0.09958008398320431,0,0,0,0,0,0,0,0,0,0,0,0,0,0,0,0,0,0,0,0,0,0,0,0,0,0,0,0,0,0,0,0,0,0,0,0,0,0,0,0,0,0,0,0,0,0,0,0,0,0,0,0,0,0,0,0,0,0
0,0,0,0,0,0,0,0,0,0,0,0,0,0,0,0,0,0,0,0,0,0,0,0,0,0,0,0,0,0,0,0,0,0,0,0,0,0,0,0,0,0,0,0,0,0,0,0,0,0,0,0,0,0,0,0,0,0,0,0,0,0,0,0,0,0,0,0,0,0,0,0,0,0,0,0,0,0,0,0,0,0,0,0,0,0,0,0,0,0,0,0,0,0,0,0,0,0,0,0,0,0,0.9820035992800707,0,0,0,0,0,0,0,0,0,0,0,0,0,0,0,0,0,0,0,0,0,0,0,0,0,0,0,0,0,0,0,0,0,0,0,0,0.08558288342331585,0,0,0,0,0,0,0,0,0,0,0,0,0,0,0,0,0.08418316336732701,0,0,0,0,0,0,0,0,0,0
0,0,0,0,0,0,0,0,0,0,0,0,0,0,0,0,0,0,0,0,0,0,0,0,0,0,0,0,0,0,0,0,0,0,0,0,0,0,0,0,0,0,0,0,0,0,0,0,0,0,0,0,0,0,0,0,0,0,0,0,0,0,0,0,0,0,0,0,0,0,0,0,0,0,0,0,0,0,0,0,0,0,0,0,0,0,0,0,0,0,0,0,0,0,0,0,0,0,0,0,0,0,0,0,0,0,0,0,0,0,0,0,0,0,0,0,0,0,0,0,0,0,0,0,0,0,0,0,0,0,0,0,0,0,0,0,0,0,0,0,0,0,0,0,0,0,0,0,0,0,0,0,0,0,0,0,0,0,0,0,0,0,0,0,0,0,0
0,0,0,0,0,0,0,0,0,0,0,0,0,0,0,0,0,0,0,0,0,0,0,0,0,0,0,0,0,0,0,0,0,0,0,0,0,0,0,0,0,0,0,0,0,0,0,0,0,0,0,0,0,0,0,0,0,0,0,0,0,0,0,0,0,0,0,0,0,0,0,0,0,0,0,0,0,0,0,0,0,0,0,0,0,0,0,0,0,0,0,0,0,0.20835832833433746,0,0,0,0,0,0,0,0.2309538092381574,0,0.20835832833433746,0,0,0,0,0,0,0,0,0,0,0,0,0,0,0,0,0,0,0,0,0,0,0,0,0,0,0,0,0,0,0,0,0,0,0,0,0,0,0,0,0,0,0,0,0,0,0,0,0,0,0,0,0,0,0,0,0,0,0,0,0,0,0
0,0,0,0,0,0,0,0,0,0,0,0,0,0,0,0,0,0,0,0,0,0,0,0,0,0,0,0,0,0,0,0,0,0,0,0,0,0,0,0,0,0,0,0,0,0,0,0,0,0,0,0,0,0,0,0,0,0,0,0,0,0,0,0,0,0,0,0,0,0,0,0,0,0,0,0,0,0,0,0,0,0,0,0,0,0,0,0,0,0,0,0,0,0,0,0,0,0,0.013797240551889604,0,0,0,0,0,0,0,0,0,0,0,0,0,0,0,0,0,0,0,0,0,0,0,0,0,0,0.013797240551889604,0,0,0,0,0,0,0,0,0,0.007398520295940815,0,0,0,0,0.007398520295940815,0,0,0.007398520295940815,0,0,0,0.007398520295940815,0.007398520295940815,0.007398520295940815,0,0,0,0,0,0,0,0.007398520295940815,0,0,0.007398520295940815,0,0,0,0,0,0
0,0,0,0,0,0,0,0,0,0,0,0,0,0,0,0,0,0,0,0,0,0,0,0,0,0,0,0,0,0,0,0,0,0,0,0,0,0,0,0,0,0,0,0,0,0,0,0,0,0,0,0,0,0,0,0,0,0,0,0,0,0,0,0,0,0,0,0,0,0,0,0,0,0,0,0,0,0,0,0,0,0,0,0,0,0,0,0,0,0,0,0.25454909018196875,0,0,0,0,0,0,0,0,0,0.25554889022196065,0,0.2769446110777872,0,0,0,0,0,0,0,0,0,0,0,0,0,0,0,0,0,0,0,0,0,0,0,0,0,0,0,0,0,0,0,0,0,0,0,0,0,0,0,0,0,0,0,0,0,0,0,0,0,0,0,0,0,0,0,0,0,0,0,0,0,0,0
0,0,0,0,0,0,0,0,0,0,0,0,0,0,0,0,0,0,0,0,0,0,0,0,0,0,0,0,0,0,0,0,0,0,0,0,0,0,0,0,0,0,0,0,0,0,0,0,0,0,0,0,0,0,0,0,0,0,0,0,0,0,0,0,0,0,0,0,0,0,0,0,0,0,0,0,0,0,0,0,0,0,0,0,0,0,0,0.24395120975805382,0,0,0,0,0,0,0,0,0,0,0,0,0.24395120975805382,0,0,0,0,0,0,0,0,0,0,0,0,0,0,0,0,0,0,0,0,0,0,0,0,0,0.24395120975805382,0,0,0,0,0,0,0,0,0,0,0,0,0,0,0,0,0,0,0,0,0,0,0,0,0,0,0,0,0,0,0,0,0,0,0,0,0,0,0,0
0,0,0,0,0,0,0,0,0,0,0,0,0,0,0,0,0,0,0,0,0,0,0,0,0,0,0,0,0,0,0,0,0,0,0,0,0,0,0,0,0,0,0,0,0,0,0,0,0,0,0,0,0,0,0,0,0,0,0,0,0,0,0,0,0,0,0,0,0,0,0,0,0,0,0,0,0,0,0,0,0,0,0,0,0,0,0,0,0,0,0,0,0,0,0,0,0,0,0,0,0,0,0,0,0,0.2033593281343773,0.2033593281343773,0,0,0,0,0,0,0,0,0,0,0,0,0,0,0,0,0,0,0,0,0,0,0,0,0,0,0,0,0,0,0,0,0,0,0,0,0,0,0,0,0,0,0,0,0,0,0,0,0,0,0,0,0,0,0,0,0,0,0,0
0,0,0,0,0,0,0,0,0,0,0,0,0,0,0,0,0,0,0,0,0,0,0,0,0,0,0,0,0,0,0,0,0,0,0,0,0,0,0,0,0,0,0,0,0,0,0,0,0,0,0,0,0,0,0,0,0,0,0,0,0,0,0,0,0,0,0,0,0,0,0,0,0,0,0,0,0,0,0,0,0,0,0,0,0,0,0,0,0,0,0,0,0,0,0,0,0,0,0,0.5336932613477056,0,0,0,0,0,0,0,0,0,0,0,0,0,0,0,0,0,0,0,0,0,0,0,0,0,0,0,0,0,0,0,0,0,0,0,0,0,0,0,0,0,0,0,0,0,0,0,0,0,0,0,0,0,0,0,0,0,0,0,0,0,0,0,0,0,0,0
0,0,0,0,0,0,0,0,0,0,0,0,0,0,0,0,0,0,0,0,0,0,0,0,0,0,0,0,0,0,0,0,0,0,0,0,0,0,0,0,0,0,0,0,0,0,0,0,0,0,0,0,0,0,0,0,0,0,0,0,0,0,0,0,0,0,0,0,0,0,0,0,0,0,0,0,0,0,0,0,0,0,0,0,0,0,0,0,0,0,0,0,0,0,0,0,0,0,0,0,0,0,0,0,0,0,0,0,0,0,0,0,0,0,0,0,0,0,0,0,0,0,0,0,0,0,0,0,0,0,0,0,0,0,0,0,0,0,0,0,0,0,0,0,0,0,0,0,0,0,0,0,0,0,0,0,0,0,0,0,0,0,0,0,0,0,0
0,0,0,0,0,0,0,0,0,0,0,0,0,0,0,0,0,0,0,0,0,0,0,0,0,0,0,0,0,0,0,0,0,0,0,0,0,0,0,0,0,0,0,0,0,0,0,0,0,0,0,0,0,0,0,0,0,0,0,0,0,0,0,0,0,0,0,0,0,0,0,0,0,0,0,0,0,0,0,0,0,0,0,0,0,0,0,0,0,0,0,0,0.07078584283143377,0,0,0,0,0,0,0,0,0,0,0,0,0,0,0,0,0,0,0,0,0,0,0,0,0,0,0,0,0,0,0,0,0.07078584283143377,0,0,0,0,0,0,0,0,0,0.04119176164767035,0,0,0,0,0.04119176164767035,0,0,0.04119176164767035,0,0,0,0.04119176164767035,0.04119176164767035,0.04119176164767035,0,0,0,0,0,0,0,0.04119176164767035,0,0,0.04119176164767035,0,0,0,0,0,0
0,0,0,0,0,0,0,0,0,0,0,0,0,0,0,0,0,0,0,0,0,0,0,0,0,0,0,0,0,0,0,0,0,0,0,0,0,0,0,0,0,0,0,0,0,0,0,0,0,0,0,0,0,0,0,0,0,0,0,0,0,0,0,0,0,0,0,0,0,0,0,0,0,0,0,0,0,0,0,0,0,0,0,0,0,0,0,0,0,0,0,0,0,0,0,0,0.4659068186362551,0,0,0,0,0,0,0,0,0,0,0,0,0,0,0,0,0,0,0,0,0,0,0,0,0,0,0,0,0,0,0,0,0,0,0,0,0,0,0,0,0,0,0,0,0,0,0,0,0,0,0,0,0,0,0,0,0,0,0,0,0,0,0,0,0,0,0,0,0,0
0,0,0,0,0,0,0,0,0,0,0,0,0,0,0,0,0,0,0,0,0,0,0,0,0,0,0,0,0,0,0,0,0,0,0,0,0,0,0,0,0,0,0,0,0,0,0,0,0,0,0,0,0,0,0,0,0,0,0,0,0,0,0,0,0,0,0,0,0,0,0,0,0,0,0,0,0,0,0,0,0,0,0,0,0,0,0,0.23375324935013508,0,0,0,0,0,0,0.24175164967007134,0,0,0,0,0,0,0,0,0,0,0,0,0,0,0,0,0,0,0,0,0,0,0,0,0,0,0,0,0,0,0,0.2339532093581335,0,0,0,0,0,0,0,0,0,0,0,0,0,0,0,0,0,0,0,0,0,0,0,0,0,0,0,0,0,0,0,0,0,0,0,0,0,0,0,0
0,0,0,0,0,0,0,0,0,0,0,0,0,0,0,0,0,0,0,0,0,0,0,0,0,0,0,0,0,0,0,0,0,0,0,0,0,0,0,0,0,0,0,0,0,0,0,0,0,0,0,0,0,0,0,0,0,0,0,0,0,0,0,0,0,0,0,0,0,0,0,0,0,0,0,0,0,0,0,0,0,0,0,0,0,0,0,0,0,0,0,0.25254949010198496,0,0.22915416916617173,0,0,0,0,0,0,0,0,0,0.22915416916617173,0,0,0,0,0,0,0,0,0,0,0,0,0,0,0,0,0,0,0,0,0,0,0,0,0,0,0,0,0,0,0,0,0,0,0,0,0,0,0,0,0,0,0,0,0,0,0,0,0,0,0,0,0,0,0,0,0,0,0,0,0,0,0
0,0,0,0,0,0,0,0,0,0,0,0,0,0,0,0,0,0,0,0,0,0,0,0,0,0,0,0,0,0,0,0,0,0,0,0,0,0,0,0,0,0,0,0,0,0,0,0,0,0,0,0,0,0,0,0,0,0,0,0,0,0,0,0,0,0,0,0,0,0,0,0,0,0,0,0,0,0,0,0,0,0,0,0,0,0,0,0,0,0.017996400719855997,0,0,0,0,0,0,0,0,0,0,0,0,0,0,0,0,0,0,0,0,0,0,0,0,0,0,0,0,0,0,0,0,0,0,0,0,0,0,0,0,0,0,0,0,0,0,0,0,0,0.0019996000799840027,0,0,0,0,0,0,0,0,0,0,0,0,0,0,0,0,0.0019996000799840027,0,0,0,0,0,0,0,0,0,0
0,0,0,0,0,0,0,0,0,0,0,0,0,0,0,0,0,0,0,0,0,0,0,0,0,0,0,0,0,0,0,0,0,0,0,0,0,0,0,0,0,0,0,0,0,0,0,0,0,0,0,0,0,0,0,0,0,0,0,0,0,0,0,0,0,0,0,0,0,0,0,0,0,0,0,0,0,0,0,0,0,0,0,0,0,0,0,0,0,0,0,0.2523495300939866,0,0.26774645070986175,0,0,0,0,0,0,0,0.24895020995801398,0,0,0,0,0,0,0,0,0,0,0,0,0,0,0,0,0,0,0,0,0,0,0,0,0,0,0,0,0,0,0,0,0,0,0,0,0,0,0,0,0,0,0,0,0,0,0,0,0,0,0,0,0,0,0,0,0,0,0,0,0,0,0,0,0
0,0,0,0,0,0,0,0,0,0,0,0,0,0,0,0,0,0,0,0,0,0,0,0,0,0,0,0,0,0,0,0,0,0,0,0,0,0,0,0,0,0,0,0,0,0,0,0,0,0,0,0,0,0,0,0,0,0,0,0,0,0,0,0,0,0,0,0,0,0,0,0,0,0,0,0,0,0,0,0,0,0,0,0,0,0,0,0,0.12777444511097963,0,0,0,0,0,0,0,0,0,0,0,0,0,0,0,0,0,0,0,0.2777444511097807,0,0,0,0,0,0,0,0,0,0,0,0,0,0,0,0,0,0,0,0,0,0,0,0,0,0,0,0,0,0,0,0,0,0,0,0,0,0,0,0,0,0,0,0,0,0,0,0,0,0,0,0,0,0,0,0,0,0
0,0,0,0,0,0,0,0,0,0,0,0,0,0,0,0,0,0,0,0,0,0,0,0,0,0,0,0,0,0,0,0,0,0,0,0,0,0,0,0,0,0,0,0,0,0,0,0,0,0,0,0,0,0,0,0,0,0,0,0,0,0,0,0,0,0,0,0,0,0,0,0,0,0,0,0,0,0,0,0,0,0,0,0,0,0,0,0,0,0,0,0,0,0,0,0.2339532093581335,0,0,0,0,0,0,0,0,0,0,0.2339532093581335,0,0,0,0,0,0,0,0,0,0,0,0,0,0,0,0,0,0,0,0,0,0,0,0,0,0,0,0,0,0,0,0,0,0,0,0,0,0,0,0,0,0,0,0,0,0,0,0,0,0,0,0,0,0,0,0,0,0,0,0
0,0,0,0,0,0,0,0,0,0,0,0,0,0,0,0,0,0,0,0,0,0,0,0,0,0,0,0,0,0,0,0,0,0,0,0,0,0,0,0,0,0,0,0,0,0,0,0,0,0,0,0,0,0,0,0,0,0,0,0,0,0,0,0,0,0,0,0,0,0,0,0,0,0,0,0,0,0,0,0,0,0,0,0,0,0,0,0,0,0,0,0,0,0,0,0.20795840831834064,0,0,0,0,0,0,0,0,0,0.20795840831834064,0,0,0,0,0,0,0,0,0,0,0,0,0,0,0,0,0,0,0,0,0,0,0,0,0,0,0,0,0,0,0,0,0,0,0,0,0,0,0,0,0,0,0,0,0,0,0,0,0,0,0,0,0,0,0,0,0,0,0,0,0
0,0,0,0,0,0,0,0,0,0,0,0,0,0,0,0,0,0,0,0,0,0,0,0,0,0,0,0,0,0,0,0,0,0,0,0,0,0,0,0,0,0,0,0,0,0,0,0,0,0,0,0,0,0,0,0,0,0,0,0,0,0,0,0,0,0,0,0,0,0,0,0,0,0,0,0,0,0,0,0,0,0,0,0,0,0,0,0,0,0,0,0,0,0,0,0,0,0,0,0,0,0,0,0,0,0,0,0,0,0.5554889022195288,0,0,0,0,0,0,0,0,0,0,0,0,0,0,0,0,0,0,0,0,0,0,0,0,0,0,0,0,0,0,0,0,0,0,0,0,0,0,0,0,0,0,0,0,0,0,0,0,0,0,0,0,0,0,0,0,0
0,0,0,0,0,0,0,0,0,0,0,0,0,0,0,0,0,0,0,0,0,0,0,0,0,0,0,0,0,0,0,0,0,0,0,0,0,0,0,0,0,0,0,0,0,0,0,0,0,0,0,0,0,0,0,0,0,0,0,0,0,0,0,0,0,0,0,0,0,0,0,0,0,0,0,0,0,0,0,0,0,0,0,0,0,0,0,0,0.12737452509498282,0,0,0,0,0,0,0,0,0,0,0,0,0,0,0,0.36652669466106086,0,0,0,0,0,0,0,0,0,0,0,0,0,0,0,0,0,0,0,0,0,0,0,0,0,0,0,0,0,0,0,0,0,0,0,0,0,0,0,0,0,0,0,0,0,0,0,0,0,0,0,0,0,0,0,0,0,0,0,0,0,0
0,0,0,0,0,0,0,0,0,0,0,0,0,0,0,0,0,0,0,0,0,0,0,0,0,0,0,0,0,0,0,0,0,0,0,0,0,0,0,0,0,0,0,0,0,0,0,0,0,0,0,0,0,0,0,0,0,0,0,0,0,0,0,0,0,0,0,0,0,0,0,0,0,0,0,0,0,0,0,0,0,0,0,0,0,0,0,0,0,0,0,0,0,0,0,0,0,0,0,0,0,0,0,0,0,0,0,0.4445110977804286,0,0,0,0,0,0,0,0,0,0,0,0,0,0,0,0,0,0,0,0,0,0,0,0,0,0,0,0,0,0,0,0,0,0,0,0,0,0,0,0,0,0,0,0,0,0,0,0,0,0,0,0,0,0,0,0,0,0,0
0,0,0,0,0,0,0,0,0,0,0,0,0,0,0,0,0,0,0,0,0,0,0,0,0,0,0,0,0,0,0,0,0,0,0,0,0,0,0,0,0,0,0,0,0,0,0,0,0,0,0,0,0,0,0,0,0,0,0,0,0,0,0,0,0,0,0,0,0,0,0,0,0,0,0,0,0,0,0,0,0,0,0,0,0,0,0,0,0,0,0,0,0,0,0,0,0,0,0,0,0,0,0,0,0,0,0,0,0,0,0,0,0,0,0,0,0.3897220555888728,0,0,0,0,0,0,0,0,0,0,0,0,0,0,0,0,0,0,0,0,0,0,0,0,0,0,0,0,0,0,0,0,0,0,0,0,0,0,0,0,0,0,0,0,0,0,0,0,0,0
0,0,0,0,0,0,0,0,0,0,0,0,0,0,0,0,0,0,0,0,0,0,0,0,0,0,0,0,0,0,0,0,0,0,0,0,0,0,0,0,0,0,0,0,0,0,0,0,0,0,0,0,0,0,0,0,0,0,0,0,0,0,0,0,0,0,0,0,0,0,0,0,0,0,0,0,0,0,0,0,0,0,0,0,0,0,0,0,0,0,0,0,0,0,0,0,0,0,0,0,0,0,0,0,0,0,0,0,0,0,0,0,0,0,0,0,0,0,0,0,0,0,0,0,0,0,0,0,0,0,0,0,0,0,0,0,0,0,0,0,0,0,0,0,0,0,0,0,0,0,0,0,0,0,0,0,0,0,0,0,0,0,0,0,0,0,0
0,0,0,0,0,0,0,0,0,0,0,0,0,0,0,0,0,0,0,0,0,0,0,0,0,0,0,0,0,0,0,0,0,0,0,0,0,0,0,0,0,0,0,0,0,0,0,0,0,0,0,0,0,0,0,0,0,0,0,0,0,0,0,0,0,0,0,0,0,0,0,0,0,0,0,0,0,0,0,0,0,0,0,0,0,0,0,0,0,0,0,0,0,0,0,0,0,0,0,0,0,0,0,0,0,0,0,0,0,0,0,0,0,0,0,0,0,0,0,0,0,0,0,0,0,0,0,0,0,0,0,0,0,0,0,0,0,0,0,0,0,0,0,0,0,0,0,0,0,0,0,0,0,0,0,0,0,0,0,0,0,0,0,0,0,0,0
0,0,0,0,0,0,0,0,0,0,0,0,0,0,0,0,0,0,0,0,0,0,0,0,0,0,0,0,0,0,0,0,0,0,0,0,0,0,0,0,0,0,0,0,0,0,0,0,0,0,0,0,0,0,0,0,0,0,0,0,0,0,0,0,0,0,0,0,0,0,0,0,0,0,0,0,0,0,0,0,0,0,0,0,0,0,0,0,0,0,0,0,0,0,0,0,0,0,0,0,0,0,0,0,0,0,0,0,0,0,0,0,0,0,0,0,0,0,0,0,0,0,0,0,0,0,0,0,0,0,0,0,0,0,0,0,0,0,0,0,0,0,0,0,0,0,0,0,0,0,0,0,0,0,0,0,0,0,0,0,0,0,0,0,0,0,0
0,0,0,0,0,0,0,0,0,0,0,0,0,0,0,0,0,0,0,0,0,0,0,0,0,0,0,0,0,0,0,0,0,0,0,0,0,0,0,0,0,0,0,0,0,0,0,0,0,0,0,0,0,0,0,0,0,0,0,0,0,0,0,0,0,0,0,0,0,0,0,0,0,0,0,0,0,0,0,0,0,0,0,0,0,0,0,0,0,0,0,0,0,0,0,0,0,0,0,0,0,0,0,0,0,0,0,0,0,0,0,0,0,0,0,0,0,0,0,0,0,0,0,0,0,0,0,0,0,0,0,0,0,0,0,0,0,0,0,0,0,0,0,0,0,0,0,0,0,0,0,0,0,0,0,0,0,0,0,0,0,0,0,0,0,0,0
0,0,0,0,0,0,0,0,0,0,0,0,0,0,0,0,0,0,0,0,0,0,0,0,0,0,0,0,0,0,0,0,0,0,0,0,0,0,0,0,0,0,0,0,0,0,0,0,0,0,0,0,0,0,0,0,0,0,0,0,0,0,0,0,0,0,0,0,0,0,0,0,0,0,0,0,0,0,0,0,0,0,0,0,0,0,0,0,0,0,0,0,0,0,0,0,0,0,0,0,0,0,0,0,0,0,0,0,0,0,0,0,0,0,0,0,0,0,0,0,0,0,0,0,0,0,0,0,0,0,0,0,0,0,0,0,0,0,0,0,0,0,0,0,0,0,0,0,0,0,0,0,0,0,0,0,0,0,0,0,0,0,0,0,0,0,0
0,0,0,0,0,0,0,0,0,0,0,0,0,0,0,0,0,0,0,0,0,0,0,0,0,0,0,0,0,0,0,0,0,0,0,0,0,0,0,0,0,0,0,0,0,0,0,0,0,0,0,0,0,0,0,0,0,0,0,0,0,0,0,0,0,0,0,0,0,0,0,0,0,0,0,0,0,0,0,0,0,0,0,0,0,0,0,0,0,0,0,0,0,0,0,0,0,0,0,0,0,0,0,0,0,0,0,0,0,0,0.6102779444110846,0,0,0,0,0,0,0,0,0,0,0,0,0,0,0,0,0,0,0,0,0,0,0,0,0,0,0,0,0,0,0,0,0,0,0,0,0,0,0,0,0,0,0,0,0,0,0,0,0,0,0,0,0,0,0,0
0,0,0,0,0,0,0,0,0,0,0,0,0,0,0,0,0,0,0,0,0,0,0,0,0,0,0,0,0,0,0,0,0,0,0,0,0,0,0,0,0,0,0,0,0,0,0,0,0,0,0,0,0,0,0,0,0,0,0,0,0,0,0,0,0,0,0,0,0,0,0,0,0,0,0,0,0,0,0,0,0,0,0,0,0,0,0,0,0,0,0,0,0,0,0,0,0,0,0,0,0,0,0,0,0,0,0,0,0,0,0,0,0,0,0,0,0,0,0,0,0,0,0,0,0,0,0,0,0,0,0,0,0,0,0,0,0,0,0,0,0,0,0,0,0,0,0,0,0,0,0,0,0,0,0,0,0,0,0,0,0,0,0,0,0,0,0
0,0,0,0,0,0,0,0,0,0,0,0,0,0,0,0,0,0,0,0,0,0,0,0,0,0,0,0,0,0,0,0,0,0,0,0,0,0,0,0,0,0,0,0,0,0,0,0,0,0,0,0,0,0,0,0,0,0,0,0,0,0,0,0,0,0,0,0,0,0,0,0,0,0,0,0,0,0,0,0,0,0,0,0,0,0,0,0,0,0,0,0,0,0,0,0,0,0,0,0,0,0,0,0,0,0,0,0,0,0,0,0,0,0,0,0,0,0,0,0,0,0,0,0,0,0,0,0,0,0,0,0,0,0,0,0,0,0,0,0,0,0,0,0,0,0,0,0,0,0,0,0,0,0,0,0,0,0,0,0,0,0,0,0,0,0,0
0,0,0,0,0,0,0,0,0,0,0,0,0,0,0,0,0,0,0,0,0,0,0,0,0,0,0,0,0,0,0,0,0,0,0,0,0,0,0,0,0,0,0,0,0,0,0,0,0,0,0,0,0,0,0,0,0,0,0,0,0,0,0,0,0,0,0,0,0,0,0,0,0,0,0,0,0,0,0,0,0,0,0,0,0,0,0,0,0,0,0,0,0,0,0,0,0,0,0,0,0,0,0,0,0,0,0,0,0,0,0,0,0,0,0,0,0,0,0,0,0,0,0,0,0,0,0,0,0,0,0,0,0,0,0,0,0,0,0,0,0,0,0,0,0,0,0,0,0,0,0,0,0,0,0,0,0,0,0,0,0,0,0,0,0,0,0
0,0,0,0,0,0,0,0,0,0,0,0,0,0,0,0,0,0,0,0,0,0,0,0,0,0,0,0,0,0,0,0,0,0,0,0,0,0,0,0,0,0,0,0,0,0,0,0,0,0,0,0,0,0,0,0,0,0,0,0,0,0,0,0,0,0,0,0,0,0,0,0,0,0,0,0,0,0,0,0,0,0,0,0,0,0,0,0,0,0,0,0,0,0,0,0,0,0,0,0,0,0,0,0,0,0,0,0,0,0,0,0,0,0,0,0,0,0,0,0,0,0,0,0,0,0,0,0,0,0,0,0,0,0,0,0,0,0,0,0,0,0,0,0,0,0,0,0,0,0,0,0,0,0,0,0,0,0,0,0,0,0,0,0,0,0,0
0,0,0,0,0,0,0,0,0,0,0,0,0,0,0,0,0,0,0,0,0,0,0,0,0,0,0,0,0,0,0,0,0,0,0,0,0,0,0,0,0,0,0,0,0,0,0,0,0,0,0,0,0,0,0,0,0,0,0,0,0,0,0,0,0,0,0,0,0,0,0,0,0,0,0,0,0,0,0,0,0,0,0,0,0,0,0,0,0,0,0,0,0,0,0,0,0,0,0,0,0,0,0,0,0,0,0,0,0,0,0,0,0,0,0,0,0,0,0,0,0,0,0,0.9756048790241226,0,0,0,0,0,0,0,0,0,0,0,0,0,0,0,0,0,0,0,0,0,0,0,0,0,0,0,0,0,0,0,0,0,0,0,0,0,0,0,0,0,0,0
0,0,0,0,0,0,0,0,0,0,0,0,0,0,0,0,0,0,0,0,0,0,0,0,0,0,0,0,0,0,0,0,0,0,0,0,0,0,0,0,0,0,0,0,0,0,0,0,0,0,0,0,0,0,0,0,0,0,0,0,0,0,0,0,0,0,0,0,0,0,0,0,0,0,0,0,0,0,0,0,0,0,0,0,0,0,0,0,0,0,0,0,0,0,0,0,0,0,0,0,0,0,0,0,0,0,0,0,0,0,0,0,0,0,0,0,0,0,0,0,0,0,0,0,0,0,0,0,0,0,0,0,0,0,0,0,0,0,0,0,0,0,0,0,0,0,0,0,0,0,0,0,0,0,0,0,0,0,0,0,0,0,0,0,0,0,0
0,0,0,0,0,0,0,0,0,0,0,0,0,0,0,0,0,0,0,0,0,0,0,0,0,0,0,0,0,0,0,0,0,0,0,0,0,0,0,0,0,0,0,0,0,0,0,0,0,0,0,0,0,0,0,0,0,0,0,0,0,0,0,0,0,0,0,0,0,0,0,0,0,0,0,0,0,0,0,0,0,0,0,0,0,0,0,0,0,0,0,0,0,0,0,0,0,0,0,0,0,0,0,0,0,0,0,0,0,0,0,0,0,0,0,0,0,0,0,0,0,0.024395120975804784,0,0,0,0,0,0,0,0,0,0,0,0,0,0,0,0,0,0,0,0,0,0,0,0,0,0,0,0,0,0,0,0,0,0,0,0,0,0,0,0,0,0,0,0,0
0,0,0,0,0,0,0,0,0,0,0,0,0,0,0,0,0,0,0,0,0,0,0,0,0,0,0,0,0,0,0,0,0,0,0,0,0,0,0,0,0,0,0,0,0,0,0,0,0,0,0,0,0,0,0,0,0,0,0,0,0,0,0,0,0,0,0,0,0,0,0,0,0,0,0,0,0,0,0,0,0,0,0,0,0,0,0,0,0,0,0,0,0,0,0,0,0,0,0,0,0,0,0,0,0,0,0,0,0,0,0,0,0,0,0,0,0,0,0,0,0,0,0,0,0,0,0,0,0,0,0,0,0,0,0,0,0,0,0,0,0,0,0,0,0,0,0,0,0,0,0,0,0,0,0,0,0,0,0,0,0,0,0,0,0,0,0
0,0,0,0,0,0,0,0,0,0,0,0,0,0,0,0,0,0,0,0,0,0,0,0,0,0,0,0,0,0,0,0,0,0,0,0,0,0,0,0,0,0,0,0,0,0,0,0,0,0,0,0,0,0,0,0,0,0,0,0,0,0,0,0,0,0,0,0,0,0,0,0,0,0,0,0,0,0,0,0,0,0,0,0,0,0,0,0,0,0,0,0,0.13117376524695254,0,0,0,0,0,0.13117376524695254,0,0,0,0,0,0,0,0,0,0,0,0,0,0,0,0,0,0,0,0,0,0,0,0,0,0,0,0,0,0,0,0,0,0,0,0,0.08638272345530948,0,0,0,0,0.08638272345530948,0,0,0.08638272345530948,0,0,0,0.08638272345530948,0.08638272345530948,0.08638272345530948,0,0,0,0,0,0,0,0.08638272345530948,0,0,0.08638272345530948,0,0,0,0,0,0
0,0,0,0,0,0,0,0,0,0,0,0,0,0,0,0,0,0,0,0,0,0,0,0,0,0,0,0,0,0,0,0,0,0,0,0,0,0,0,0,0,0,0,0,0,0,0,0,0,0,0,0,0,0,0,0,0,0,0,0,0,0,0,0,0,0,0,0,0,0,0,0,0,0,0,0,0,0,0,0,0,0,0,0,0,0,0,0.2633473305338974,0,0,0,0,0,0,0.2561487702459558,0,0,0,0,0,0.26314737052589904,0,0,0,0,0,0,0,0,0,0,0,0,0,0,0,0,0,0,0,0,0,0,0,0,0,0,0,0,0,0,0,0,0,0,0,0,0,0,0,0,0,0,0,0,0,0,0,0,0,0,0,0,0,0,0,0,0,0,0,0,0,0,0,0,0,0
0,0,0,0,0,0,0,0,0,0,0,0,0,0,0,0,0,0,0,0,0,0,0,0,0,0,0,0,0,0,0,0,0,0,0,0,0,0.012997400519896006,0,0,0,0,0,0,9.998000399920016e-4,0,0,0,0,0,0,0,0,0,0,0,0,0,0,0,0,0,0,0,0,0,0,0,0,0,0,0,0,0,0,0,0,0,0,0,0,0,0,0,0,0,0,0,0,0,0,0,0,0,0,0,0,0,3.999200159968006e-4,0,0,0,0,0,0,0,0,0,0,0,0,0,0,0,0,0,0,0,0,0,0,0,0,0,0,0,0,0,0,0,0,0.013997200559888004,0,0,0,0.012597480503899207,0,0,0,0,0,0,0.013997200559888004,0,0,0,0,0,0,0,0,0,0,0.013997200559888004,0,0,0,0,0,0,0,0,0,0,0,0,0.013997200559888004
0,0,0,0,0,0,0,0,0,0,0,0,0,0,0,0,0,0,0,0,0,0,0,0,0,0,0,0,0,0,0,0,0,0,0,0,0,0,0,0,0,0,0,0,0,0,0,0,0,0,0,0,0,0,0,0,0,0,0,0,0,0,0,0,0,0,0,0,0,0,0,0,0,0,0,0,0,0,0,0,0,0,0,0,0,0,0,0,0,0,0,0,0,0,0,0,0,0,0,0,0,0,0,0,0,0,0,0,0,0,0,0,0,0,0,0,0,0,0,0,0,0,0,0,0,0,0,0,0,0,0,0,0,0,0,0,0,0,0,0,0,0,0,0,0,0,0,0,0,0,0,0,0,0,0,0,0,0,0,0,0,0,0,0,0,0,0
0,0,0,0,0,0,0,0,0,0,0,0,0,0,0,0,0,0,0,0,1.999600079984003e-4,0,3.999200159968006e-4,0,0.48450309938010433,0,3.999200159968006e-4,3.999200159968006e-4,3.999200159968006e-4,0,0,3.999200159968006e-4,3.999200159968006e-4,3.999200159968006e-4,0,3.999200159968006e-4,0,3.999200159968006e-4,1.999600079984003e-4,3.999200159968006e-4,0,3.999200159968006e-4,3.999200159968006e-4,0,3.999200159968006e-4,0,3.999200159968006e-4,0,0,0,3.999200159968006e-4,0,0,0,0,0,0,0,0,0,0,0,0,0,0,3.999200159968006e-4,0,0,0,3.999200159968006e-4,0,0,0,3.999200159968006e-4,0,0,0,3.999200159968006e-4,0,0,0,0,0,0,0,0,0,0,0,3.999200159968006e-4,3.999200159968006e-4,0,0,0,0,3.999200159968006e-4,3.999200159968006e-4,3.999200159968006e-4,0,0,0,3.999200159968006e-4,0,0,0,3.999200159968006e-4,3.999200159968006e-4,0,3.999200159968006e-4,3.999200159968006e-4,0,0,0,0,3.999200159968006e-4,0,0,0,0,0,0,3.999200159968006e-4,0,0,0,0,3.999200159968006e-4,0,3.999200159968006e-4,0,0,0,0,0,0,0,0,0,0,3.999200159968006e-4,0,0,0,0,0,0,0,0,0,0,0,0,3.999200159968006e-4,0,0,0,3.999200159968006e-4,0,0,0,0,3.999200159968006e-4,3.999200159968006e-4,3.999200159968006e-4,3.999200159968006e-4,0,0
0,0,0,0,0,0,0,0,0,0,0,0,0,0,0,0,0,0.126974605078986,0,0.14017196560688083,0,0,0,0,0,0,0,0,0,0,0,0.14017196560688083,0,0,0,0,0,0,0,0,0,0,0,0,0,0,0,0,0,0,0,0,0,0,0,0,0,0,0,0.13797240551889836,0,0,0,0,0,0,0,0,0,0,0,0,0,0,0,0,0,0,0,0,0,0,0,0,0,0,0,0,0,0,0,0,0,0,0,0,0,0,0,0,0,0,0,0,0,0,0,0,0,0,0,0,0,0,0,0,0,0,0,0,0,0,0,0,0,0,0,0,0,0,0,0,0,0,0,0,0,0,0,0,0,0,0,0,0,0,0,0,0,0,0,0,0,0,0,0,0,0,0,0,0,0,0,0,0,0,0
1.999600079984003e-4,0,0,0,0,0,0,0,0,0,0,0,0,0,0,0,1.999600079984003e-4,0,0,0,0.032593481303739166,0.0023995200959808036,3.999200159968006e-4,0,0,0.0015996800639872023,7.998400319936012e-4,0,0,0,0,0,0,0,0,0,0,0.41631673665265717,0.04099180163967195,0.008998200359928014,0,0,0,0.013797240551889604,0.3409318136372684,0,0.03099380123975197,0,0,0,0,0,0,0,0.011397720455908809,0,0,0,0,0,0,0,0,0,0,0,0,0,0,0.009998000399920012,0,0,0,0,0,0,0,0,0,0,0,0,0,0,0,0,0,0,0,0,0,0,0.007398520295940815,0,0,0,0,0,0.03039392121575677,0,0,0,0,0,0,0,0,0,0,0,0,0,0,0,0,0,0,0,0,0,0,0,0,0,0,0.08358328334333179,0,0.9522095580883123,0,3.999200159968006e-4,0,0,0,0.012397520495900807,0,0.8220355928813677,0.03939212157568475,0.03659268146370716,0,0,0,0,0.9522095580883123,0,0,0.0165966806638672,0.05558888222355512,5.998800239952009e-4,1.999600079984003e-4,0,0.009398120375924813,0,0,0.9522095580883123,0.08618276344731107,0.08018396320735888,0,0,0,0.0023995200959808036,0,0,0,0,0,0.07078584283143377,0.9522095580883123
0,0,0,0,0,0,0,0,0,0,0,0,0,0,0,0,0,0,0,0,0,0,0,0,0,0,0,0,0,0,0,0,0,0,0,0,0,0,0,0,0,0,0,0,0,0,0,0,0,0,0,0,0,0,0,0,0,0,0,0,0,0,0,0,0,0,0,0,0,0,0,0,0,0,0,0,0,0,0,0,0,0,0,0,0,0,0,0,0,0,0,0,0,0,0,0,0,0,0,0,0,0,0,0,0,0,0,0,0,0,0,0,0,0,0,0,0,0,0,0,0,0,0,0,0,0,0,0,0,0,0,0,0,0,0,0,0,0,0,0,0,0,0,0,0,0,0,0,0,0,0,0,0,0,0,0,0,0,0,0,0,0,0,0,0,0,0
0,0,0,0,0,0,0,0,0,0,0,0,0,0,0,0,0,0,0,0,0,0,0,0,0,0,0,0,0,0,0,0,0,0,0,0,0,0,0,0,0,0,0,0,0,0,0,0,0,0,0,0,0,0,0,0,0,0,0,0,0,0.027594481103779177,0,0,0,0,0,0,0,0,0.047390521895620735,0,0,0,0,0,0,0,0,0,0,0,0,0,0,0,0,0,0,0,0,0,0,0,0,0,0,0,0,0,0,0,0,0,0,0,0,0,0,0,0,0,0,0,0,0,0,0,0,0,0,0,0,0,0,0,0,0,0,0,0,0,0.07498500299940031,0,0,0,0.07498500299940031,0.07498500299940031,0.07498500299940031,0,0,0.07498500299940031,0,0,0.07498500299940031,0.07498500299940031,0.07338532293541306,0,0,0,0.07498500299940031,0,0,0,0.07498500299940031,0.07498500299940031,0,0,0,0.07498500299940031,0,0,0,0,0,0.07498500299940031,0
0,0,0,0,0,0,0,0,0,0,0,0,0,0,0,0,0,0,0,0,0,0,0,0,0,0,0,0,0,0,0,0,0,0,0,0,0,0,0,0,0,0,0,0,0,0,0,0,0,0,0,0,0,0,0,0,0,0,0,0,0,0,0,0,0,0,0,0,0,0,0,0,0,0,0,0,0,0,0,0,0,0,0,0,0,0,0,0,0,0,0,0,0,0,0,0,0,0,0,0,0,0,0,0,0,0,0,0,0,0,0,0,0,0,0,0,0,0,0,0,0,0,0,0,0,0,0,0,0,0,0,0,0,0,0,0,0,0,0,0,0,0,0,0,0,0,0,0,0,0,0,0,0,0,0,0,0,0,0,0,0,0.5116976604678839,0,0,0,0,0
0,0,0,0,0,0,0,0,0,0,0,0,0,0,0,0,0,0,0,0,0,0,0,0,0,0,0,0,0,0,0,0,0,0,0,0,0,0,0,0,0,0,0,0,0,0,0,0,0,0,0,0,0,0,0,0,0,0,0,0,0,0,0,0,0,0,0,0,0,0,0,0,0,0,0,0,0,0,0,0,0,0,0,0,0,0,0,0,0,0,0,0,0.7898420315936288,0,0,0,0,0,0.8130373925214407,0,0,0,0,0,0,0,0,0,0,0,0,0,0,0,0,0,0,0,0,0,0,0,0,0,0,0.8282343531293175,0,0,0,0,0,0,0,0,0,0,0,0,0,0,0.8642271545690257,0,0,0.8642271545690257,0,0,0,0.8642271545690257,0.8642271545690257,0.8642271545690257,0,0,0,0,0,0,0,0.8642271545690257,0,0,0.8642271545690257,0,0,0,0,0,0
0,0,0,0,0,0,0,0,0,0,0,0,0,0,0,0,0,0,0,0,0,0,0,0,0,0,0,0,0,0,0,0,0,0,0,0,0,0,0,0,0,0,0,0,0,0,0,0,0,0,0,0,0,0,0,0,0,0,0,0,0,0.10417916416716766,0,0,0,0,0,0,0,0,0.07638472305538915,0,0,0,0,0,0,0,0,0,0,0,0,0,0,0,0,0,0,0,0,0,0,0,0,0,0,0,0,0,0,0,0,0,0,0,0,0,0,0,0,0,0,0,0,0,0,0,0,0,0,0,0,0,0,0,0,0,0,0,0,0,0.18056388722255895,0.18056388722255895,0,0,0,0.18056388722255895,0.18056388722255895,0,0,0.18056388722255895,0,0,0.18056388722255895,0.18056388722255895,0.17096580683863544,0,0,0,0.18056388722255895,0,0,0,0.18056388722255895,0.18056388722255895,0,0,0,0.18056388722255895,0,0,0,0,0,0.18056388722255895,0
0,0,0,0,0,0,0,0,0,0,0,0,0,0,0,0,0,0,0,0,0,0,0,0,0,0,0,0,0,0,0,0,0,0,0,0,0,0,0,0,0,0,0,0,0,0,0,0,0,0,0,0,0,0,0,0,0,0,0,0,0,0.03179364127174557,0,0,0,0,0,0,0,0,0.024395120975804784,0,0,0,0,0,0,0,0,0,0,0,0,0,0,0,0,0,0,0,0,0,0,0,0,0,0,0,0,0,0,0,0,0,0,0,0,0,0,0,0,0,0,0,0,0,0,0,0,0,0,0,0,0,0,0,0,0,0,0,0,0,0.05618876224755032,0.05618876224755032,0,0,0.05618876224755032,0,0.05618876224755032,0,0,0.05618876224755032,0,0,0.05618876224755032,0.05618876224755032,0.04899020195960793,0,0,0,0.05618876224755032,0,0,0,0.05618876224755032,0.05618876224755032,0,0,0,0.05618876224755032,0,0,0,0,0,0.05618876224755032,0
0,0,0,0,0,0,0,0,0,0,0,0,0,0,0,0,0,0,0,0,0,0,0,0,0,0,0,0,0,0,0,0,0,0,0,0,0,0,0,0,0,0,0,0,0,0,0,0,0,0,0,0,0,0,0,0,0,0,0,0,0,0.0023995200959808036,0,0,0,0,0,0,0,0,0,0,0,0,0,0,0,0,0,0,0,0,0,0,0,0,0,0,0,0,0,0,0,0,0,0,0,0,0,0,0,0,0,0,0,0,0,0,0,0,0,0,0,0,0,0,0,0,0,0,0,0,0,0,0,0,0,0,0,0,0,0,0.0023995200959808036,0.0023995200959808036,0,0,0.0023995200959808036,0.0023995200959808036,0,0,0,0.0023995200959808036,0,0,0.0023995200959808036,0.0023995200959808036,0.0023995200959808036,0,0,0,0.0023995200959808036,0,0,0,0.0023995200959808036,0.0023995200959808036,0,0,0,0.0023995200959808036,0,0,0,0,0,0.0023995200959808036,0
0,0,0,0,0,0,0,0,0,0,0,0,0,0,0,0,0,0,0,0,0,0,0,0,0,0,0,0,0,0,0,0,0,0,0,0,0,0,0,0,0,0,0,0,0,0,0,0,0,0,0,0,0,0,0,0,0,0,0,0,0,0,0,0,0,0,0,0,0,0,0,0,0,0,0,0,0,0,0,0,0,0,0,0,0,0,0,0,0,0.06278744251149751,0,0,0,0,0,0,0,0,0,0,0,0,0,0,0,0,0,0,0,0,0,0,0,0,0,0,0,0,0,0,0,0,0,0,0,0,0,0,0,0,0,0,0,0,0,0,0,0,0,0,0,0,0,0,0,0,0,0,0,0,0,0,0,0,0,0,0.06418716256748636,0,0,0,0,0,0,0,0,0,0
0,0,0,0,0,0,0,0,0,0,0,0,0,0,0,0,0,0,0,0,0,0,0,0,0,0,0,0,0,0,0,0,0,0,0,0,0,0,0,0,0,0,0,0,0,0,0,0,0,0,0,0,0,0,0,0,0,0,0,0,0,0,0,0,0,0,0,0,0,0,0,0,0,0,0,0,0,0,0,0,0,0,0,0,0,0,0,0,0,0,0,0,0,0,0,0,0,0,0,0,0,0,0,0,0,0,0,0,0,0,0,0,0,0,0,0,0,0,0,0,0,0,0,0,0,0,0,0,0,0,0,0,0,0,0,0,0,0,0,0,0,0,0,0,0,0,0,0,0,0,0,0,0,0,0,0,0,0,0,0,0,0,0,0,0,0,0
0,0,0,0,0,0,0,0,0,0,0,0,0,0,0,0,0,0,0,0,0,0,0,0,0,0,0,0,0,0,0,0,0,0,0,0,0,0,0,0,0,0,0,0,0,0,0,0,0,0,0,0,0,0,0,0,0,0,0,0,0,1.999600079984003e-4,0,0,0,0,0,0,0,0,0,0,0,0,0,0,0,0,0,0,0,0,0,0,0,0,0,0,0,0,0,0,0,0,0,0,0,0,0,0,0,0,0,0,0,0,0,0,0,0,0,0,0,0,0,0,0,0,0,0,0,0,0,0,0,0,0,0,0,0,0,0,1.999600079984003e-4,1.999600079984003e-4,0,0,1.999600079984003e-4,1.999600079984003e-4,1.999600079984003e-4,0,0,0,0,0,1.999600079984003e-4,1.999600079984003e-4,0,0,0,0,1.999600079984003e-4,0,0,0,1.999600079984003e-4,1.999600079984003e-4,0,0,0,1.999600079984003e-4,0,0,0,0,0,1.999600079984003e-4,0
0,0,0,0,0,0,0,0,0,0,0,0,0,0,0,0,0,0,0,0,0.0023995200959808036,0,0,0,0,0,0,0,0,0,0,0,0,0,0,0,0,0.008398320335932815,0,0,0,0,0,0,0.010197960407918412,0,0,0,0,0,0,0,0,0,0,0,0,0,0,0,0,0,0,0,0,0,0,0,0,0,0,0,0,0,0,0,0,0,0,0,0,0,0,0,0,0,0,0,0,0,0,0,0,0,0,0,0,0,0.009398120375924813,0,0,0,0,0,0,0,0,0,0,0,0,0,0,0,0,0,0,0,0,0,0,0,0,0,0,1.999600079984003e-4,0,0.02119576084783039,0,0,0,0.02119576084783039,0,0,0,0.02059588082383519,0,0,0,0,0,0,0,0,0,0,0,0,0,0,0,0,0,0.02119576084783039,0,0,0,0,0,0,0,0,0,0,0,0,0.02119576084783039
0,0,0,0,0,0,0,0,0,0,0,0,0,0,0,0,0,0,0,0,0,0,0,0,0,0,0,0,0,0,0,0,0,0,0,0,0,0,0,0,0,0,0,0,0,0,0,0,0,0,0,0,0,0,0,0,0,0,0,0,0,0,0,0,0,0,0,0,0,0,0,0,0,0,0,0,0,0,0,0,0,0,0,0,0,0,0,0,0,0,0,0,0,0,0,0,0,0,0,0,0,0,0,0,0,0,0,0,0,0,0,0,0,0,0,0,0,0,0,0,0,0,0,0,0,0,0,0,0,0,0,0,0,0,0,0,0,0,0,0,0,0,0,0,0,0,0,0,0,0,0,0,0,0,0,0,0,0,0,0,0,0,0,0,0,0,0
0,0,0,0,0,0,0,0,0,0,0,0,0,0,0,0,0,0,0,0,0,0,0,0,0,0,0,0,0,0,0,0,0,0,0,0,0,0,0,0,0,0,0,0,0,0,0,0,0,0,0,0,0,0,0,0,0,0,0,0,0,0.0017996400719856025,0,0,0,0,0,0,0,0,0,0,0,0,0,0,0,0,0,0,0,0,0,0,0,0,0,0,0,0,0,0,0,0,0,0,0,0,0,0,0,0,0,0,0,0,0,0,0,0,0,0,0,0,0,0,0,0,0,0,0,0,0,0,0,0,0,0,0,0,0,0,0.0017996400719856025,0.0017996400719856025,0,0,0.0017996400719856025,0.0017996400719856025,0.0017996400719856025,0,0,0.0017996400719856025,0,0,0,0.0017996400719856025,0.0017996400719856025,0,0,0,0.0017996400719856025,0,0,0,0.0017996400719856025,0.0017996400719856025,0,0,0,0.0017996400719856025,0,0,0,0,0,0.0017996400719856025,0
0,0,0,0,0,0,0,0,0,0,0,0,0,0,0,0,0,0,0,0,0,0,0,0,0,0,0,0,0,0,0,0,0,0,0,0,0,0,0,0,0,0,0,0,0,0,0,0,0,0,0,0,0,0,0,0,0,0,0,0,0,0.020395920815836792,0,0,0,0,0,0,0,0,0.014597080583883202,0,0,0,0,0,0,0,0,0,0,0,0,0,0,0,0,0,0,0,0,0,0,0,0,0,0,0,0,0,0,0,0,0,0,0,0,0,0,0,0,0,0,0,0,0,0,0,0,0,0,0,0,0,0,0,0,0,0,0,0,0,0.03499300139971996,0.03499300139971996,0,0,0.03499300139971996,0.03499300139971996,0.03499300139971996,0,0,0.03499300139971996,0,0,0.03499300139971996,0,0.03239352129574077,0,0,0,0.03499300139971996,0,0,0,0.03499300139971996,0.03499300139971996,0,0,0,0.03499300139971996,0,0,0,0,0,0.03499300139971996,0
0,0,0,0,0,0,0,0,0,0,0,0,0,0,0,0,0,0,0,0,1.999600079984003e-4,0,0,0,0,0,0,0,0,0,0,0,0,0,0,0,0,0.0049990001999600095,0,0,0,0,0,0,0,0,0.0015996800639872023,0,0,0,0,0,0,0,0,0,0,0,0,0,0,0,0,0,0,0,0,0,0,0,0,0,0,0,0,0,0,0,0,0,0,0,0,0,0,0,0,0,0,0,0,0,0,0,0,0,0,0,0,0,0,0,0,0,0,0,0,0,0,0,0,0,0,0,0,0,0,0,0,0,0,0,0,0,0,0,0,0,0,0,0,0,0,0,0,0,0.0011997600479904018,0.0011997600479904018,0,0,0,1.999600079984003e-4,0,0,0,0,0,0,0,0,0,0,0,0,0.0037992401519696068,0,0,0,0,0,0,0,0,0,0,3.999200159968006e-4,0
0,0,0,0,0,0,0,0,0,0,0,0,0,0,0,0,0,0,0,0,0,0,0,0,0,0,0,0,0,0,0,0,0,0,0,0,0,0,0,0,0,0,0,0,0,0,0,0,0,0,0,0,0,0,0,0,0,0,0,0,0,0,0,0,0,0,0,0,0,0,0,0,0,0,0,0,0,0,0,0,0,0,0,0,0,0,0,0,0,0,0,0,5.998800239952009e-4,0,0,0,0,0,5.998800239952009e-4,0,0,0,0,0,0,0,0,0,0,0,0,0,0,0,0,0,0,0,0,0,0,0,0,0,0,5.998800239952009e-4,0,0,0,0,0,0,0,0,0,5.998800239952009e-4,0,0,0,0,5.998800239952009e-4,0,0,5.998800239952009e-4,0,0,0,0,5.998800239952009e-4,5.998800239952009e-4,0,0,0,0,0,0,0,5.998800239952009e-4,0,0,5.998800239952009e-4,0,0,0,0,0,0
0,0,0,0,0,0,0,0,0,0,0,0,0,0,0,0,0,0,0,0,0,0,0,0,0,0,0,0,0,0,0,0,0,0,0,0,0,0,0,0,0,0,0,0,0,0,0,0,0,0,0,0,0,0,0,0,0,0,0,0,0,0,0,0,0,0,0,0,0,0,0,0,0,0,0,0,0,0,0,0,0,0,0,0,0,0,0,0,0,0,0,0,1.999600079984003e-4,0,0,0,0,0,1.999600079984003e-4,0,0,0,0,0,0,0,0,0,0,0,0,0,0,0,0,0,0,0,0,0,0,0,0,0,0,1.999600079984003e-4,0,0,0,0,0,0,0,0,0,1.999600079984003e-4,0,0,0,0,1.999600079984003e-4,0,0,1.999600079984003e-4,0,0,0,1.999600079984003e-4,0,1.999600079984003e-4,0,0,0,0,0,0,0,1.999600079984003e-4,0,0,1.999600079984003e-4,0,0,0,0,0,0
0,0,0,0,0,0,0,0,0,0,0,0,0,0,0,0,0,0,0,0,0,0,0,0,0,0,0,0,0,0,0,0,0,0,0,0,0,0,0,0,0,0,0,0,0,0,0,0,0,0,0,0,0,0,0,0,0,0,0,0,0,0,0,0,0,0,0,0,0,0,0,0,0,0,0,0,0,0,0,0,0,0,0,0,0,0,0,0,0,0,0,0,0,0,0,0,0,0,0,0,0,0,0,0,0,0,0,0,0,0,0,0,0,0,0,0,0,0,0,0,0,0,0,0,0,0,0,0,0,0,0,0,0,0,0,0,0,0,0,0,0,0,0,0,0,0,0,0,0,0,0,0,0,0,0,0,0,0,0,0,0,0,0,0,0,0,0
0,0,0,0,0,0,0,0,0,0,0,0,0,0,0,0,0,0,0,0,0,0,0,0,0,0,0,0,0,0,0,0,0,0,0,0,0,0,0,0,0,0,0,0,0,0,0,0,0,0,0,0,0,0,0,0,0,0,0,0,0,0.012997400519896006,0,0,0,0,0,0,0,0,0.0167966406718656,0,0,0,0,0,0,0,0,0,0,0,0,0,0,0,0,0,0,0,0,0,0,0,0,0,0,0,0,0,0,0,0,0,0,0,0,0,0,0,0,0,0,0,0,0,0,0,0,0,0,0,0,0,0,0,0,0,0,0,0,0,0.029794041191761572,0.029794041191761572,0,0,0.029794041191761572,0.029794041191761572,0.029794041191761572,0,0,0.029794041191761572,0,0,0.029794041191761572,0.029794041191761572,0.02659468106378718,0,0,0,0,0,0,0,0.029794041191761572,0.029794041191761572,0,0,0,0.029794041191761572,0,0,0,0,0,0.029794041191761572,0
0,0,0,0,0,0,0,0,0,0,0,0,0,0,0,0,0,0,0,0,0,0,0,0,0,0,0,0,0.3805238952209474,0,0,0,0,0,0,0,0,0,0,0,0,0,0,0,0,0,0,0,0,0,0,0,0,0,0,0,0,0,0,0,0,0,0,0,0,0,0,0,0,0,0,0,0,0,0,0,0,0,0,0,0,0,0,0,0,0,0,0,0,0,0,0,0,0,0,0,0,0,0,0,0,0,0,0,0,0,0,0,0,0,0,0,0,0,0,0,0,0,0,0,0,0,0,0,0,0,0,0,0,0,0,0,0,0,0,0,0,0,0,0,0,0,0,0,0,0,0,0,0,0,0,0,0,0,0,0,0,0,0.3841231753649182,0,0,0,0,0,0,0,0
0,0,0,0,0,0,0,0,0,0,0,0,0,0,0,0,0,0,0,0,0,0,0,0,0,0,0,0,0,0,0,0,0,0,0,0,0,0,0,0,0,0,0,0,0,0,0,0,0,0,0,0,0,0,0,0,0,0,0,0,0,0,0,0,0,0,0,0,0,0,0,0,0,0,0,0,0,0,0,0,0,0,0,0,0,0,0,0,0,0,0,0,0,0,0,0,0,0,0,0,0,0,0,0,0,0,0,0,0,0,0,0,0,0,0,0,0,0,0,0,0,0,0,0,0,0,0,0,0,0,0,0,0,0,0,0,0,0,0,0,0,0,0,0,0,0,0,0,0,0,0,0,0,0,0,0,0,0,0,0,0,0,0,0,0,0,0
0,0,0,0,0,0,0,0,0,0,0,0,0,0,0,0,0,0,0,0,0,0,0,0,0,0,0,0,0,0,0,0,0,0,0,0,0,0,0,0,0,0,0,0,0,0,0,0,0,0,0,0,0,0,0,0,0,0,0,0,0,0,0,0,0,0,0,0,0,0,0,0,0,0,0,0,0,0,0,0,0,0,0,0,0,0,0,0,0,0,0,0,0,0,0,0,0,0,0,0,0,0,0,0,0,0,0,0,0,0,0,0,0,0,0,0,0,0,0,0,0,0,0,0,0,0,0,0,0,0,0,0,0,0,0,0,0,0,0,0,0,0,0,0,0,0,0,0,0,0,0,0,0,0,0,0,0,0,0,0,0,0,0,0,0,0,0
0,0,0,0,0,0,0,0,0,0,0,0,0,0,0,0,0,0,0,0,0,0,0,0,0,0,0,0,0,0,0,0,0,0,0,0,0,0,0,0,0,0,0,0,0,0,0,0,0,0,0,0,0,0,0,0,0,0,0,0,0,0.057388522295540714,0,0,0,0,0,0,0,0,0.13737252549490314,0,0,0,0,0,0,0,0,0,0,0,0,0,0,0,0,0,0,0,0,0,0,0,0,0,0,0,0,0,0,0,0,0,0,0,0,0,0,0,0,0,0,0,0,0,0,0,0,0,0,0,0,0,0,0,0,0,0,0,0,0,0.1947610477904458,0.1947610477904458,0,0,0.1947610477904458,0.1947610477904458,0.1947610477904458,0,0,0.1947610477904458,0,0,0.1947610477904458,0.1947610477904458,0.16916616676664978,0,0,0,0.1947610477904458,0,0,0,0,0.1947610477904458,0,0,0,0.1947610477904458,0,0,0,0,0,0.1947610477904458,0
0,0,0,0,0,0,0,0,0,0,0,0,0,0,0,0,0,0,0,0,0,0,0,0,0,0,0,0,0,0,0,0,0,0,0,0,0,0,0,0,0,0,0,0,0,0,0,0,0,0,0,0,0,0,0,0,0,0,0,0,0,0.09578084383123459,0,0,0,0,0,0,0,0,0.14097180563887446,0,0,0,0,0,0,0,0,0,0,0,0,0,0,0,0,0,0,0,0,0,0,0,0,0,0,0,0,0,0,0,0,0,0,0,0,0,0,0,0,0,0,0,0,0,0,0,0,0,0,0,0,0,0,0,0,0,0,0,0,0,0.23675264947011118,0.23675264947011118,0,0,0.23675264947011118,0.23675264947011118,0.23675264947011118,0,0,0.23675264947011118,0,0,0.23675264947011118,0.23675264947011118,0.2343531293741303,0,0,0,0.23675264947011118,0,0,0,0.23675264947011118,0,0,0,0,0.23675264947011118,0,0,0,0,0,0.23675264947011118,0
0,0,0,0,0,0,0,0,0,0,0,0,0,0,0,0,0,0,0,0,0,0,0,0,0,0,0,0,0,0,0,0,0,0,0,0,0,0,0,0,0,0,0,0,0,0,0,0,0,0,0,0,0,0,0,0,0,0,0,0,0,0,0,0,0,0,0,0,0,0,0,0,0,0,0,0,0,0,0,0,0,0,0,0,0,0,0,0,0,0.04519096180763834,0,0,0,0,0,0,0,0,0,0,0,0,0,0,0,0,0,0,0,0,0,0,0,0,0,0,0,0,0,0,0,0,0,0,0,0,0,0,0,0,0,0,0,0,0,0,0,0,0,0.04519096180763834,0,0,0,0,0,0,0,0,0,0,0,0,0,0,0,0,0,0,0,0,0,0,0,0,0,0,0
0,0,0,0,0,0,0,0,0,0,0,0,0,0,0,0,0,0,0,0,0,0,0,0,0,0,0,0,0,0,0,0,0,0,0,0,0,0,0,0,0,0,0,0,0,0,0,0,0,0,0,0,0,0,0,0,0,0,0,0,0,0,0,0,0,0,0,0,0,0,0,0,0,0,0,0,0,0,0,0,0,0,0,0,0,0,0,0,0,0,0,0,0,0,0,0,0,0,0,0,0,0,0,0,0,0,0,0,0,0,0,0,0,0,0,0,0,0,0,0,0,0,0,0,0,0,0,0,0,0,0,0,0,0,0,0,0,0,0,0,0,0,0,0,0,0,0,0,0,0,0,0,0,0,0,0,0,0,0,0,0,0,0,0,0,0,0
0,0,0,0,0,0,0,0,0,0,0,0,0,0,0,0,0,0,0,0,0,0,0,0,0,0,0,0,0.3885222955408825,0,0,0,0,0,0,0,0,0,0,0,0,0,0,0,0,0,0,0,0,0,0,0,0,0,0,0,0,0,0,0,0,0,0,0,0,0,0,0,0,0,0,0,0,0,0,0,0,0,0,0,0,0,0,0,0,0,0,0,0,0,0,0,0,0,0,0,0,0,0,0,0,0,0,0,0,0,0,0,0,0,0,0,0,0,0,0,0,0,0,0,0,0,0,0,0,0,0,0,0,0,0,0,0,0,0,0,0,0,0,0,0,0,0,0,0,0,0,0,0,0,0,0.3885222955408825,0,0,0,0,0,0,0,0,0,0,0,0,0,0,0
0,0,0,0,0,0,0,0,0,0,0,0,0,0,0,0,0,0,0,0,0,0,0,0,0,0,0,0,0,0,0,0,0,0,0,0,0,0,0,0,0,0,0,0,0,0,0,0,0,0,0,0,0,0,0,0,0,0,0,0,0,0.003999200159968007,0,0,0,0,0,0,0,0,0.009598080383923213,0,0,0,0,0,0,0,0,0,0,0,0,0,0,0,0,0,0,0,0,0,0,0,0,0,0,0,0,0,0,0,0,0,0,0,0,0,0,0,0,0,0,0,0,0,0,0,0,0,0,0,0,0,0,0,0,0,0,0,0,0,0.013597280543891204,0.013597280543891204,0,0,0.013597280543891204,0.013597280543891204,0.013597280543891204,0,0,0.013597280543891204,0,0,0.013597280543891204,0.013597280543891204,0.013597280543891204,0,0,0,0.013597280543891204,0,0,0,0.013597280543891204,0.013597280543891204,0,0,0,0,0,0,0,0,0,0.013597280543891204,0
0,0,0,0,0,0,0,0,0,0,0,0,0,0,0,0,0,0,0,0,0,0,0,0,0,0,0,0,0,0,0,0,0,0,0,0,0,0,0,0,0,0,0,0,0,0,0,0,0,0,0,0,0,0,0,0,0,0,0,0,0,0,0,0,0,0,0,0,0,0,0,0,0,0,0,0,0,0,0,0,0,0,0,0,0,0,0,0,0,0,0,0,0,0,0,0,0,0,0,0,0,0,0,0,0,0,0,0,0,0,0,0,0,0,0,0,0,0,0,0,0,0,0,0,0,0,0,0,0,0,0,0,0,0,0,0,0,0,0,0,0,0,0,0,0,0,0,0,0,0,0,0,0,0,0,0,0,0,0,0,0,0,0,0,0,0,0
0,0,0,0,0,0,0,0,0,0,0,0,0,0,0,0,0,0,0,0,0,0,0,0,0,0,0,0,0,0,0,0,0,0,0,0,0,0,0,0,0,0,0,0,0,0,0,0,0,0,0,0,0,0,0,0,0,0,0,0,0,0,0,0,0,0,0,0,0,0,0,0,0,0,0,0,0,0,0,0,0,0,0,0,0,0,0,0,0,0,0,0,0,0,0,0,0,0,0,0,0,0,0,0,0,0,0,0,0,0,0,0,0,0,0,0,0,0,0,0,0,0,0,0,0,0,0,0,0,0,0,0,0,0,0.4883023395320735,0,0,0,0,0,0,0,0,0,0,0,0,0,0,0,0,0,0,0,0,0,0,0,0,0,0,0,0,0,0,0,0
0,0,0,0,0,0,0,0,0,0,0,0,0,0,0,0,0,0,0,0,0,0,0,0,0,0,0,0,0,0,0,0,0,0,0,0,0,0,0,0,0,0,0,0,0,0,0,0,0,0,0,0,0,0,0,0,0,0,0,0,0,0,0,0,0,0,0,0,0,0,0,0,0,0,0,0,0,0,0,0,0,0,0,0,0,0,0,0,0,0,0,0,0,0,0,0,0,0,0,0,0,0,0,0,0,0,0,0,0,0,0,0,0,0,0,0,0,0,0,0,0,0,0,0,0,0,0,0,0,0,0,0,0,0,0,0,0,0,0,0,0,0,0,0,0,0,0,0,0,0,0,0,0,0,0,0,0,0,0,0,0,0,0,0,0,0,0
0,0,0,0,0,0,0,0,0,0,0,0,0,0,0,0,0,0,0,0,0,0,0,0,0,0,0,0,0,0,0,0,0,0,0,0,0,0,0,0,0,0,0,0,0,0,0,0,0,0.5484903019395856,0,0,0,0,0,0,0,0,0,0,0,0,0,0,0,0,0,0,0,0,0,0,0,0,0,0,0,0,0,0,0,0,0,0,0,0,0,0,0,0,0,0,0,0,0,0,0,0,0,0,0,0,0,0,0,0,0,0,0,0,0,0,0,0,0,0,0,0,0,0,0,0,0,0,0,0,0,0,0,0,0,0,0,0,0,0,0,0,0,0,0,0,0,0,0,0,0,0,0,0,0,0,0,0,0,0,0,0,0,0,0,0,0,0,0,0,0
0,0,0,0,0,0,0,0,0,0,0,0,0,0,0,0,0,0,0,0,0,0,0,0,0,0,0,0,0,0,0,0,0,0,0,0,0,0,0,0,0,0,0,0,0,0,0,0,0,0,0,0,0,0,0,0,0,0,0,0,0,0,0,0,0,0,0,0,0,0,0,0,0,0,0,0,0,0,0,0,0,0,0,0,0,0,0,0,0,0,0,0,0,0,0,0,0,0,0,0,0,0,0,0,0,0,0,0,0,0,0,0,0,0,0,0,0,0,0,0,0,0,0,0,0,0,0,0,0,0,0,0,0,0,0,0,0,0,0,0,0,0,0,0,0,0,0,0,0,0,0,0,0,0,0,0,0,0,0,0,0,0,0,0,0,0,0
0,0,0,0,0,0,0,0,0,0,0,0,0,0,0,0,0,0,0,0,0,0,0,0,0,0,0,0,0,0,0,0,0,0,0,0,0,0,0,0,0,0,0,0,0,0,0,0,0,0,0,0,0,0,0,0,0,0,0,0,0,0.062387522495500704,0,0,0,0,0,0,0,0,0.1115776844631087,0,0,0,0,0,0,0,0,0,0,0,0,0,0,0,0,0,0,0,0,0,0,0,0,0,0,0,0,0,0,0,0,0,0,0,0,0,0,0,0,0,0,0,0,0,0,0,0,0,0,0,0,0,0,0,0,0,0,0,0,0,0.17396520695861153,0.17396520695861153,0,0,0.17396520695861153,0.17396520695861153,0.17396520695861153,0,0,0.17396520695861153,0,0,0.17396520695861153,0.17396520695861153,0.16736652669466412,0,0,0,0.17396520695861153,0,0,0,0.17396520695861153,0.17396520695861153,0,0,0,0.17396520695861153,0,0,0,0,0,0,0
0,0,0,0,0,0,0,0,0,0,0,0,0,0,0,0,0,0,0,0,0,0,0,0,0,0,0,0,0,0,0,0,0,0,0,0,0,0.00539892021595681,0,0,0,0,0,0,0.0017996400719856025,0,0,0,0,0,0,0,0,0,0,0,0,0,0,0,0,0,0,0,0,0,0,0,0,0,0,0,0,0,0,0,0,0,0,0,0,0,0,0,0,0,0,0,0,0,0,0,0,0,0,0,0,0,0,0,0,0,0,0,0,0,0,0,0,0,0,0,0,0,0,0,0,0,0,0,0,0,0,0,0,0.0019996000799840027,0,0.007198560287942414,0,0,0,0.007198560287942414,0,0,0,0.00519896020795841,0,0,0,0,0,0,0.007198560287942414,0,0,0,0,0,0,0,0,0,0,0.007198560287942414,0,0,0,0,0,0,0,0,0,0,0,0,0
