27_d500_26_0_badger_2017-06-01,27_d500_26_1_badger_2017-06-01,27_d500_26_2_badger_2015-07-01,27_d500_26_3_badger_2017-07-01,27_d500_26_4_badger_2017-05-01,40270058_0_cattle_2014-03-01,40270058_10_cattle_2016-05-01,40270058_11_cattle_2016-05-01,40270058_12_cattle_2016-04-01,40270058_13_cattle_2016-05-01,40270058_14_cattle_2016-05-01,40270058_1_cattle_2016-03-01,40270058_2_cattle_2016-03-01,40270058_3_cattle_2015-01-01,40270058_4_cattle_2015-12-01,40270058_5_cattle_2016-03-01,40270058_6_cattle_2016-01-01,40270058_7_cattle_2016-03-01,40270058_8_cattle_2016-03-01,40270058_9_cattle_2016-03-01,40270_0_boar_2015-01-01,40270_10_boar_2018-01-01,40270_11_boar_2015-11-01,40270_12_boar_2017-01-01,40270_13_boar_2016-09-01,40270_14_boar_2017-04-01,40270_15_boar_2016-12-01,40270_17_boar_2016-10-01,40270_1_boar_2014-10-01,40270_2_boar_2014-02-01,40270_3_boar_2015-08-01,40270_4_boar_2015-09-01,40270_5_boar_2014-09-01,40270_6_boar_2014-12-01,40270_7_boar_2015-03-01,40270_8_boar_2016-11-01,40270_9_boar_2015-11-01,45_d500_152_0_badger_2014-06-01,45_d500_152_1_badger_2011-04-01,45_d500_156_0_badger_2013-08-01,45_d500_156_1_badger_2010-05-01,45_d500_157_852_0_badger_2013-06-01,45_d500_157_858_1_badger_2013-09-01,45_d500_157_858_3_badger_2012-03-01,45_d500_160_1_badger_2014-05-01,45_d500_163_0_badger_2014-04-01,45_d500_170_0_badger_2012-09-01,45_d500_170_1_badger_2019-10-01,45_d500_170_2_badger_2011-11-01,45_d500_178_0_badger_2010-07-01,45_d500_178_1_badger_2019-07-01,45_d500_178_2_badger_2018-06-01,45_d500_182_0_badger_2013-09-01,45_d500_42_560_0_badger_2012-10-01,45_d500_42_560_1_badger_2014-09-01,45_d500_49_0_badger_2012-11-01,45_d500_50_612_0_badger_2011-10-01,45_d500_50_612_1_badger_2017-06-01,45_d500_50_612_2_badger_2016-03-01,45_d500_50_612_3_badger_2011-12-01,45_d500_59_0_badger_2013-07-01,45_d500_59_1_badger_2016-08-01,45_d500_59_2_badger_2013-03-01,45_d500_59_3_badger_2017-06-01,45_d500_59_4_badger_2017-06-01,45_d500_59_5_badger_2019-07-01,45_d500_61_0_badger_2014-07-01,45_d500_62_0_badger_2011-08-01,45_d500_62_1_badger_2011-08-01,45_d500_62_2_badger_2013-06-01,45_d500_62_3_badger_2013-08-01,45_d500_63_0_badger_2017-05-01,45_d500_82_0_badger_2018-08-01,45_d500_96_688_0_badger_2017-06-01,64201002_0_cattle_2016-12-01,64201021_0_cattle_2020-02-01,64310006_0_cattle_2015-02-01,64326020_0_cattle_2013-05-01,64326020_1_cattle_2013-01-01,64326020_2_cattle_2013-05-01,64326020_3_cattle_2013-05-01,64326020_4_cattle_2013-01-01,64326020_5_cattle_2013-07-01,64326020_6_cattle_2013-05-01,64359024_0_cattle_2012-11-01,64359138_0_cattle_2017-03-01,64359138_1_cattle_2017-03-01,64359138_2_cattle_2017-07-01,64359142_0_cattle_2013-02-01,64359158_0_cattle_2012-10-01,64359204_0_cattle_2017-12-01,64359_0_boar_2013-02-01,64359_10_boar_2018-01-01,64359_11_boar_2019-06-01,64359_12_boar_2019-04-01,64359_13_boar_2018-05-01,64359_1_boar_2013-08-01,64359_2_boar_2013-07-01,64359_3_boar_2013-04-01,64359_4_boar_2015-07-01,64359_5_boar_2016-10-01,64359_6_boar_2017-03-01,64359_7_boar_2018-01-01,64359_8_boar_2020-02-01,64359_9_boar_2019-01-01,64393387_0_cattle_2013-03-01,64420009_0_cattle_2014-01-01,64420012_0_cattle_2013-12-01,64420012_1_cattle_2013-12-01,64420012_2_cattle_2013-12-01,64420015_0_cattle_2007-12-01,64420015_1_cattle_2008-01-01,64420015_2_cattle_2008-01-01,64420015_3_cattle_2008-01-01,64420015_4_cattle_2008-01-01,64420015_5_cattle_2008-01-01,64420015_6_cattle_2008-01-01,64420015_7_cattle_2008-01-01,64420035_0_cattle_2015-12-01,64420035_1_cattle_2015-10-01,64420035_2_cattle_2016-02-01,64420035_3_cattle_2016-02-01,64420039_0_cattle_2008-09-01,64420039_1_cattle_2015-01-01,64420044_0_cattle_2012-10-01,64420044_1_cattle_2012-11-01,64420047_0_cattle_2014-03-01,64420047_10_cattle_2014-05-01,64420047_11_cattle_2014-05-01,64420047_12_cattle_2014-03-01,64420047_13_cattle_2014-03-01,64420047_14_cattle_2014-05-01,64420047_15_cattle_2014-05-01,64420047_16_cattle_2014-05-01,64420047_1_cattle_2013-12-01,64420047_2_cattle_2014-03-01,64420047_3_cattle_2014-05-01,64420047_4_cattle_2014-03-01,64420047_5_cattle_2014-03-01,64420047_6_cattle_2014-03-01,64420047_7_cattle_2014-05-01,64420047_8_cattle_2014-03-01,64420047_9_cattle_2014-03-01
0,0.03539292141571676,0,0.2709458108378358,0.04939012197560473,0,0.0017996400719856025,9.998000399920016e-4,0.012597480503899207,0.006198760247950412,0.0031993601279744054,0,0.04099180163967195,0,5.998800239952009e-4,0,0,0,0,0,0,0.0067986402719456135,5.998800239952009e-4,0.03599280143971196,0.0011997600479904018,0.0035992801439712063,1.999600079984003e-4,0.001399720055988802,0,0,0,0.001399720055988802,0,0,0,0.037392521495700756,5.998800239952009e-4,0,0,0,0,0,0,0,0,0,0,0.028994201159767974,0,0,0.004799040191961609,0.018996200759847995,0,0,0,0,0,0,0,0,0,0.04939012197560473,0,0,0,0,0,0,0,0,0,0,0,0,0,1.999600079984003e-4,0,0,0,0,0,0,0,0,0,0,0,0,0,0,0,0,0,0,0,0,0,0,0,0,0.002999400119976005,0,0,0,0,0,0,0,0,0,0,0,0,0,0,0,0,0,0,0,0,0,0,0,0,0,0,0,0,0,0,0,0,0,0,0,0,0,0,0,0,0,0
0.06018796240751831,0,0,0.02639472105578878,0.08938212357528558,0,0.002999400119976005,0.008398320335932815,0.01099780043991201,0.00539892021595681,0.006198760247950412,0,0.024995000999799982,0,0.001399720055988802,0,0,0,0,0,0,0.03139372125574877,0.001399720055988802,0.09078184363127442,0.004199160167966408,0.04079184163167355,0,5.998800239952009e-4,0,0,0,0.002999400119976005,0,0,0,0.14737052589482347,0.0015996800639872023,0,0,0,0,0,0,0,0,0,0,3.999200159968006e-4,0,0,0,0.038592281543691154,0,0,0,0,0,0.002999400119976005,1.999600079984003e-4,0,0,0.03099380123975197,0,1.999600079984003e-4,3.999200159968006e-4,0,0,0,0,0,0,3.999200159968006e-4,0,0,0,0,0,0,0,0,0,0,0,0,0,0,0,0,0,0,0,0,0,0,0,0,0,0,0,0,0.006198760247950412,0,0,0,0,0,0,0,0,0,0,0,0,0,0,0,0,0,0,0,0,0,0,0,0,0,0,0,0,0,0,0,0,0,0,0,0,0,0,0,0,0,0
0,1.999600079984003e-4,0,0,1.999600079984003e-4,0,0,5.998800239952009e-4,0.003999200159968007,0.003399320135972806,1.999600079984003e-4,0.01079784043191361,0.005598880223955211,0.0017996400719856025,0.02159568086382719,0.009798040391921612,0.0157968406318736,0.023995200959807984,0.0153969206158768,0.019996000799839993,0.002199560087982403,0,0.022995400919815986,0,0,0,0,0,0.03059388122375517,0,0.07138572285542899,0.02159568086382719,0.0031993601279744054,3.999200159968006e-4,1.999600079984003e-4,1.999600079984003e-4,0.026994601079783978,0,0,0,0,0,0,0,0,1.999600079984003e-4,0,0,0,0,0,0,0,0,9.998000399920016e-4,0,0,0,0.010197960407918412,0,0,0,0,0,0,0,0,0,0,0,0,0,0,0,0,0,0,0,0,0,0,0,0,0,0,0,0,0,0,0,0,0,0,0,0,0,0,0,0,0.42031593681262475,0,0,0,0,0,0,0,0,0,0,0,0,0,0,0,0,0,0,0,0,0,0,0,0,0,0,0,0,0,0,0,0,0,0,0,0,0,0,0,0,0,0,0
0.15096980603879478,0.011797640471905608,0,0,0.0153969206158768,0,0,0,3.999200159968006e-4,0,5.998800239952009e-4,0,0.002999400119976005,0,0,0,0,0,0,0,0,0.002999400119976005,0,0.014197160567886403,7.998400319936012e-4,0.0023995200959808036,0,0,0,0,0,0,0,0,0,0.01119776044791041,0,0,0,0,0,0,0,0,0,0,0,0.10977804439112304,0,0,0.02199560087982399,0.0045990801839632086,0,0,0,0,0,0,0,0,0,0.01079784043191361,0,0,0,0,0,0,0,0,0,0,0,0,0,0,0,0,0,0,0,0,0,0,0,0,0,0,0,0,0,0,0,0,0,0,0,0,0,0,3.999200159968006e-4,0,0,0,0,0,0,0,0,0,0,0,0,0,0,0,0,0,0,0,0,0,0,0,0,0,0,0,0,0,0,0,0,0,0,0,0,0,0,0,0,0,0
0.03039392121575677,0.04519096180763834,0,0.018996200759847995,0,0,0.0023995200959808036,0.001399720055988802,0.0045990801839632086,5.998800239952009e-4,0,0,0.0167966406718656,0,0,0,0,0,0,0,0,7.998400319936012e-4,0,0.032793441311737566,0,0.008398320335932815,0,0.0023995200959808036,0,0,0,3.999200159968006e-4,0,0,0,0.037592481503699156,0,0,0,0,0,0,0,0,0,0,0,0,0,0,0,0.41451709658067176,0,0,0,0,0,0,0,0,0,0.016996600679864,0,0,0,0,0,0,0,0,0,0,0,0,0,0,0,0,0,0,0,0,0,0,0,0,0,0,0,0,0,0,0,0,0,0,0,0,0,0,0.00519896020795841,0,0,0,0,0,0,0,0,0,0,0,0,0,0,0,0,0,0,0,0,0,0,0,0,0,0,0,0,0,0,0,0,0,0,0,0,0,0,0,0,0,0
0,0,0.001399720055988802,0,0,0,0,0,0,1.999600079984003e-4,0,0,0,0.008598280343931215,7.998400319936012e-4,0,0.0017996400719856025,0,0,0,0.01079784043191361,0,1.999600079984003e-4,0,0,0,0,0,0.03559288142371516,0.24795040991802195,0.003999200159968007,9.998000399920016e-4,0.022995400919815986,0.027994401119775976,0.00519896020795841,0,0.00519896020795841,0,0,0,0,0,0,0,0,0.28454309138172557,0,0,0,0,0,0,0,0,0.07638472305538915,0,0,0,3.999200159968006e-4,0,0,0,0,0,0,0,0.10277944411117881,0,0,0,0.006198760247950412,0,0,0,0,0,0,0,0,0,0,0,0,0,0,0,0,0,0,0,0,0,0,0,0,0,0.024995000999799982,0,0,0.002599480103979204,0,0,0,0,0,0,0,0,0,0,0,0,0,0,0,0,0,0,0,0,0,0,0,0,0,0,0,0,0,0,0,0,0,0,0,0,0,0,0,0,0,0,0
0,0.0031993601279744054,0.001399720055988802,0,0.0011997600479904018,0,0,0.009998000399920012,0.015196960607878401,0.22135572885423388,0.38152369526093927,0,0.017796440711857597,0,0.003399320135972806,0,9.998000399920016e-4,0,0,0,0,0,0.003399320135972806,0,0.0031993601279744054,0,0,0.003399320135972806,1.999600079984003e-4,0,0.001399720055988802,0.012997400519896006,0,0,0,0.004799040191961609,0.004799040191961609,0,0,0,0,0,0,0,0,0,0,0,0,0,0,0.0019996000799840027,0,0,0,0,0,5.998800239952009e-4,0.0015996800639872023,0,0,0.00539892021595681,0,0,0,0,0,0,0,0,0,0,0,0,0,0,0,0,0,0,0,0,0,0,0,0,0.0011997600479904018,0,0,0,0,0,0,0,0,0,0,0,0,0,1.999600079984003e-4,0,0,0,0,0,0,0,0,0,0,0,0,0,0,0,0,0,0,0,0,0,0,0,0,0,0,0,0,0,0,0,0,0,0,0,0,0,0,0,0,0,0
0.0045990801839632086,0.005798840231953611,0,9.998000399920016e-4,0.002599480103979204,0,0.009998000399920012,0,0.16416716656668962,0.018996200759847995,0.012197560487902407,0,0.028994201159767974,0,0,0,0,0,0,0,0,0,0,0.0017996400719856025,0.18776244751050158,0,0.0653869226154768,0.16476704659068483,0,0,0,0.014597080583883202,0,0,0,0.003999200159968007,7.998400319936012e-4,0,0,0,0,0,0,0,0,0,0,0,0,0,0,0,0,0,0,0,0,0.011997600479904008,5.998800239952009e-4,0,0,0.0027994401119776045,0,0,0,0,0,0,0,0,0,0.013797240551889604,0.001399720055988802,0.0045990801839632086,0.05398920215956792,0,0,0,0,0,0,0,0,0,0,0.0165966806638672,0.04159168166366715,0.01099780043991201,0,0,0.002199560087982403,0,0.004799040191961609,0,0,9.998000399920016e-4,0,0,0,0,7.998400319936012e-4,0.0157968406318736,5.998800239952009e-4,0,9.998000399920016e-4,0,0,0,0,0,0,0,0,0,0,0,0,0,0,0,0,0,0,0,0,0,0,0,0,0,0,0,0,0,0,0,0,0,0,0,0,0,0
0.018396320735852796,0.010197960407918412,3.999200159968006e-4,0.004399120175964808,0.009398120375924813,0,0.038192361527694355,0.19516096780644263,0,0.04559088182363514,0.03239352129574077,0,0.09218156368726327,0,0.007798440311937616,0,0.005598880223955211,0,3.999200159968006e-4,0,0,0,0.005798840231953611,0.0031993601279744054,0.1177764447110593,3.999200159968006e-4,0.020195960807838392,0.08738252349530151,9.998000399920016e-4,0,5.998800239952009e-4,0.04559088182363514,0,0,0,0.009998000399920012,0.008798240351929614,0,0,0,0,0,0,0,0,0,0,1.999600079984003e-4,0,0,0,0.0037992401519696068,0,0,0,0,0,0.009198160367926414,0.003999200159968007,0,0,0.026994601079783978,0,0,1.999600079984003e-4,0,0,0,0,0,0,0.011597680463907209,0.0023995200959808036,0.008798240351929614,0.020395920815836792,0,0,0,0,0,0,0,0,0,0,0.02179564087182559,0.04059188162367515,0.005798840231953611,0,0,0.001399720055988802,0,0.0017996400719856025,0,1.999600079984003e-4,5.998800239952009e-4,0,0,0,0.0015996800639872023,0.004399120175964808,0.03179364127174557,0.0031993601279744054,0,0,0,0,0,0,0,0,0,0,0,0,0,0,0,0,0,0,0,0,0,0,0,0,0,0,0,0,0,0,0,0,0,0,0,0,0,0,0,0
0.007398520295940815,0.004799040191961609,1.999600079984003e-4,0.0027994401119776045,0.003399320135972806,0,0.24735052989402673,0.03539292141571676,0.05078984203159353,0,0.24415116976605222,0,0.0745850829834035,0,0.0045990801839632086,1.999600079984003e-4,0.002999400119976005,0,0.0015996800639872023,0.0011997600479904018,0,1.999600079984003e-4,0.004199160167966408,0.00539892021595681,0.012797440511897606,0,0.0011997600479904018,0.008798240351929614,1.999600079984003e-4,0,0.001399720055988802,0.046990601879623936,0,0,0,0.00539892021595681,0.0067986402719456135,0,0,0,0,0,0,0,0,0,0,0,0,0,0,0.0045990801839632086,0,0,0,0,0,0.001399720055988802,0.0035992801439712063,0,0,0.019396120775844794,0,0,0,0,0,0,0,0,0,0,5.998800239952009e-4,0,0.0019996000799840027,0,0,0,0,0,0,0,0,0,0,1.999600079984003e-4,1.999600079984003e-4,3.999200159968006e-4,0,0,0,0,0,0,0,0,0,0,0,1.999600079984003e-4,0.0023995200959808036,0,0,0,0,0,0,0,0,0,0,0,0,0,0,0,0,0,0,0,0,0,0,0,0,0,0,0,0,0,0,0,0,0,0,0,0,0,0,0,0,0,0
0.001399720055988802,5.998800239952009e-4,3.999200159968006e-4,0,0.0017996400719856025,0,0.3285342931413689,0.004199160167966408,0.006398720255948813,0.16876624675065297,0,0,0.01079784043191361,0,0.0015996800639872023,0,0.003399320135972806,0.001399720055988802,0,3.999200159968006e-4,0,0,0.001399720055988802,0,0,0,0,0.003399320135972806,0,0,0.0011997600479904018,0.009798040391921612,0,0,0,7.998400319936012e-4,0.0037992401519696068,0,0,0,0,0,0,0,0,0,0,0,0,0,0,9.998000399920016e-4,0,0,0,0,0,0,0.0019996000799840027,0,0,0.0011997600479904018,0,0,0,0,0,0,0,0,0,0,0,0,0,0,0,0,0,0,0,0,0,0,0,0,0,0,0,0,0,0,0,0,0,0,0,0,0,9.998000399920016e-4,0,9.998000399920016e-4,0,0,0,0,0,0,0,0,0,0,0,0,0,0,0,0,0,0,0,0,0,0,0,0,0,0,0,0,0,0,0,0,0,0,0,0,0,0,0,0,0
0,0,0.008398320335932815,0,0,0,1.999600079984003e-4,0,0,0,0,0,0,0,0.0011997600479904018,0.35732853429313544,0.0011997600479904018,0.19256148770246334,0.04879024195160953,0.04859028194361113,0,0,7.998400319936012e-4,0,0,0,0,0,0.0019996000799840027,0,0.03459308138372316,7.998400319936012e-4,1.999600079984003e-4,0,0,0,0.001399720055988802,0,0,0,0,0,0,0,0,0,0,0,0,0,0,0,0,0,0,0,0,0,3.999200159968006e-4,0,0,0,0,0,0,0,0,0,0,0,0,0,0,0,0,0,0,0,0,0,0,0,0,0,0,0,0,0,0,0,0,0,0,0,0,0,0,0,0,0.0037992401519696068,0,0,0,0,0,0,0,0,0,0,0,0,0,0,0,0,0,0,0,0,0,0,0,0,0,0,0,0,0,0,0,0,0,0,0,0,0,0,0,0,0,0,0
0.0745850829834035,0.07978404319136206,0.0015996800639872023,0.04479104179164154,0.052789442111577524,0,0.06958608278344333,0.06318736252749432,0.09658068386322821,0.08358328334333179,0.04099180163967195,0,0,0,0.009198160367926414,0,0.011397720455908809,9.998000399920016e-4,0,0,0,0.006998600279944014,0.009398120375924813,0.047390521895620735,0.022195560887822388,0.007598480303939215,0.0011997600479904018,0.02119576084783039,0.002199560087982403,0,0.002599480103979204,0.07658468306338756,0,0,0,0.09378124375125052,0.0161967606478704,0,0,0,0,0,0,0,0,0,0,0.0035992801439712063,0,0,0,0.022195560887822388,0,0,0,0,0,3.999200159968006e-4,0.015196960607878401,0,0,0.2093581283743295,0,0.0011997600479904018,9.998000399920016e-4,0,0,0,0,0,0,0,0,0,0.004399120175964808,0,0,0,0,0,0,0,0,0,0,1.999600079984003e-4,0.0023995200959808036,0,0,0,1.999600079984003e-4,0,0,0,0,5.998800239952009e-4,0,0,0,0.0017996400719856025,0.033593281343731164,0.0011997600479904018,0,0,0,0,0,0,0,0,0,0,0,0,0,0,0,0,0,0,0,0,0,0,0,0,0,0,0,0,0,0,0,0,0,0,0,0,0,0,0,0,0
0,0,0.002199560087982403,0,0,0.004799040191961609,0,0,0,0,0,0,0,0,0.0011997600479904018,0,9.998000399920016e-4,0,0,5.998800239952009e-4,0.2277544491101829,0,0.0011997600479904018,0,0,0,0,0,0.024995000999799982,0,0.002599480103979204,0.003399320135972806,0.04359128174365114,0.03079384123175357,0.4791041791641481,0,0.0027994401119776045,0,0,0,0,0,0,0,0,0.0049990001999600095,0,0,0,0,0,0,0,0,0.007398520295940815,0,0,0,5.998800239952009e-4,0,0,0,0,0,0,0,0.0045990801839632086,0,0,0,0,0,0,0,0,0,0,0,0,0,0,0,0,0,0,0,0,0,0,0,0,0,0,0,0,0,0,0,0,0.004199160167966408,0,0,0,0,0,0,0,0,0,0,0,0,0,0,0,0,0,0,0,0,0,0,0,0,0,0,0,0,0,0,0,0,0,0,0,0,0,0,0,0,0,0,0
0.004799040191961609,7.998400319936012e-4,0.01079784043191361,1.999600079984003e-4,0.0019996000799840027,0,0.006598680263947213,0.00539892021595681,0.014197160567886403,0.009198160367926414,0.0035992801439712063,7.998400319936012e-4,0.028594281143771175,1.999600079984003e-4,0,7.998400319936012e-4,0.03699260147970396,0.004799040191961609,0.00519896020795841,0.004399120175964808,5.998800239952009e-4,0,0.03619276144771036,3.999200159968006e-4,0.0019996000799840027,0,0,0.0015996800639872023,0.013397320535892805,0,0.014997000599880001,0.05438912217556472,9.998000399920016e-4,0.0011997600479904018,0,0.002199560087982403,0.06758648270345927,0,0,0,0,0,0,0,0,0,0,0,0,0,0,0,0,0,0,0,0,0,0.4679064187162389,0,0,0.0045990801839632086,0,0,0,0,0,0,0,0,0,0,1.999600079984003e-4,0,0,0,0,0,0,0,0,0,0,0,0,3.999200159968006e-4,0,0,0,0,0,0,0,0,0,0,0,0,0,0.012997400519896006,0.002199560087982403,9.998000399920016e-4,0,0,0,0,0,0,0,0,0,0,0,0,0,0,0,0,0,0,0,0,0,0,0,0,0,0,0,0,0,0,0,0,0,0,0,0,0,0,0,0,0
0,0,0.009998000399920012,0,0,0,0,0,0,0,3.999200159968006e-4,0.3887222555488809,3.999200159968006e-4,0,0.001399720055988802,0,0.002199560087982403,0.19356128774245537,0.04479104179164154,0.03699260147970396,0,0,7.998400319936012e-4,0,0,0,0,0,0.002199560087982403,0,0.037392521495700756,0.0019996000799840027,0,0,0,0,0.0037992401519696068,0,0,0,0,0,0,0,0,0,0,0,0,0,0,0,0,0,0,0,0,0,9.998000399920016e-4,0,0,0,0,0,0,0,0,0,0,0,0,0,0,0,0,0,0,0,0,0,0,0,0,0,0,0,0,0,0,0,0,0,0,0,0,0,0,0,0,0.005998800239952012,0,0,0,0,0,0,0,0,0,0,0,0,0,0,0,0,0,0,0,0,0,0,0,0,0,0,0,0,0,0,0,0,0,0,0,0,0,0,0,0,0,0,0
0.0017996400719856025,0.001399720055988802,0.009598080383923213,0,0,0,0.0027994401119776045,0.007798440311937616,0.009598080383923213,0.008998200359928014,0.00519896020795841,0.0023995200959808036,0.012997400519896006,3.999200159968006e-4,0.03639272145570876,0.001399720055988802,0,0.005598880223955211,0.0035992801439712063,0.002999400119976005,1.999600079984003e-4,5.998800239952009e-4,0.43331333733251937,7.998400319936012e-4,0,0,0,5.998800239952009e-4,0.012797440511897606,0,0.012997400519896006,0.04839032193561273,0.0019996000799840027,0.001399720055988802,0,5.998800239952009e-4,0.07698460307938437,0,0,0,0,0,0,0,0,0,0,0,0,0,0,1.999600079984003e-4,0,0,0,0,0,0,0.027394521095780777,0,0,0.0037992401519696068,0,0,0,0,0,0,0,0,0,0,0,0,0,0,0,0,0,0,0,0,0,0,0,0,0,0,0,0,0,0,0,0,0,0,0,0,0,0.006998600279944014,3.999200159968006e-4,0,0,0,0,0,0,0,0,0,0,0,0,0,0,0,0,0,0,0,0,0,0,0,0,0,0,0,0,0,0,0,0,0,0,0,0,0,0,0,0,0,0
0,5.998800239952009e-4,0.013397320535892805,0,0,0,1.999600079984003e-4,1.999600079984003e-4,0,0,1.999600079984003e-4,0.1977604479104219,0,0,1.999600079984003e-4,0.22115576884623547,0.002199560087982403,0,0.0837832433513302,0.09398120375924893,0,0,3.999200159968006e-4,0,0,0,0,5.998800239952009e-4,0.008598280343931215,0,0.08038392321535728,0.004199160167966408,0,0,0,1.999600079984003e-4,0.005998800239952012,0,0,0,0,0,0,0,0,0,0,0,0,0,0,0,0,0,0,0,0,0,0.0027994401119776045,0,0,0,0,0,0,0,0,0,0,0,0,0,0,0,0,0,0,0,0,0,0,0,0,0,0,0,0,0,0,0,0,0,0,0,0,0,0,0,0,0.027794441111777576,0,0,0,0,0,0,0,0,0,0,0,0,0,0,0,0,0,0,0,0,0,0,0,0,0,0,0,0,0,0,0,0,0,0,0,0,0,0,0,0,0,0,0
0,0,0.022395520895820788,0,0,0,0,0,0,0,0,0.04939012197560473,0.0023995200959808036,0,0.0023995200959808036,0.052989402119575923,0.0035992801439712063,0.08238352329534135,0,0.4001199760047885,3.999200159968006e-4,0,0.001399720055988802,0,0,0,0,0,0.008598280343931215,0,0.08658268346330789,7.998400319936012e-4,0.002199560087982403,0,0,0,0.0031993601279744054,0,0,0,0,0,0,0,0,0,0,0,0,0,0,0,0,0,0,0,0,0,1.999600079984003e-4,0,0,0,0,0,0,0,0,0,0,0,0,0,0,0,0,0,0,0,0,0,0,0,0,0,0,0,0,0,0,0,0,0,0,0,0,0,0,0,0,0.013997200559888004,0,0,0,0,0,0,0,0,0,0,0,0,0,0,0,0,0,0,0,0,0,0,0,0,0,0,0,0,0,0,0,0,0,0,0,0,0,0,0,0,0,0,0
0,1.999600079984003e-4,0.017396520695860798,0,0,0,0,0,0,0,0,0.04919016196760633,0.0015996800639872023,1.999600079984003e-4,0.0015996800639872023,0.061387722455508706,0.003999200159968007,0.07038592281543696,0.400919816036782,0,0.0011997600479904018,0,0.002199560087982403,0,0,0,0,0,0.008798240351929614,0,0.07278544291141784,0.004199160167966408,0.0011997600479904018,0.0015996800639872023,0,3.999200159968006e-4,0.006198760247950412,0,0,0,0,0,0,0,0,0,0,0,0,0,0,0,0,0,0,0,0,0,0.002199560087982403,0,0,0,0,0,0,0,0,0,0,0,0,0,0,0,0,0,0,0,0,0,0,0,0,0,0,0,0,0,0,0,0,0,0,0,0,0,0,0,0,0.023995200959807984,0,0,0,0,0,0,0,0,0,0,0,0,0,0,0,0,0,0,0,0,0,0,0,0,0,0,0,0,0,0,0,0,0,0,0,0,0,0,0,0,0,0,0
0,0,0.008998200359928014,0,0,5.998800239952009e-4,0,0,0,1.999600079984003e-4,0.001399720055988802,9.998000399920016e-4,3.999200159968006e-4,0.2861427714457126,0.002999400119976005,7.998400319936012e-4,0.002599480103979204,0.0035992801439712063,3.999200159968006e-4,0.0017996400719856025,0,0,0.00539892021595681,0,0,0,0,0,0.07838432313537322,5.998800239952009e-4,0.008598280343931215,0.01119776044791041,0.14117176564687287,0.10317936412717563,0.22575484903019882,0,0.007998400319936016,0,0,0,0,0,0,0,0,0.007598480303939215,0,0,0,0,0,0,0,0,0.012597480503899207,0,0,0,0.0027994401119776045,0,0,0,0,0,0,0,0.013397320535892805,0,0,0,0,0,0,0,0,0,0,0,0,0,0,0,0,0,0,0,0,0,0,0,0,0,0,0,0,0,0,0,0,0.00519896020795841,0,0,0,0,0,0,0,0,0,0,0,0,0,0,0,0,0,0,0,0,0,0,0,0,0,0,0,0,0,0,0,0,0,0,0,0,0,0,0,0,0,0,0
0.0037992401519696068,0.01079784043191361,0,0.0011997600479904018,0.006998600279944014,0,0,0,0,7.998400319936012e-4,0,0,7.998400319936012e-4,0,0,0,0,0,0,0,0,0,0,0.07558488302339553,0,0.23595280943811756,0,0,0,0,0,0,0,0,0,0.02659468106378718,0,0,0,0,0,0,0,0,0,0,0,0,0,0,0,5.998800239952009e-4,0,0,0,0,0,0,0,0,0,9.998000399920016e-4,0,0,0,0,0,0,0,0,0,0,0,0,0,0,0,0,0,0,0,0,0,0,0,0,0,0,0,0,0,0,0,0,0,0,0,0,0,0,0,0,0,0,0,0,0,0,0,0,0,0,0,0,0,0,0,0,0,0,0,0,0,0,0,0,0,0,0,0,0,0,0,0,0,0,0,0,0,0,0,0,0
0.0015996800639872023,0,0.007598480303939215,0,0,0,0.0019996000799840027,0.005598880223955211,0.0067986402719456135,0.0163967206558688,0.0023995200959808036,3.999200159968006e-4,0.011797640471905608,0,0.03419316136772636,0.0019996000799840027,0.41011797640470743,0.005598880223955211,0.002599480103979204,7.998400319936012e-4,0,0,0,0,5.998800239952009e-4,0,0,9.998000399920016e-4,0.01119776044791041,0,0.015196960607878401,0.04479104179164154,0.0019996000799840027,0.0015996800639872023,0,5.998800239952009e-4,0.07198560287942421,0,0,0,0,0,0,0,0,0,0,0,0,0,0,3.999200159968006e-4,0,0,0,0,0,0,0.033593281343731164,0,0,7.998400319936012e-4,0,0,0,0,0,0,0,0,0,0,0,0,0,0,0,0,0,0,0,0,0,0,0,3.999200159968006e-4,0,0,0,0,0,0,0,0,0,0,0,0,0,0.007798440311937616,0,0,0,0,0,0,0,0,0,0,0,0,0,0,0,0,0,0,0,0,0,0,0,0,0,0,0,0,0,0,0,0,0,0,0,0,0,0,0,0,0,0,0
0.022795440911817587,0.10697860427914535,0,0.008198360327934416,0.04899020195960793,0,0,9.998000399920016e-4,0.0015996800639872023,7.998400319936012e-4,3.999200159968006e-4,0,0.005998800239952012,0,0,0,0,0,0,0,0,0.1541691661667693,0,0,7.998400319936012e-4,0.2721455708858261,0,0,0,0,0,1.999600079984003e-4,0,0,0,0.17976404719056532,0,0,0,0,0,0,0,0,0,0,0,0,0,0,5.998800239952009e-4,0.009998000399920012,0,0,0,0,0,0,0,0,0,0.0011997600479904018,0,0,0,0,0,0,0,0,0,0,0,0,0,0,0,0,0,0,0,0,0,0,0,0,0,0,0,0,0,0,0,0,0,0,0,0,0,0,0.001399720055988802,0,0,0,0,0,0,0,0,0,0,0,0,0,0,0,0,0,0,0,0,0,0,0,0,0,0,0,0,0,0,0,0,0,0,0,0,0,0,0,0,0,0
0.003399320135972806,9.998000399920016e-4,0,7.998400319936012e-4,5.998800239952009e-4,0,0.005998800239952012,0.14157168566286968,0.05598880223955192,0.0037992401519696068,5.998800239952009e-4,0,0.004399120175964808,0,0,0,0,0,0,0,0,0,0,0,0,0,0.11357728454309277,0.21655668866227212,0,0,0,0.002999400119976005,0,0,0,0,0,0,0,0,0,0,0,0,0,0,0,0,0,0,0,0,0,0,0,0,0,0.003999200159968007,0,0,0,3.999200159968006e-4,0,0,0,0,0,0,0,0,0,0.0017996400719856025,0,0.0019996000799840027,0.1053789242151581,0,0,0,0,0,0,0,0,0,0,0.01079784043191361,0.0161967606478704,0.0011997600479904018,0,0,5.998800239952009e-4,0,9.998000399920016e-4,0,0,3.999200159968006e-4,0,0,0,0,0,0.007798440311937616,3.999200159968006e-4,0,0,0,0,0,0,0,0,0,0,0,0,0,0,0,0,0,0,0,0,0,0,0,0,0,0,0,0,0,0,0,0,0,0,0,0,0,0,0,0
0.0037992401519696068,0.009398120375924813,0,3.999200159968006e-4,0.0031993601279744054,0,0,0,0,0,0,0,0,0,0,0,0,0,0,0,0,0.34673065386922136,0,0.12177564487102743,0,0,0,0,0,0,0,0,0,0,0,0.02659468106378718,0,0,0,0,0,0,0,0,0,0,0,0,0,0,0,0.001399720055988802,0,0,0,0,0,0,0,0,0,0,0,0,0,0,0,0,0,0,0,0,0,0,0,0,0,0,0,0,0,0,0,0,0,0,0,0,0,0,0,0,0,0,0,0,0,0,0,0,0,0,0,0,0,0,0,0,0,0,0,0,0,0,0,0,0,0,0,0,0,0,0,0,0,0,0,0,0,0,0,0,0,0,0,0,0,0,0,0,0,0,0
0,0,0,0,0,0,0,0.011797640471905608,0.0015996800639872023,0,0,0,0,0,0,0,0,0,0,0,0,0,0,0,0.052589482103579124,0,0,0.10257948410318041,0,0,0,0,0,0,0,0,0,0,0,0,0,0,0,0,0,0,0,0,0,0,0,0,0,0,0,0,0,0,0,0,0,0,0,0,0,0,0,0,0,0,0,0,0,0,0.3785242951409636,0,0,0,0,0,0,0,0,0,0,0.0011997600479904018,3.999200159968006e-4,0,0,0,0,0,0,0,0,0,0,0,0,0,0,0,0,0,0,0,0,0,0,0,0,0,0,0,0,0,0,0,0,0,0,0,0,0,0,0,0,0,0,0,0,0,0,0,0,0,0,0,0,0,0,0,0
0,0,0,0,9.998000399920016e-4,0,0.0011997600479904018,0.1145770845830848,0.04039192161567675,3.999200159968006e-4,0,0,0.01079784043191361,0,1.999600079984003e-4,0,0,0,0,0,0,0,0,0,0.2437512497500554,0,0.2129574085183008,0,0,0,0,3.999200159968006e-4,0,0,0,0,0,0,0,0,0,0,0,0,0,0,0,0,0,0,0,0,0,0,0,0,0,0.0017996400719856025,0,0,0,3.999200159968006e-4,0,0,0,0,0,0,0,0,0,0.002599480103979204,3.999200159968006e-4,0.001399720055988802,0.22615476904619564,0,0,0,0,0,0,0,0,0,0,0.003999200159968007,0.0067986402719456135,0.0027994401119776045,0,0,3.999200159968006e-4,0,0.003399320135972806,0,0,0,0,0,0,0,0,0.0031993601279744054,5.998800239952009e-4,0,0,0,0,0,0,0,0,0,0,0,0,0,0,0,0,0,0,0,0,0,0,0,0,0,0,0,0,0,0,0,0,0,0,0,0,0,0,0,0
0,0,0.052589482103579124,1.999600079984003e-4,0,0.0049990001999600095,0.006598680263947213,3.999200159968006e-4,0.007798440311937616,0.008798240351929614,0.0023995200959808036,0.007998400319936016,0.014997000599880001,0.03699260147970396,0.03959208158368315,0.008398320335932815,0.03179364127174557,0.02099580083983199,0.017796440711857597,0.014997000599880001,0.062187562487502304,0,0.028194361127774376,0,0,0,0,0,0,0.0011997600479904018,0.09118176364727124,0.07218556288742262,0.07658468306338756,0.05438912217556472,0.03699260147970396,3.999200159968006e-4,0.08938212357528558,0,0,0,0,0,0,0,0,0.023395320935812786,0,0,0,0,0,0,0,0,0.03459308138372316,0,0,0,0.02559488102379518,0,0,1.999600079984003e-4,0,0,0,0,0.02559488102379518,0,0,0,0,0,0,0,0,0,0,0,0,0,0,0,0,0,0,0,0,0,0,0,0,0,0,0,0,0,0,0,0,0.04439112177564474,1.999600079984003e-4,0,0,0,0,0,0,0,0,0,0,0,0,0,0,0,0,0,0,0,0,0,0,0,0,0,0,0,0,0,0,0,0,0,0,0,0,0,0,0,0,0,0
0,0,0,0,0,0.2437512497500554,0,0,0,0,0,0,0,0.0017996400719856025,0,0,0,0,0,0,0.014197160567886403,0,0,0,0,0,0,0,0.018796240751849595,0,0.002199560087982403,0,0.012597480503899207,0.012197560487902407,0.0019996000799840027,0,0,0,0,0,0,0,0,0,0,0.1817636472705494,0,0,0,0,0,0,0,0,0.04959008198360313,0,0,0,0,0,0,0,0,0,0,0,0.06018796240751831,0,0,0,0.07518496300739871,0,0,0,0,0,0,0,0,0,0,0,0,0,0,0,0,0,0,0,0,0,0,0,0,0,0.10197960407918519,0,0,0,0,0,0,0,0,0,0,0,0,0,0,0,0,0,0,0,0,0,0,0,0,0,0,0,0,0,0,0,0,0,0,0,0,0,0,0,0,0,0,0,0,0,0
5.998800239952009e-4,0.001399720055988802,0.1147770445910832,0,0,0,0.0023995200959808036,0.0017996400719856025,0.0015996800639872023,0.002199560087982403,7.998400319936012e-4,0.10497900419916129,0.00539892021595681,0.0019996000799840027,0.012597480503899207,0.08598280343931267,0.033593281343731164,0.14477104579084418,0.12737452509498282,0.13757248550290155,0.006998600279944014,0,0.017596480703859198,0,3.999200159968006e-4,0,0,0,0.04839032193561273,0,0,0.03719256148770236,0.010197960407918412,0.0011997600479904018,1.999600079984003e-4,7.998400319936012e-4,0.03899220155968795,0,0,0,0,0,0,0,0,0.0017996400719856025,0,0,0,0,0,0,0,0,7.998400319936012e-4,0,0,0,0.016996600679864,0,0,0,0,0,0,0,3.999200159968006e-4,0,0,0,0,0,0,0,0,0,0,0,0,0,0,0,0,0,0,0,0,0,0,0,0,0,0,0,0,0,0,0,0,0.1421715656868649,0,0,0,0,0,0,0,0,0,0,0,0,0,0,0,0,0,0,0,0,0,0,0,0,0,0,0,0,0,0,0,0,0,0,0,0,0,0,0,0,0,0,0
0.022795440911817587,0.018596280743851196,0.017996400719855997,0.002999400119976005,0.00519896020795841,1.999600079984003e-4,0.03579284143171356,0.03119376124775037,0.07998400319936047,0.07238552289542102,0.037392521495700756,0.0067986402719456135,0.10157968406318837,0,0.12877424515097166,0.00539892021595681,0.08598280343931267,0.006198760247950412,0.009398120375924813,0.010397920415916811,0.0011997600479904018,1.999600079984003e-4,0.09538092381523777,0.002199560087982403,0.013197360527894405,7.998400319936012e-4,7.998400319936012e-4,0.015196960607878401,0.02539492101579678,1.999600079984003e-4,0.03419316136772636,0,0.001399720055988802,0,0,0.010397920415916811,0.16756648670266253,0,0,0,0,0,0,0,0,1.999600079984003e-4,0,0,0,0,0,0.0019996000799840027,0,0,3.999200159968006e-4,0,0,0.002199560087982403,0.08358328334333179,0,0,0.018596280743851196,0,0,0,0,3.999200159968006e-4,0,0,0,0,1.999600079984003e-4,5.998800239952009e-4,5.998800239952009e-4,0.006198760247950412,0,0,0,0,0,0,0,0,0,0,0.0011997600479904018,0.0017996400719856025,1.999600079984003e-4,0,0,5.998800239952009e-4,0,9.998000399920016e-4,0,0,0,0,0,0,0.03959208158368315,0.0019996000799840027,0.001399720055988802,0.0011997600479904018,0,1.999600079984003e-4,0,0,0,0,0,0,0,0,0,0,0,0,0,0,0,0,0,0,0,0,0,0,0,0,0,0,0,0,0,0,0,0,0,0,0,0,0,0
0,0,0.008998200359928014,0,0,0.002199560087982403,0,0,1.999600079984003e-4,7.998400319936012e-4,3.999200159968006e-4,0.0011997600479904018,9.998000399920016e-4,0.11917616476704815,0.007798440311937616,0.0031993601279744054,0.005798840231953611,0.0015996800639872023,0.0045990801839632086,0.0023995200959808036,0.13737252549490314,0,0.0045990801839632086,0,0,0,0,0,0.10737852429514216,0.001399720055988802,0.02059588082383519,0.005998800239952012,0,0.5406918616276488,0.06698660267946405,0,0.02199560087982399,0,0,0,0,0,0,0,0,0.018796240751849595,0,0,0,0,0,0,0,0,0.04379124175164954,0,0,0,0.007798440311937616,0,0,0,0,0,0,0,0.017996400719855997,0,0,0,0,0,0,0,0,0,0,0,0,0,0,0,0,0,0,0,0,0,0,0,0,0,0,0,0,0,0,0,0,0.010397920415916811,0,0,0,0,0,0,0,0,0,0,0,0,0,0,0,0,0,0,0,0,0,0,0,0,0,0,0,0,0,0,0,0,0,0,0,0,0,0,0,0,0,0,0
0,0,0.012197560487902407,0,0,0.001399720055988802,1.999600079984003e-4,0,0,0,1.999600079984003e-4,0.0031993601279744054,3.999200159968006e-4,0.05338932213557272,0.0035992801439712063,0.0031993601279744054,0.003399320135972806,1.999600079984003e-4,7.998400319936012e-4,0.0011997600479904018,0.09998000399920112,0,0.0031993601279744054,0,0,0,0,0,0.07418516296740668,0.001399720055988802,0.017596480703859198,0.007398520295940815,0.34973005398919704,0,0.04179164167166555,0,0.009998000399920012,0,0,0,0,0,0,0,0,0.012397520495900807,0,0,0,0,0,0,0,0,0.03159368126374717,0,0,0,0.001399720055988802,0,0,0,0,0,0,0,0.025194961007798382,0,0,0,0,0,0,0,0,0,0,0,0,0,0,0,0,0,0,0,0,0,0,0,0,0,0,0,0,0,0,0,0,0.009998000399920012,0,0,0,0,0,0,0,0,0,0,0,0,0,0,0,0,0,0,0,0,0,0,0,0,0,0,0,0,0,0,0,0,0,0,0,0,0,0,0,0,0,0,0
0,0,0.004199160167966408,0,0,0,0,0,0,7.998400319936012e-4,0,1.999600079984003e-4,0,0.3463307338532246,5.998800239952009e-4,1.999600079984003e-4,0,3.999200159968006e-4,5.998800239952009e-4,0,0.15816836632673742,0,0.00519896020795841,0,0,0,0,0,0.029794041191761572,0,0.0019996000799840027,0.0027994401119776045,0.042991401719655944,0.023595280943811185,0,0,0.005598880223955211,0,0,0,0,0,0,0,0,0.001399720055988802,0,0,0,0,0,0,0,0,0.0035992801439712063,0,0,0,0.0019996000799840027,0,0,0,0,0,0,0,0.0037992401519696068,0,0,0,0,0,0,0,0,0,0,0,0,0,0,0,0,0,0,0,0,0,0,0,0,0,0,0,0,0,0,0,0,3.999200159968006e-4,0,0,0,0,0,0,0,0,0,0,0,0,0,0,0,0,0,0,0,0,0,0,0,0,0,0,0,0,0,0,0,0,0,0,0,0,0,0,0,0,0,0,0
0.06678664267146564,0.1973605278944251,0,0.04559088182363514,0.09458108378324415,0,0.0035992801439712063,0.0045990801839632086,0.011797640471905608,0.00539892021595681,0.0037992401519696068,0,0.02639472105578878,0,7.998400319936012e-4,0,0,0,0,0,0,0.07398520295940827,7.998400319936012e-4,0.21455708858228806,0.0011997600479904018,0.11877624475105134,0,0.0017996400719856025,0,0,0,0.006198760247950412,0,0,0,0,7.998400319936012e-4,0,0,0,0,0,0,0,0,0,0,0.0011997600479904018,0,0,1.999600079984003e-4,0.047390521895620735,0,0,0,0,0,3.999200159968006e-4,0,0,0,0.02179564087182559,0,0,0.0011997600479904018,0,0,0,0,0,0,0,0,0,3.999200159968006e-4,0,0,0,0,0,0,0,0,0,0,1.999600079984003e-4,0,0,0,0,0,0,0,0,0,0,0,0,0,0,0.008798240351929614,0,0,0,0,0,0,0,0,0,0,0,0,0,0,0,0,0,0,0,0,0,0,0,0,0,0,0,0,0,0,0,0,0,0,0,0,0,0,0,0,0,0
0.0035992801439712063,0.002199560087982403,0.04359128174365114,0.002199560087982403,5.998800239952009e-4,0,0.013197360527894405,0.02179564087182559,0.028594281143771175,0.042991401719655944,0.009798040391921612,0.004199160167966408,0.04979004199160153,0.003999200159968007,0.12117576484703221,0.010197960407918412,0.11197760447910551,0.014797040591881602,0.012997400519896006,0.009398120375924813,0.007398520295940815,0,0.11057788442311667,0.0023995200959808036,0.005798840231953611,0,0,0.0015996800639872023,0.061187762447510306,0,0.05998800239951991,0.13797240551889836,0.008998200359928014,0.011797640471905608,0.002999400119976005,0.006198760247950412,0,0,0,0,0,0,0,0,0,0,0,0,0,0,0,7.998400319936012e-4,0,0,5.998800239952009e-4,0,0,0,0.0929814037192569,0,0,0.009598080383923213,0,0,0,0,5.998800239952009e-4,0,0,0,0,0,0,0,0,0,0,0,0,0,0,0,0,0,0,0,0,0,0,0,0,0,0,0,0,0,0,0,0,0.03459308138372316,0,0,0,0,0,0,0,0,0,0,0,0,0,0,0,0,0,0,0,0,0,0,0,0,0,0,0,0,0,0,0,0,0,0,0,0,0,0,0,0,0,0,0
0,0,0,0,0,0,0,0,0,0,0,0,0,0,0,0,0,0,0,0,0,0,0,0,0,0,0,0,0,0,0,0,0,0,0,0,0,0,0,0,0,0,0,0,0.20115976804639482,0,0,0,0,0,0,0,0,0,0,0,0,0,0,0,0,0,0,0,0,0,0,0,0,0,0,0,0,0,0,0,9.998000399920016e-4,0,0,0,0,0,0,0,0,0,0,0,0,0,0,0,0,0,0,0,0,0,0,0,0,0,0,0,0,0,0.04199160167966395,0.010397920415916811,0.006598680263947213,0.008398320335932815,0,0,0,0,0,0,0,0,0,0,0,0,0,3.999200159968006e-4,0,0,0.004799040191961609,0.381923615276936,0.004799040191961609,0.051789642071585526,0.008998200359928014,0.006998600279944014,0.011997600479904008,0.013197360527894405,0.025194961007798382,0.005998800239952012,0.007398520295940815,0.007398520295940815,0.011397720455908809,0.04059188162367515,0.011997600479904008,0.012397520495900807,0.0027994401119776045
0,0,0,0,0,0,0,0,0,0,0,0,0,0,0,0,0,0,0,0,0,0,0,0,0,0,0,0,0,0,0,0,0,0,0,0,0,0,0,0,0,0,0,0,0,0,0,0,0,0,0,0,0,0,0,0,0,0,0,0,0,0,0,0,0,0,0,0,0,0,0,0,0,0,0,0,0,0,0,0,0,0,0,0,0,0,0,0,0,0,0,0,0,0,0,0,0,0,0,0,0,0,0,0,0,0,0,0,0,0,0.002999400119976005,0,0,0,0,0,0,0,0,0,0,0,0.05098980203959193,0,0,0,0,0,0,0,0,0,0,0,0,0,0,0,0,0,0,0,0
0,0,0,0,0,3.999200159968006e-4,0,0,0,0,0,0,0,0,0,0,0,0,0,0,0,0,0,0,0,0,0,0,0,0.0023995200959808036,0,0,0,0,0,0,0,1.999600079984003e-4,0,0,0,0,0.01079784043191361,0,3.999200159968006e-4,1.999600079984003e-4,0,0,0,0,0,0,0.0161967606478704,0,0,0,0,0,0,0,0.02679464107178558,0,0,0,0,0,0,0,0,0,0.013797240551889604,0,0,0,0,0,0,0.07038592281543696,0,0,0,0.012797440511897606,0.024595080983803183,1.999600079984003e-4,0,0,0,0,0.03239352129574077,3.999200159968006e-4,0,0,0,0,0,0,0.023195360927814386,0,0.0035992801439712063,0,0,0,0,0,0,7.998400319936012e-4,3.999200159968006e-4,0,0.002599480103979204,0,0,0,0,0,0,0,0,0,0,0,0,0,0,0,0.0037992401519696068,0,0,0,0,1.999600079984003e-4,0,0,1.999600079984003e-4,9.998000399920016e-4,0.001399720055988802,0,0,1.999600079984003e-4,0,5.998800239952009e-4,0,0,0
0,0,0,0,0,0,0,0,0,0,0,0,0,0,0,0,0,0,0,0,0,0,0,0,0,0,0,0,0,0,0,0,0,0,0,0,0,0,0,0,0,0,0,0.02599480103979198,0,0,3.999200159968006e-4,0,0.008598280343931215,0.2215556888622323,0,0,0,0,0,0,0.011597680463907209,0,0,0.05318936212757432,0,0,0,0,0,0,0,0.008398320335932815,0.018996200759847995,0,0,0,0,0,0,0,0,0,0,0,0,0.0011997600479904018,0,0,7.998400319936012e-4,0,0,0,0,0,0,0,0,0,0,0,0,0,0,0,0,0,0,0,0,0,0,0,0,0,5.998800239952009e-4,9.998000399920016e-4,0.0045990801839632086,0.029794041191761572,7.998400319936012e-4,7.998400319936012e-4,0.014997000599880001,0.0011997600479904018,0,0,0,0,0,0,0.0011997600479904018,0,0,0,0,0,0,0,0,0,0,0,0,0,0,0,0,0,0
0,0,0,0,0,0,0,0,0,0,0,0,0,0,0,0,0,0,0,0,0,0,0,0,0,0,0,0,0,0,0,0,0,0,0,0,0,0,0,0,0,0,0,0,0,0,0,0,0,0,0,0,0,0,0,0,0,0,0,0,0,0,0,0,0,0,0,0,0,0.0165966806638672,0,0,0,0,0,0,0,0,0,0.41191761647669284,0.04019196160767835,0,0,0.16236752649470396,0,0,0,0,0,0,0,0,0,0,0,0,0,0.022795440911817587,0.03599280143971196,0,0,0,0,0,0,0.0171965606878624,0,0,0,0,0,0,0,0,0,0,0,0,0,0,0,0,0,0,0,0,0,0,0,0,0,0,0,0,0,0,0,0,0,0,0,0,0
0,0,0,0,0,0,0,0,0,0,0,0,0,0,0,0,0,0,0,0,0,0,0,0,0,0,0,0,0,0,0,0,0,0,0,0,0,0,0,0.0017996400719856025,0,0,0,0,0,0,0,0,0,0,0,0,0.3841231753649182,0,0,0,0,0,0,0,3.999200159968006e-4,0,0,0,0,0,0,0,0,0,0.002199560087982403,0,0,0,0,0,0,7.998400319936012e-4,0,0,0,0,0,0,0,0,0,0,0,0,0,0,0,0,0,0,5.998800239952009e-4,0,0,0,0,0,0,0,0,0,0,1.999600079984003e-4,1.999600079984003e-4,1.999600079984003e-4,0,0,0,0,0,0,0,0,0,0,0,0,0,0,0,0,0,0,0,0,0,0,0,0,0,0,0,0,0,0,0,0,0
0,0,0,0,0,0,0,0,0,0,0,0,0,0,0,0,0,0,0,0,0,0,0,0,0,0,0,0,0,0,0,0,0,0,0,0,0,0,0,0.0035992801439712063,5.998800239952009e-4,0,0,0,0,0,0.033193361327734365,0,0.023395320935812786,0.005598880223955211,0,0,0,0.008798240351929614,0,0.03139372125574877,0.024995000999799982,0,0,0.0901819636072792,5.998800239952009e-4,0,0.004199160167966408,0,0,0,0,0.023795240951809585,0.02119576084783039,0,0,0,0,0,0,0,0,0.008398320335932815,0.005598880223955211,0,1.999600079984003e-4,0.029394121175764773,1.999600079984003e-4,0,0.037592481503699156,0,0,0,0.0167966406718656,0.01099780043991201,0,0.019796040791841593,0,0,0,0,0,0,0.001399720055988802,0,0,0,0,0,0,0.005798840231953611,0,0,0,0,0,0,0,0,0,0,0,0,0,0,0,0,0,0,0.04599080183963194,0.028194361127774376,0,0,0,0,0,0,0,0,0,0,0,0,0,0,0,0,0
0,0,0,0,0,0,0,0,0,0,0,0,0,0,0,0,0,0,0,0,0,0,0,0,0,0,0,0,0,0,0,0,0,0,0,0,0,0.1971605678864267,0,0,0,0,0,0,0,0,0,0,0,0,0,0,0,0,0,0,0,0,0,0,0,0,0,0,0,0,0,0,0,0,0,0,0,0,0,0,1.999600079984003e-4,0,0,0,0,0,0,0,0,0,0,0,0,0,0,0,0,0,0,0,0,0,0,0,0,0,0,0,0,0,0.061787642471505505,0.006598680263947213,0.017396520695860798,0.012797440511897606,0,0,0,0,0,0,0,0,0,0,0,0,0,0.0017996400719856025,0,0,0.005998800239952012,0.20575884823035817,0.005998800239952012,0.08478304339132223,0.022795440911817587,0.013997200559888004,0.011597680463907209,0.0153969206158768,0.037392521495700756,0.014397120575884803,0.01119776044791041,0.01079784043191361,0.012397520495900807,0.07738452309538119,0.02119576084783039,0.0167966406718656,0.008998200359928014
0,0,0.0027994401119776045,0,0,0.21435712857428965,0,0,0,0,0,0,0,0.01059788042391521,0.002599480103979204,0,0.003399320135972806,0.0017996400719856025,5.998800239952009e-4,0.001399720055988802,0.047190561887622336,0,5.998800239952009e-4,0,0,0,0,0,0.06378724255148954,0.10697860427914535,0.008798240351929614,0.006398720255948813,0.06958608278344333,0.042791441711657545,0.009598080383923213,0,0.011797640471905608,0,0,0,0,0,0,0,0,0,0,0,0,0,0,0,0,0,0.14997000599880275,0,0,0,1.999600079984003e-4,0,0,0,0,0,0,0,0.18016396720656214,0,0,0,0.006598680263947213,0,0,0,0,0,0,0,0,0,0,0,0,0,0,0,0,0,0,0,0,0,0,0,0,0,0.02079584083183359,0,0,0.008998200359928014,0,0,0,0,0,0,0,0,0,0,0,0,0,0,0,0,0,0,0,0,0,0,0,0,0,0,0,0,0,0,0,0,0,0,0,0,0,0,0,0,0,0,0
0,0,0,0,0,0,0,0,0,0,0,0,0,0,0,0,0,0,0,0,0,0,0,0,0,0,0,0,0,0,0,0,0,0,0,0,0,0,0,0,0,0,0,0.0037992401519696068,0,0,0,0,0,0,0,0,0,0.0011997600479904018,0,0.4225154969006069,0,0,0,0.0015996800639872023,0,0,0.0015996800639872023,0,0,0,0,0,0,0,0,0,0,0,0,0,0,0,0.002199560087982403,0,0,7.998400319936012e-4,0,0,5.998800239952009e-4,0,0,0,0.0011997600479904018,0.002199560087982403,0,0.0011997600479904018,0,0,0,0,0,0,3.999200159968006e-4,0,0,0,0,0,0,0,0,0,0,0,0,0,0,0,0,0,0,0,0,0,0,0,0,0,0.0045990801839632086,0.0031993601279744054,0,0,0,0,0,0,0,0,0,0,0,0,0,0,0,0,0
0.00539892021595681,0,0,0.019196160767846394,0,0,0,0,0,0,0,0,0,0,0,0,0,0,0,0,0,0,0,0,0,0,0,0,0,0,0,0,0,0,0,0,0,0,0,0,0,0,0,0,0,0,0,0,0,0,0.019196160767846394,0,0,0,0,0,0,0,0,0,0,0,0,0,0,0,0,0,0,0,0,0,0,0,0,7.998400319936012e-4,0,0,0,0,0,0,0,0,0,0,0,0,0,0,0,0,0,0,0,0,0,0,0,0,0,0,0,0,0,0,0,0,0,0,0,0,0,0,0,0,0,0,0,0,0,0,0,0,0,0,0,0,0,0,0,0,0,0,0,0,0,0,0,0,0,0,0
0,0,0,0,0,0,0,0,0,0,0,0,0,0,0,0,0,0,0,0,0,0,0,0,0,0,0,0,0,0,0,0,0,0,0,0,0,0,0,3.999200159968006e-4,5.998800239952009e-4,0,0,0.009998000399920012,0,0,0.0019996000799840027,0,0,0.003399320135972806,0,0,0,1.999600079984003e-4,0,3.999200159968006e-4,0.43931213757247073,0,0,0.012597480503899207,0,0,0,0,0,0,0,0.005598880223955211,0.009998000399920012,3.999200159968006e-4,0,0,0,0,0,0,0,0,1.999600079984003e-4,0,0,0.0023995200959808036,0,0,0.0011997600479904018,0,0,0,0,7.998400319936012e-4,0,0.0011997600479904018,0,0,0,0,0,0,0,0,0,0,0,0,0,0,0,0,0,0,0,0,0,0,0,0,0,0,0,0,0,0,0,0,9.998000399920016e-4,0,0,0,0,0,0,0,0,0,0,0,0,0,0,0,0,0,0
0,0,0,0,0,0,0,0,0,0,0,0,0,0,0,0,0,0,0,0,0,0,0,0,0,0,0,0,0,0,0,0,0,0,0,0,0,0,0,0,0.21935612877424981,0,0,0.05538892221555672,0,0,1.999600079984003e-4,0,0.033393321335732765,0,0,0,0,0,0,3.999200159968006e-4,0.024795040991801583,0,0,0.09878024395121068,0,0,0,0,0,0,0,0.029994001199759972,0.04619076184763034,0,0,0,0,0,0,0,0,1.999600079984003e-4,0,0,0,0.0017996400719856025,0,0,0.001399720055988802,0,0,0,1.999600079984003e-4,0,0,3.999200159968006e-4,0,0,0,0,0,0,0,0,0,0,0,0,0,0,0,0,0,0,3.999200159968006e-4,0,7.998400319936012e-4,0.011997600479904008,0,5.998800239952009e-4,0.003999200159968007,1.999600079984003e-4,0,0,0,0,0,0,0.0037992401519696068,9.998000399920016e-4,0,0,0,0,0,0,0,0,0,0,0,0,0,0,0,0,0
9.998000399920016e-4,0,0,5.998800239952009e-4,0,0,0,0,0,0,0,0,0,0,0,0,0,0,0,0,0,0,0,0,0,0,0,0,0,0,0,0,0,0,0,0,0,0,0,0,0,0,0,0,0,0,0,0.003399320135972806,0,0,0,0,0,0,0,0,0,0,0,0,0,0,0,0,0,0,0,0,0,0,0,0,0,0,0,0.1207758448310354,0,0,0,0,0,0,0,0,0,0,0,0,0,0,0,0,0,0,0,0,0,0,0,0,0,0,0,0,0,0,0,0,0,0,0,0,0,0,0,0,0,0,0,0,0,0,0,0,0,0,0,0,0,0,0,0,0,0,0,0,0,0,0,0,0,0,0
0.0161967606478704,0.02179564087182559,0,0.008798240351929614,0.18376324735053345,0,3.999200159968006e-4,0,1.999600079984003e-4,0,0,0,0.001399720055988802,0,0,0,0,0,0,0,0,0.001399720055988802,0,0.008198360327934416,3.999200159968006e-4,0.004799040191961609,0,0,0,0,0,0,0,0,0,0.0167966406718656,0,0,0,0,0,0,0,0,0,0,0,0,0,0,0,0,0,0,0,0,0,0,0,0,0,0.0011997600479904018,0,0,0,0,0,0,0,0,0,0,0,0,0,0,0,0,0,0,0,0,0,0,0,0,0,0,0,0,0,0,0,0,0,0,0,0,0,0,0.002999400119976005,0,0,0,0,0,0,0,0,0,0,0,0,0,0,0,0,0,0,0,0,0,0,0,0,0,0,0,0,0,0,0,0,0,0,0,0,0,0,0,0,0,0
0,0,0,0,0,0,0,0,0,0,0,0,0,0,0,0,0,0,0,0,0,0,0,0,0,0,0,0,0,3.999200159968006e-4,0,0,0,0,0,0,0,0,0,0.0017996400719856025,0,0,0.4133173365326815,0,0,0,0,0,0,0,0,0,0,0,0,0,0,0,0,0,0,0,0,0,0,0,0,0,0,0,0.002199560087982403,0,0,0,0,0,0,9.998000399920016e-4,0,0,0,3.999200159968006e-4,9.998000399920016e-4,0,0,0,0,0,0.0019996000799840027,0,0,0,0,0,0,0,3.999200159968006e-4,0,0,0,0,0,0,0,0,0,0,0,0,1.999600079984003e-4,0,0,0,0,0,0,0,0,0,0,0,0,0,0,0,0,0,0,0,0,0,0,0,0,0,0,0,0,0,0,0,0,0
0,0,0,0,0,0,0,0,0,0,0,0,0,0,0,0,0,0,0,0,0,0,0,0,0,0,0,0,0,0,0,0,0,0,0,0,0,0,0,0,0,0,0,0,0,0,0,0,0,0,0,0,0,0,0,0,0,0,0,0,0,0,0.027994401119775976,0,0,0,0,0,0,0,0,0,0,0,0,0,0,0,0.052989402119575923,0,0,0,0,0,0,0,0,0,0,0.4671065786842454,0,0.06078784243151351,0,0,0,0,0,0,0,0,0,0,0,0,0,0,0,0,0,0,0,0,0,0,0,0,0,0,0,0,0,0,0,0,0,0,0,0,0,0,0,0,0,0,0,0,0,0,0,0,0,0,0
0,0,0.00539892021595681,0,0,0.03099380123975197,0,0,0,0,0,0,0,0.01099780043991201,5.998800239952009e-4,0,7.998400319936012e-4,9.998000399920016e-4,0.0017996400719856025,0.002199560087982403,0.04139172165566875,0,0.0017996400719856025,0,0,0,0,0,0.03619276144771036,0.013797240551889604,0.003399320135972806,0.0027994401119776045,0.033193361327734365,0.02199560087982399,0.020195960807838392,0,0.0031993601279744054,0,0,0,0,0,0,0,0,0.0747850429914019,0,0,0,0,0,0,0,0,0,0,0,0,1.999600079984003e-4,0,0,0,0,0,0,0,0.4171165766846507,0,0,0,0,0,0,0,0,0,0,0,0,0,0,0,0,0,0,0,0,0,0,0,0,0,0,0,0,0,0,0,0,0.0045990801839632086,0,0,0,0,0,0,0,0,0,0,0,0,0,0,0,0,0,0,0,0,0,0,0,0,0,0,0,0,0,0,0,0,0,0,0,0,0,0,0,0,0,0,0
0,0,0,0,0,0,0,0,0,0,0,0,0,0,0,0,0,0,0,0,0,0,0,0,0,0,0,0,0,0,0,0,0,0,0,0,0,0,0,0,0,0,0,0.005998800239952012,0,0,0.4397120575884675,0,0,0,0,0,0,0.001399720055988802,0,0,0,0,0,0.0011997600479904018,0,0,5.998800239952009e-4,0,0,0,0,0,1.999600079984003e-4,1.999600079984003e-4,0,0,0,0,0,0,0,9.998000399920016e-4,7.998400319936012e-4,0,0,0.0067986402719456135,0,0,0.004199160167966408,0,0,0,0.0015996800639872023,0.001399720055988802,0,9.998000399920016e-4,0,0,0,0,0,1.999600079984003e-4,0,0,0,0,0,0,0,3.999200159968006e-4,0,0,0,0,0,0,0,0,0,0,0,0,0,0,0,0,0,0,0.00519896020795841,0.0023995200959808036,0,0,0,0,0,0,0,0,0,0,0,0,0,0,0,0,0
0,0,0,0,0,0,0,0,0,0,0,0,0,0,0,0,0,0,0,0,0,0,0,0,0,0,0,0,0,0,0,0,0,0,0,0,0,0,0,1.999600079984003e-4,0,0,0,0.006598680263947213,0,0,0,0,0.4677064587082405,0.0017996400719856025,0,0,0,0,0,1.999600079984003e-4,0,0,0,0.012797440511897606,0,0,0,0,0,0,0,0.007998400319936016,0.008198360327934416,1.999600079984003e-4,0,0,0,0,0,0,0,0,0,0,0,9.998000399920016e-4,0,0,0.0027994401119776045,0,0,0,0,0,0,3.999200159968006e-4,0,0,0,0,0,0,0,0,0,0,0,0,0,1.999600079984003e-4,0,0,0,0,0,0,0,0,0,0,0,0,0,0,0,0,0,0,0.006398720255948813,3.999200159968006e-4,0,0,0,0,0,0,0,0,0,0,0,0,0,0,0,0,0
0,0,0,0,0,0,0,0,0,0,0,0,0,0,0,0,0,0,0,0,0,0,0,0,0,0,0,0,0,0,0,0,0,0,0,0,0,0,0,0,0,0,0,0,0,0,0,0,0,0,0,0,0,0,0,0,0,0,0,0,0,0,0,0,0,0.0011997600479904018,0,0,0,0,0,0.042791441711657545,0.010197960407918412,0.03219356128774237,0,0,0,0,0,0,0,0,0,0,0,0.04619076184763034,0.07678464307138597,0.024395120975804784,0,0,0.02079584083183359,0,0.037792441511697555,0.003399320135972806,0.0031993601279744054,0.013797240551889604,0,0,0,0,0,0.2607478504299185,0.019396120775844794,5.998800239952009e-4,0.004799040191961609,0,0,0,0,0,0,0,0,0,0,0,0,0,0,0,0,0,0,0,0,0,0,0,0,0,0,0,0,0,0,0,0,0,0,0,0,0,0
5.998800239952009e-4,3.999200159968006e-4,0.011597680463907209,1.999600079984003e-4,0,0,0.0035992801439712063,0.0023995200959808036,0.012197560487902407,0.009798040391921612,0.0019996000799840027,0.0023995200959808036,0.018196360727854397,5.998800239952009e-4,0.3503299340131922,3.999200159968006e-4,0.02639472105578878,0.004799040191961609,0.004199160167966408,0.001399720055988802,0,1.999600079984003e-4,0.027794441111777576,0,0,0,0,0,0.009998000399920012,0,0.012797440511897606,0.04399120175964794,3.999200159968006e-4,0,0,0.0037992401519696068,0.05498900219955992,0,0,0,0,0,0,0,0,0,0,0,0,0,0,0,0,0,0,0,0,0,0,0,0,0,0,0,0,0,0,0,0,0,0,0,0,0,0,0,0,0,0,0,0,0,0,0,0,0,0,0,0,0,0,0,0,0,0,0,0,0,0,0.01119776044791041,0,0,0,0,0,0,0,0,0,0,0,0,0,0,0,0,0,0,0,0,0,0,0,0,0,0,0,0,0,0,0,0,0,0,0,0,0,0,0,0,0,0,0
0,0,0,0,0,0,0,0,0,0,0,0,0,0,0,0,0,0,0,0,0,0,0,0,0,0,0,0,0,0,0,0,0,0,0,0,0,0,0,0.001399720055988802,0.013197360527894405,0,0,0.11297740451909755,0,0,0.024795040991801583,0,0.061787642471505505,0.03119376124775037,0,0,0,0.002599480103979204,0,0.0155968806238752,0.07018596280743855,0,0,0,0,0,0.00539892021595681,0,0,0,0,0.04579084183163354,0.05498900219955992,0,0,0,0,0,0,0,0,0.003399320135972806,0.003999200159968007,0,5.998800239952009e-4,0.022595480903819187,0,0,0.012397520495900807,0,0,0,0.007998400319936016,0.006198760247950412,0,0.00519896020795841,0,0,0,0,0,0,0.0015996800639872023,0,0,0,0,0,0,0.0031993601279744054,0,0,0,0,0,0,0,0,0,0,0,0,0,0,0,0,0,0,0.029194161167766373,0.017996400719855997,0,0,0,0,0,0,0,0,0,0,0,0,0,0,0,0,0
0,0,0,0,0,0,0,0,0,0,0,0,0,0,0,0,0,0,0,0,0,0,0,0,0,0,0,0,0,0,0,0,0,0,0,0,0,0,0,0.003399320135972806,0,0,3.999200159968006e-4,0,0,0,0,0,0,0,0,0,0,0,0,0,0,0,0,0,0,0,0,0,0,0,0,0,0,0,7.998400319936012e-4,0,0,0,0,0,0,0.004399120175964808,0,0,0,7.998400319936012e-4,0.419916016796628,0,0,0,0,0,7.998400319936012e-4,0,0,0,0,0,0,0,7.998400319936012e-4,3.999200159968006e-4,0,0,0,0,0,0,0,1.999600079984003e-4,0,0,0,0,0,0,0,0,0,0,0,0,0,0,0,0,0,0,0,0,0,0,0,0,0,0,0,0,0,0,0,0,0,0,0,0,0
0.020195960807838392,0.019996000799839993,0,0.010397920415916811,0.018196360727854397,0,0.006598680263947213,0.00539892021595681,0.008198360327934416,0.005798840231953611,0.003399320135972806,0,0.037392521495700756,0,0.0011997600479904018,0,1.999600079984003e-4,0,0,0,0,0.0017996400719856025,0,0.007398520295940815,0.001399720055988802,0.0023995200959808036,0,0.001399720055988802,0,0,0,0.007198560287942414,0,0,0,0.020195960807838392,3.999200159968006e-4,0,0,0,0,0,0,0,0,0,0,0,0,0,0,0.002999400119976005,0,0,0,0,0,0,0.0023995200959808036,0,0,0,0,0.16176764647070874,0.1571685662867454,0,0,0,0,0,0,0,0,0,0,0,0,0,0,0,0,0,0,0,0,0,0,0,0,0,0,0,0,0,0,0,0,0,0,0,0.742451509698013,0,0,0,0,0,0,0,0,0,0,0,0,0,0,0,0,0,0,0,0,0,0,0,0,0,0,0,0,0,0,0,0,0,0,0,0,0,0,0,0,0,0
0,0,0,0,0,0,0,0,0,0,0,0,0,0,0,0,0,0,0,0,0,0,0,0,0,0,0,0,0,0,0,0,0,0,0,0,0,0,0,0,0,0,0,3.999200159968006e-4,0,0,0,0,0,0,0,0,0,0.046990601879623936,0,0,0,0,0,0,0,0,0,0,0,0,0,0,0,0,0,0,0,0,0,0,0,5.998800239952009e-4,0.3171365726854613,0,0,0,1.999600079984003e-4,0,0,0,0,0,0,0.029794041191761572,0,0.14697060587882665,0,0,0,0,0,0,0,0,0,0,0,0,0,0,0,0,0,0,0,0,0,0,0,0,0,0,0,0,0,0,0,0,3.999200159968006e-4,0,0,0,0,0,0,0,0,0,0,0,0,0,0,0,0,0,0
0,0,0,0,0,0,0,0,0,0,0,0,0,0,0,0,0,0,0,0,0,0,0,0,0,0,0,0,0,0,0,0,0,0,0,0,0,0,0,0,0,0,0,0,0,0,0,0,0,0,0,0,0,0,0,0,0,0,0,0,0,0.00519896020795841,0,0,0.4431113777244399,0,0,0,0,0,0,0,0,0,0,0,0,0,0,0,0,0,0,0,0,0,0,0,0,0,0,0,0,0,0,0,0,0,0,0,0.03159368126374717,0,0,0,0,0,0,0,0,0,0,0,0,0,0,0,0,0,0,0,0,0,0,0,0,0,0,0,0,0,0,0,0,0,0,0,0,0,0,0,0,0,0
0,0,0,0,0,0,0,0,0,0,0,0,0,0,0,0,0,0,0,0,0,0,0,0,0,0,0,0,0,0,0,0,0,0,0,0,0,0,0,0,0,0,0,0,0,0,0,0,0,0,0,0,0,0,0,0,0,0,0,0,0,0.006998600279944014,0,0.42491501699658746,0,0,0,0,0,0,0,0,0,0,0,0,0,0,0,0,0,0,0,0,0,0,0,0,0,0,0,0,0,0,0,0,0,0,0,0,0.03159368126374717,0,0,0,0,0,0,0,0,0,0,0,0,0,0,0,0,0,0,0,0,0,0,0,0,0,0,0,0,0,0,0,0,0,0,0,0,0,0,0,0,0,0
0,0,0,0,0,0,0,0,0,0,0,0,0,0,0,0,0,0,0,0,0,0,0,0,0,0,0,0,0,0,0,0,0,0,0,0,0,0,0,0,0,0,0,0,0,0,0,0,0,0,0,0,0,0,0,0,0,0,0,0,0,0,0,0,0,0,0,0,0,0,0,0,0.061587682463507105,1.999600079984003e-4,0,0,0,0,0,0,0,0,0,0,0,5.998800239952009e-4,5.998800239952009e-4,0.00519896020795841,0,0,0.0153969206158768,0,0.009398120375924813,7.998400319936012e-4,0.14077184563087605,0.03079384123175357,0,0,0,0,0,5.998800239952009e-4,0.004399120175964808,0,0.0015996800639872023,0,0,0,0,0,0,0,0,0,0,0,0,0,0,0,0,0,0,0,0,0,0,0,0,0,0,0,0,0,0,0,0,0,0,0,0,0,0
0,0,0.002999400119976005,0,0,0.042991401719655944,0,0,0,0,0,1.999600079984003e-4,0,0.018796240751849595,3.999200159968006e-4,0,0.0019996000799840027,3.999200159968006e-4,0.002599480103979204,0.0037992401519696068,0.047790441911617534,0,9.998000399920016e-4,0,0,0,0,0,0.04619076184763034,0.013597280543891204,0.006198760247950412,7.998400319936012e-4,0.04859028194361113,0.02179564087182559,0.013797240551889604,0,0.007598480303939215,0,0,0,0,0,0,0,0,0.08518296340731904,0,0,0,0,0,0,0,0,0.4339132173565145,0,0,0,0.0011997600479904018,0,0,0,0,0,0,0,0,0,0,0,1.999600079984003e-4,0,0,0,0,0,0,0,0,0,0,0,0,0,0,0,0,0,0,0,0,0,0,0,0,0,5.998800239952009e-4,0,0,0.007598480303939215,0,0,0,0,0,0,0,0,0,0,0,0,0,0,0,0,0,0,0,0,0,0,0,0,0,0,0,0,0,0,0,0,0,0,0,0,0,0,0,0,0,0,0
0,0,0,0,0,0,0,0,0,0,0,0,0,0,0,0,0,0,0,0,0,0,0,0,0,0,0,0,0,0,0,0,0,0,0,0,0,0,0,0,7.998400319936012e-4,0,0,0.004199160167966408,0,0,0,0,0.004799040191961609,0.0031993601279744054,0,0,0,0,0,3.999200159968006e-4,0.005798840231953611,0,0,0.008998200359928014,0,0,0,0,0,0,0,0,0.42971405718854855,0,0,0,0,0,0,0,0,0,0,0,0,5.998800239952009e-4,0,0,9.998000399920016e-4,0,0,0,5.998800239952009e-4,0,0,3.999200159968006e-4,0,0,0,0,0,0,0,0,0,0,0,0,0,0,0,0,0,0,0,0,0,0,0,0,0,0,0,0,0,0,0,0,0.0023995200959808036,7.998400319936012e-4,0,0,0,0,0,0,0,0,0,0,0,0,0,0,0,0,0
0,0,0,0,0,0,0,0,0,0,0,0,0,0,0,0,0,0,0,0,0,0,0,0,0,0,0,0,0,0,0,0,0,0,0,0,0,0,0,0,0.0011997600479904018,0,0,0.00539892021595681,0,0,3.999200159968006e-4,0,0.007398520295940815,0.002599480103979204,0,0,0,0,0,0.001399720055988802,0.012197560487902407,0,0,0.009798040391921612,0,0,0,0,0,0,0,0.4847030593881027,0,0,0,0,0,0,0,0,0,0,0,0,0,0,0,0,3.999200159968006e-4,0,0,0,0,0,0,0,0,0,0,0,0,0,0,0,0,0,0,0,0,0,0,0,0,0,0,0,0,0,0,0,0,0,0,0,0,0,0,0,0.0031993601279744054,0,0,0,0,0,0,0,0,0,0,0,0,0,0,0,0,0,0
0,0,0,0,0,0,0,0,0,0,0,0,0,0,0,0,0,0,0,0,0,0,0,0,0,0,0,0,0,0,0,0,0,0,0,0,0,0,0,0,0,0.009998000399920012,0,0,0,0,0,0,0,0,0,0,0,0,0,0,0,0,0,0,0,0,0,0,0,0,0,0,0,0,0,0,0,0,0,0,0,0,0,0.008998200359928014,0.1543691261747677,0,0,0.023995200959807984,0,0,0,0,0,0,0,0,0,0,0,0,0,0.3895220955808744,0.022195560887822388,0,0,0,0,0,0,0.01079784043191361,0,0,0,0,0,0,0,0,0,0,0,0,0,0,0,0,0,0,0,0,0,0,0,0,0,0,0,0,0,0,0,0,0,0,0,0,0
0,0,0,0,0,0.06758648270345927,0,0,0,0,0,0,0,1.999600079984003e-4,0,0,0,0,0,0,0,0,0,0,0,0,0,0,0,0.09778044391121865,0,0,1.999600079984003e-4,5.998800239952009e-4,0,0,0,0,0,0,0,0,0.001399720055988802,0,0,0.03239352129574077,0,0,0,0,0,0,0.0017996400719856025,0,0.0017996400719856025,0,0,0,0,0,1.999600079984003e-4,0,0,0,0,0,0.002999400119976005,0,0,0,0,0,0,0,0,0,0,0.0011997600479904018,0,0,0,0,9.998000399920016e-4,0,0,0,0,0,7.998400319936012e-4,0,0,0,0,0,0,0,0.26694661067786823,0,0,0,0,0,0,0,0,0,0,0,1.999600079984003e-4,0,0,0,0,0,0,0,0,0,0,0,0,0,0,0,0,0,0,0,0,0,0,0,0,1.999600079984003e-4,0,0,0,0,0,9.998000399920016e-4,0,0,0
0,0,0,0,0,0,0,0,0,0,0,0,0,0,0,0,0,0,0,0,0,0,0,0,0,0,0,0,0,0,0,0,0,0,0,0,0,0,0,0,0,0,0,0,0,0,0,0,0,0,0,0,0,0,0,0,0,0.037792441511697555,0,0,0,0,0,0,0,0.007598480303939215,0,0,0,0,0,0,0.006998600279944014,0.04379124175164954,0,0,0,0,0,0,0,0,0,0,0,0.35552889422115,0.08658268346330789,0.03039392121575677,0,0,0.03239352129574077,0,0.038592281543691154,0.004199160167966408,0.0017996400719856025,0.019596080783843194,0,0,0,0,0,0.06318736252749432,0.03599280143971196,3.999200159968006e-4,0.014797040591881602,0,0,0,0,0,0,0,0,0,0,0,0,0,0,0,0,0,0,0,0,0,0,0,0,0,0,0,0,0,0,0,0,0,0,0,0,0,0
0,0,0,0,0,0,0,0,0,0,0,0,0,0,0,0,0,0,0,0,0,0,0,0,0,0,0,0,0,0,0,0,0,0,0,0,0,0,0,0,0,0,0,0,0,0,0,0,0,0,0,0,0,0,0,0,0,0.004199160167966408,0,0,0,0,0,0,0,0.08958208358328398,0,0,0,0,0,0.006398720255948813,0,0.006998600279944014,0,0,0,0,0,0,0,0,0,0,0,0.0035992801439712063,0.009798040391921612,0.014597080583883202,0,0,0.06598680263947201,0,0.05318936212757432,1.999600079984003e-4,0.10737852429514216,0.11997600479904177,0,0,0,0,0,0.006998600279944014,0.023995200959807984,0.002599480103979204,0.009598080383923213,0,0,0,0,0,0,0,0,0,0,0,0,0,0,0,0,0,0,0,0,0,0,0,0,0,0,0,0,0,0,0,0,0,0,0,0,0,0
0,0,0,0,0,0,0,0,0,0,0,0,0,0,0,0,0,0,0,0,0,0,0,0,0,0,0,0,0,0,0,0,0,0,0,0,0,0,0,0,0,0,0,0,0,0,0,0,0,0,0,0,0,0,0,0,0,0.0163967206558688,0,0,0,0,0,0,0,0.0023995200959808036,0,0,0,0,0,0.03979204159168155,0.019396120775844794,0,0,0,0,0,0,0,0,0,0,0,0,0.03599280143971196,0.05598880223955192,0.4773045390921627,0,0,0.037792441511697555,0,0.04379124175164954,0.006998600279944014,0.009398120375924813,0.027394521095780777,0,0,0,0,0,0.03999200159967995,0.04519096180763834,5.998800239952009e-4,0.02079584083183359,0,0,0,0,0,0,0,0,0,0,0,0,0,0,0,0,0,0,0,0,0,0,0,0,0,0,0,0,0,0,0,0,0,0,0,0,0,0
0,0,0,0,0,0,7.998400319936012e-4,0.019596080783843194,0.00539892021595681,0,0,0,5.998800239952009e-4,0,0,0,0,0,0,0,0,0,0,0,0.04939012197560473,0,0.3811237752449425,0.10677864427114694,0,0,0,0,0,0,0,0,0,0,0,0,0,0,0,0,0,0,0,0,0,0,0,0,0,0,0,0,0,0,0,0,0,0,0,0,0,0,0,0,0,0,0,0,0,0,0,0,0,0,0,0,0,0,0,0,0,0,1.999600079984003e-4,0.0017996400719856025,0,0,0,0,0,0,0,0,0,0,0,0,0,3.999200159968006e-4,0,0,0,0,0,0,0,0,0,0,0,0,0,0,0,0,0,0,0,0,0,0,0,0,0,0,0,0,0,0,0,0,0,0,0,0,0,0,0,0,0
0,0,0,0,0,0,0,0,0,0,0,0,0,0,0,0,0,0,0,0,0,0,0,0,0,0,0,0,0,0,0,0,0,0,0,0,0,0,0,0,0,0,0,0,0,0,0,0,0,0,0.023795240951809585,0,0,0,0,0,0,0,0,0,0,0,0,0,0,0,0,0,0,0,0,0,0,0,0,0,0,0,0,0,0,0,0,0,0,0,0,0,0,0,0,0,0,0,0,0,0,0,0,0,0,0,0,0,0,0,0,0,0,0,0,0,0,0,0,0,0,0,0,0,0,0,0,0,0,0,0,0,0,0,0,0,0,0,0,0,0,0,0,0,0,0,0
0,0,0,0,0,0,0,0,0,0,0,0,0,0,0,0,0,0,0,0,0,0,0,0,0,0,0,0,0,0,0,0,0,0,0,0,0,0,0,0,0,0,0,0,0,0,0,0,0,0,0,0,0,0,0,0,0,0,0,0,0,0,0,0,0,0,0,0,0,0,0,0,0,0,0,0,0,0,0,0,0,0,0,0,0,0,0,0,0,0,0,0,0,0,0,0,0,0,0,0,0,0,0,0,0,0,0,0,0,0,0,0,0,0,0,0,0,0,0.18716256748650636,0.24115176964607613,0.16116776644671352,0.1265746850629892,0,0.2671465706858666,0,0,0,0,0,0,0.027994401119775976,0,0.04139172165566875,0,0,0,0,0,0,0,0,0,0
0,0,0,0,0,0,0,0,0,0,0,0,0,0,0,0,0,0,0,0,0,0,0,0,0,0,0,0,0,0.006398720255948813,0,0,0,0,0,0,0,0,0,0.08418316336732701,0,0,0.009198160367926414,7.998400319936012e-4,0,7.998400319936012e-4,0,0,0,0,0,0,0.017996400719855997,0,0,0,0,0,0,0,0.027794441111777576,0,0,0,0,0,0,0,0,0,0.015996800639872,0,0,0,0,0,0,0,1.999600079984003e-4,0,0,0.03039392121575677,0.032993401319735965,0,0,0,0,0,0.07998400319936047,0,0,3.999200159968006e-4,0,0,0,0,0.014797040591881602,0,0.002999400119976005,0,0,0,0,0,0,0.00539892021595681,7.998400319936012e-4,0,9.998000399920016e-4,9.998000399920016e-4,0,0,0,0,0,0,0,0,0,0,0,0,0,0,0.01079784043191361,0,0.0011997600479904018,0,1.999600079984003e-4,0,0,0,0,5.998800239952009e-4,0.0031993601279744054,0,0,0,0,3.999200159968006e-4,0,0,1.999600079984003e-4
0,0,0,0,0,0,0,0,0,0,0,0,0,0,0,0,0,0,0,0,0,0,0,0,0,0,0,0,0,0,0,0,0,0,0,0,0,0,0,0,0,0,0,0,0,0,0,0,0,0,0,0,0,0.06018796240751831,0,0,0,0,0,0,0,0,0.4153169366126653,0,0,0,0,0,0,0,0,0,0,0,0,0,0,0,0,0,0,0,0,0,0,0,0,0,0,0.043391321735652744,0,0.17716456708658604,0,0,0,0,0,0,0,0,0,0,0,0,0,0,0,0,0,0,0,0,0,0,0,0,0,0,0,0,0,0,0,0,0,0,0,0,0,0,0,0,0,0,0,0,0,0,0,0,0,0,0
0,0,0,0,0,0,0,0,0,0,0,0,0,0,0,0,0,0,0,0,0,0,0,0,0,0,0,0,0,0,0,0,0,0,0,0,0,0,0,0,0,0.33473305338931864,0,0,0,0,0,0,0,0,0,0,0,0,0,0,0,0,0,0,0,0,0,0,0,0,0,0,0,0.012597480503899207,0,0,0,0,0,0,0,0,0,0,0.024995000999799982,0,0,0.1547690461907645,0,0,0,0,0,0,0,0,0,0,0,0,0,0.024395120975804784,0.024795040991801583,0,0,0,0,0,0,0.017596480703859198,0,0,0,0,0,0,0,0,0,0,0,0,0,0,0,0,0,0,0,0,0,0,0,0,0,0,0,0,0,0,0,0,0,0,0,0,0
0,0,0,0,0,0,0,0,0,0,0,0,0,0,0,0,0,0,0,0,0,0,0,0,0,0,0,0,0,0,0,0,0,0,0,0,0,0,0,0,0,0.04999000199959993,0,0,0,0,0,0,0,0,0,0,0,0,0,0,0,0,0,0,0,0,0,0,0,0,0,0,0,0.2339532093581335,0,0,0,0,0,0,0,0,0,0.05558888222355512,0,0,0,0.08518296340731904,0,0,0,0,0,0,0,0,0,0,0,0,0,0.24795040991802195,0.10297940411917722,0,0,0,0,0,0,0.052389522095580725,0,0,0,0,0,0,0,0,0,0,0,0,0,0,0,0,0,0,0,0,0,0,0,0,0,0,0,0,0,0,0,0,0,0,0,0,0
0,0,0,0,0,0,0,0,0,0,0,0,0,0,0,0,0,0,0,0,0,0,0,0,0,0,0,0,0,5.998800239952009e-4,0,0,0,0,0,0,0,0,0,0.03159368126374717,0,0.0031993601279744054,3.999200159968006e-4,0.009398120375924813,0,0,0.003999200159968007,0,7.998400319936012e-4,0,0,0,7.998400319936012e-4,0.0017996400719856025,0,0.006198760247950412,7.998400319936012e-4,0,0,0.0019996000799840027,0.004799040191961609,0,9.998000399920016e-4,0,0,0,0,0,0,3.999200159968006e-4,3.999200159968006e-4,0,0,0,0,0,0,0.03479304139172156,0.0045990801839632086,7.998400319936012e-4,0.005598880223955211,0,0.0037992401519696068,0.003999200159968007,0.00539892021595681,0,0,0,0.07558488302339553,0.003399320135972806,0,0.011797640471905608,0,0,0,0,7.998400319936012e-4,0,0.017996400719855997,0,0,0,0,0,0,0.052189562087582325,0,0,0,0,0,0,0,0,0,0,0,0,0,0,0,0,0,0,0.08278344331133816,0.008598280343931215,0,0,0,1.999600079984003e-4,0,0,0,0,0,0,0,0,0,0,0,0,0
0,0,0,0,0,0,0,0,0,0,0,0,0,0,0,0,0,0,0,0,0,0,0,0,0,0,0,0,0,1.999600079984003e-4,0,0,0,0,0,0,0,0,0,0.003399320135972806,0,0,0.0027994401119776045,0,0,0,0,0,0,0,0,0,0,0,0,0,0,0,0,0,0.4443111377724302,0,0,0,0,0,0,0,0,0,0.0027994401119776045,0,0,0,0,0,0,0.00539892021595681,0,0,0,0.001399720055988802,0,0,0,0,0,0,0.0035992801439712063,0,0,0,0,0,0,0,5.998800239952009e-4,3.999200159968006e-4,0,0,0,0,0,0,0,0,0,0,0,0,0,0,0,0,0,0,0,0,0,0,0,0,0,0,0,0,0,0,0,0,0,0,0,0,0,0,0,0,0,0,0,0,0
0,0,0,0,0,0,0,0,0,0,0,0,0,0,0,0,0,0,0,0,0,0,0,0,0,0,0,0,0,0,0,0,0,0,0,0,0,0,0,0,0,0.24535092981404266,0,0,0,0,0,0,0,0,0,0,0,0,0,0,0,0,0,0,0,0,0,0,0,0,0,0,0,0.05138972205558873,0,0,0,0,0,0,0,0,0,0.1945610877824474,0.08218356328734294,0,0,0,0,0,0,0,0,0,0,0,0,0,0,0,0,0.04159168166366715,0.077784443111378,0,0,0,0,0,0,0.05078984203159353,0,0,0,0,0,0,0,0,0,0,0,0,0,0,0,0,0,0,0,0,0,0,0,0,0,0,0,0,0,0,0,0,0,0,0,0,0
0,0,0,0,0,0,0,0,0,0,0,0,0,0,0,0,0,0,0,0,0,0,0,0,0,0,0,0,0,0,0,0,0,0,0,0,0,0,0,0,0,0,0,0.005798840231953611,0,0,0.0019996000799840027,0,3.999200159968006e-4,0,0,0,0,7.998400319936012e-4,0,0.0017996400719856025,0.001399720055988802,0,0,0.0015996800639872023,0,0,0,0,0,0,0,5.998800239952009e-4,3.999200159968006e-4,0,0,0,0,0,0,0,0,0,7.998400319936012e-4,0,0,0.0017996400719856025,0,0,0,0,0,0,0.0015996800639872023,3.999200159968006e-4,0,0.0015996800639872023,0,0,0,0,0,0,0,0,0,0,0,0,0,3.999200159968006e-4,0,0,0,0,0,0,0,0,0,0,0,0,0,0,0,0,0,0,0.002999400119976005,0.4159168166366604,0,0,0,0,0,0,0,0,0,0,0,0,0,0,0,0,0
0,0,0,0,0,0,0,0,0,0,0,0,0,0,0,0,0,0,0,0,0,0,0,0,0,0,0,0,0,0,0,0,0,0,0,0,0,0,0,0,0,0,0,0,0,0,0,0,0,0,0,0,0,0,0,0,0,0.06598680263947201,0,0,0,0,0,0,0,0.0157968406318736,0,0,0,0,0,0.47570485902817566,0.03399320135972796,0.06098780243951191,0,0,0,0,0,0,0,0,0,0,0,0,0.16276744651070077,0.06718656268746245,0,0,0.05878824235152951,0,0.06638672265546883,0.010197960407918412,0.011997600479904008,0.03519296140771836,0,0,0,0,0,0.11657668466306886,0.05138972205558873,0.006398720255948813,0.033793241351729564,0,0,0,0,0,0,0,0,0,0,0,0,0,0,0,0,0,0,0,0,0,0,0,0,0,0,0,0,0,0,0,0,0,0,0,0,0,0
0,0,0,0,0,0,0,0,0,0,0,0,0,0,0,0,0,0,0,0,0,0,0,0,0,0,0,0,0,0,0,0,0,0,0,0,0,0,0,0,0,0,0,0,0,0,0,0,0,0,0,0,0,0,0,0,0,0.12597480503899397,0,0,0,0,0,0,0,0.0171965606878624,0,0,0,0,0,0.15956808638272627,0.04379124175164954,0.13497300539892226,0,0,0,0,0,0,0,0,0,0,0,0.1975604879024235,0,0.10917816436712782,0,0,0.11557688462307683,0,0.11717656468706408,0.020395920815836792,0.015996800639872,0.0715856828634274,0,0,0,0,0,0.2217556488702307,0.102379524095182,0.002999400119976005,0.04639072185562874,0,0,0,0,0,0,0,0,0,0,0,0,0,0,0,0,0,0,0,0,0,0,0,0,0,0,0,0,0,0,0,0,0,0,0,0,0,0
0,0,0,0,0,0,0,0,0,0,0,0,0,0,0,0,0,0,0,0,0,0,0,0,0,0,0,0,0,0,0,0,0,0,0,0,0,0,0,0,0,0,0,0,0,0,0,0,0,0,0,0,0,0,0,0,0,0.011397720455908809,0,0,0,0,0,0,0,0.004199160167966408,0,0,0,0,0,0.03159368126374717,0.018396320735852796,0.372925414917009,0,0,0,0,0,0,0,0,0,0,0,0.019396120775844794,0.047190561887622336,0,0,0,0.03199360127974397,0,0.04179164167166555,0.004199160167966408,0.006998600279944014,0.02119576084783039,0,0,0,0,0,0.037592481503699156,0.04119176164767035,0.001399720055988802,0.012997400519896006,0,0,0,0,0,0,0,0,0,0,0,0,0,0,0,0,0,0,0,0,0,0,0,0,0,0,0,0,0,0,0,0,0,0,0,0,0,0
0,0,0,0,0,0,0,0,0,0,0,0,0,0,0,0,0,0,0,0,0,0,0,0,0,0,0,0,0,9.998000399920016e-4,0,0,0,0,0,0,0,0,0,0.06338732253549273,0,0.002199560087982403,0.010397920415916811,0.004799040191961609,0,0,1.999600079984003e-4,0,0,0,0,0,0.0031993601279744054,1.999600079984003e-4,0,0.002199560087982403,0,0,0,3.999200159968006e-4,0.012597480503899207,0,0.001399720055988802,0,0,0,0,0,0,0,0.012197560487902407,0,0,0,0,0,0,0.06798640271945608,0.0023995200959808036,5.998800239952009e-4,0.0015996800639872023,0.0655868826234752,0.017796440711857597,0.004199160167966408,0.0023995200959808036,0,0,0,0,0,0,3.999200159968006e-4,0,0,0,0,0.010397920415916811,3.999200159968006e-4,0.009398120375924813,0,0,0,0,0,0,0.022995400919815986,0,9.998000399920016e-4,0,0,0,0,0,0,0,0,0,0,0,0,0,0,0,0,0.03499300139971996,0.003999200159968007,0,0,0,7.998400319936012e-4,0,0,0,0,5.998800239952009e-4,0,0,0,0,1.999600079984003e-4,0,0,0
0,0,0,0,0,0,0,0,0,0,0,0,0,0,0,0,0,0,0,0,0,0,0,0,0,0,0,0,0,0,0,0,0,0,0,0,0,0,0,0,0,0,0,5.998800239952009e-4,0,0,0,0,0,0,0,0,0,0.414117176564675,0,1.999600079984003e-4,0,0,0,0,0,0,0.05478904219156152,0,0,0,0,0,0,0,0,0,0,0,0,0,0,0,0.056988602279543915,0,0,3.999200159968006e-4,0,0,0,0,0,0,7.998400319936012e-4,0,0,0.08358328334333179,0,0,0,0,0,0,0,0,0,0,0,0,0,0,0,0,0,0,0,0,0,0,0,0,0,0,0,0,0,0,0,0,0.0011997600479904018,0.0023995200959808036,0,0,0,0,0,0,0,0,0,0,0,0,0,0,0,0,0
0,0,0,0,0,0,0,0,0,0,0,0,0,0,0,0,0,0,0,0,0,0,0,0,0,0,0,0,0,0,0,0,0,0,0,0,0,0,0,0,0,0,0,0,0,0,0,0,0,0,0,0,0,0,0,0,0,0.00519896020795841,0,0,0,0,0,0,0,0.023395320935812786,0,0,0,0,0,0.01099780043991201,0.09818036392721546,0.038592281543691154,0,0,0,0,0,0,0,0,0,0,0,0.013997200559888004,0.023395320935812786,0.038392321535692754,0,0,0,0,0.14097180563887446,0.015196960607878401,0.04939012197560473,0.1393721255748872,0,0,0,0,0,0.02119576084783039,0.07358528294341146,0.006598680263947213,0.019796040791841593,0,0,0,0,0,0,0,0,0,0,0,0,0,0,0,0,0,0,0,0,0,0,0,0,0,0,0,0,0,0,0,0,0,0,0,0,0,0
0,0,0,0,0,0,0,0,0,0,0,0,0,0,0,0,0,0,0,0,0,0,0,0,0,0,0,0,0,0,0,0,0,0,0,0,0,0,0,0,0,0,0,1.999600079984003e-4,0,0,0,0,0,0,0,0,0,0.14477104579084418,0,0,0,0,0,1.999600079984003e-4,0,0,0.1817636472705494,0,0,0,0,1.999600079984003e-4,0,0,0,0,0,0,0,0,0,0,0.23215356928614783,0,0,0,0,0,1.999600079984003e-4,0,0,0,0,0.11577684463107524,0,0,0,0,0,0,0,0,0,0,0,0,0,0,0,0,0,0,0,0,0,0,0,0,0,0,0,0,0,0,0,0,0,0,1.999600079984003e-4,0,0,0,0,0,0,0,0,0,0,0,0,0,0,0,0,0,0
0,0,0,0,0,0,0,0,0,0,0,0,0,0,0,0,0,0,0,0,0,0,0,0,0,0,0,0,0,0,0,0,0,0,0,0,0,0,0,0,0,0,0,0,0,0,0,0,0,0,0,0,0,0,0,0,0,0.0157968406318736,0,0,0,0,0,0,0,0.03939212157568475,0,0,0,0,0,0.024195160967806384,0.11977604479104337,0.0625874825034991,0,0,0,0,0,0,0,0,0,0,0,0.025194961007798382,0.042191561687662346,0.03979204159168155,0,0,0.19236152769446493,0,0,0.013797240551889604,0.047990401919615934,0.1391721655668888,0,0,0,0,0,0.022595480903819187,0.09118176364727124,0.008198360327934416,0.03619276144771036,0,0,0,0,0,0,0,0,0,0,0,0,0,0,0,0,0,0,0,0,0,0,0,0,0,0,0,0,0,0,0,0,0,0,0,0,0,0
0,0,0,0,0,0,0,0,0,0,0,0,0,0,0,0,0,0,0,0,0,0,0,0,0,0,0,0,0,0,0,0,0,0,0,0,0,0,0,0,0,0,0,0,0,0,0,0,0,0,0,0,0,0,0,0,0,7.998400319936012e-4,0,0,0,0,0,0,0,5.998800239952009e-4,0,0,0,0,0,1.999600079984003e-4,0.0017996400719856025,0.005798840231953611,0,0,0,0,0,0,0,0,0,0,0,7.998400319936012e-4,9.998000399920016e-4,7.998400319936012e-4,0,0,0.0037992401519696068,0,0.005998800239952012,0,0.0011997600479904018,0.0027994401119776045,0,0,0,0,0,7.998400319936012e-4,0.04159168166366715,0.032593481303739166,0.07078584283143377,0,0,0,0,0,0,0,0,0,0,0,0,0,0,0,0,0,0,0,0,0,0,0,0,0,0,0,0,0,0,0,0,0,0,0,0,0,0
0,0,0,0,0,0,0,0,0,0,0,0,0,0,0,0,0,0,0,0,0,0,0,0,0,0,0,0,0,0,0,0,0,0,0,0,0,0,0,0,0,0,0,0,0,0,0,0,0,0,0,0,0,0,0,0,0,0,0,0,0,0,0,0,0,0.1609678064387151,0,0,0,0,0,1.999600079984003e-4,0.04979004199160153,0.0037992401519696068,0,0,0,0,0,0,0,0,0,0,0,3.999200159968006e-4,3.999200159968006e-4,0.002599480103979204,0,0,0.014597080583883202,0,0.014597080583883202,3.999200159968006e-4,0,0.03059388122375517,0,0,0,0,0,3.999200159968006e-4,0.007198560287942414,0,0.001399720055988802,0,0,0,0,0,0,0,0,0,0,0,0,0,0,0,0,0,0,0,0,0,0,0,0,0,0,0,0,0,0,0,0,0,0,0,0,0,0
0,0,0,0,0,0,0,0,0,0,0,0,0,0,0,0,0,0,0,0,0,0,0,0,0,0,0,0,0,0,0,0,0,0,0,0,0,0,0,0,0,0,0,0,0,0,0,0,0,0,0,0,0,0,0,0,0,3.999200159968006e-4,0,0,0,0,0,0,0,0.056588682263547116,0,0,0,0,0,0.005598880223955211,0.15336932613477566,0.020395920815836792,0,0,0,0,0,0,0,0,0,0,0,0.007598480303939215,0.01059788042391521,0.014197160567886403,0,0,0.11057788442311667,0,0.08938212357528558,0.01059788042391521,0.0625874825034991,0,0,0,0,0,0,0.009598080383923213,0.03459308138372316,9.998000399920016e-4,0.008198360327934416,0,0,0,0,0,0,0,0,0,0,0,0,0,0,0,0,0,0,0,0,0,0,0,0,0,0,0,0,0,0,0,0,0,0,0,0,0,0
0,0,0,0,0,0.17816436712657807,0,0,0,0,0,0,0,0.001399720055988802,0,0,0,0,0,0,7.998400319936012e-4,0,0,0,0,0,0,0,0.004799040191961609,0.22995400919816536,0,1.999600079984003e-4,0.002999400119976005,0.0015996800639872023,0,0,0,0,0,0,0,0,5.998800239952009e-4,0,0,0.08278344331133816,0,0,0,0,0,0,0,0,0.012797440511897606,0,0,0,0,0,0,0,0,0,0,0,0.018196360727854397,0,0,0,0.32593481303738997,0,0,0,0,0,0,1.999600079984003e-4,0,0,0,0,0,0,0,0,0,0,0,0,0,0,0,0,0,0,0,0,0,0,0,0,0,0,0,0,0,0,0,0,0,0,0,0,0,0,0,0,0,0,0,0,0,0,0,0,0,0,0,0,0,0,0,0,0,0,0,0,0,0,0,0,0
0,0,0,0,0,0,0,0,0,0,0,0,0,0,0,0,0,0,0,0,0,0,0,0,0,0,0,0,0,0,0,0,0,0,0,0,0,0,0,0,0,0.007798440311937616,0,0,0,0,0,0,0,0,0,0,0,0,0,0,0,0,0,0,0,0,0,0,0,0,0,0,0,0.39412117576483713,0,0,0,0,0,0,0,0,0,0.006198760247950412,0.15876824635073264,0,0,0.013597280543891204,0,0,0,0,0,0,0,0,0,0,0,0,0,0,0.012997400519896006,0,0,0,0,0,0,0.007598480303939215,0,0,0,0,0,0,0,0,0,0,0,0,0,0,0,0,0,0,0,0,0,0,0,0,0,0,0,0,0,0,0,0,0,0,0,0,0
0,0,0,0,0,0,0,0,0,0,0,0,0,0,0,0,0,0,0,0,0,0,0,0,0,0,0,0,0,0,0,0,0,0,0,0,0,0,0,0,0,0.052389522095580725,0,0,0,0,0,0,0,0,0,0,0,0,0,0,0,0,0,0,0,0,0,0,0,0,0,0,0,0.04059188162367515,0,0,0,0,0,0,0,0,0,0.057388522295540714,0.10117976404719156,0,0,0.12437512497500672,0,0,0,0,0,0,0,0,0,0,0,0,0,0.052589482103579124,0,0,0,0,0,0,0,0.1701659668066418,0,0,0,0,0,0,0,0,0,0,0,0,0,0,0,0,0,0,1.999600079984003e-4,0,0,0,0,0,0,0,0,0,0,0,0,0,0,0,0,0,0
0,3.999200159968006e-4,0.4577084583083216,1.999600079984003e-4,1.999600079984003e-4,0,0.002999400119976005,1.999600079984003e-4,0.003999200159968007,1.999600079984003e-4,3.999200159968006e-4,0.012197560487902407,0.007198560287942414,1.999600079984003e-4,0.012597480503899207,0.008398320335932815,0.0153969206158768,0.02199560087982399,0.03399320135972796,0.028594281143771175,0.005598880223955211,0,0.007598480303939215,0,0.0015996800639872023,0,0,1.999600079984003e-4,0.038192361527694355,0,0.07558488302339553,0.02099580083983199,0.007998400319936016,0.0023995200959808036,0,0.0011997600479904018,0.023995200959807984,0,0,0,0,0,0,0,0,0,0,0,0,0,0,0,0,0,3.999200159968006e-4,0,0,0,0.006998600279944014,0,0,0.0015996800639872023,0,0,0,0,3.999200159968006e-4,0,0,0,0,0,0,0,0,0,0,0,0,0,0,0,0,0,0,0,0,0,0,0,0,0,0,0,0,0,0,0,0,0,1.999600079984003e-4,0,0,0,0,0,0,0,0,0,0,0,0,0,0,0,0,0,0,0,0,0,0,0,0,0,0,0,0,0,0,0,0,0,0,0,0,0,0,0,0,0,0
7.998400319936012e-4,0,0,5.998800239952009e-4,0,0,3.999200159968006e-4,3.999200159968006e-4,0,3.999200159968006e-4,0,0,0.0015996800639872023,0,0,0,0,0,0,0,0,0,0,0,0,0,0,1.999600079984003e-4,0,0,0,3.999200159968006e-4,0,0,0,0.0015996800639872023,0,0,0,0,0,0,0,0,0,0,0,0,0,0,0,0,0,0,0,0,0,0,0,0,0,0.17776444711058126,0,0.38912217556487766,0.374525094980996,0,0,0,0,0,0,0,0,0,0,0,0,0,0,0,0,0,0,0,0,0,0,0,0,0,0,0,0,0,0,0,0,0,0,0,0,0,0,0,0,0,0,0,0,0,0,0,0,0,0,0,0,0,0,0,0,0,0,0,0,0,0,0,0,0,0,0,0,0,0,0,0,0,0,0,0,0,0
0,0,0,0,0,0,0,5.998800239952009e-4,0,0,0,0,0,0,0,0,0,0,0,0,0,0,0,0,0,0,3.999200159968006e-4,0,0,0,0,0,0,0,0,0,0,0,0,0,0,0,0,0,0,0,0,0,0,0,0,0,0,0,0,0,0,0.5948810237952095,0,0,0,0,0,0,0,0.0045990801839632086,0,0,0,0,0,0.08178364327134613,0.012597480503899207,0.062187562487502304,0,0,0,0,0,0,0,0,0,0,0,0.09178164367126646,0.1389722055588904,0.042991401719655944,0,0,0.038192361527694355,0,0.05998800239951991,0.007398520295940815,0.004199160167966408,0.032993401319735965,0,0,0,0,0,0,0.03659268146370716,0.0027994401119776045,0.013197360527894405,0,0,0,0,0,0,0,0,0,0,0,0,0,0,0,0,0,0,0,0,0,0,0,0,0,0,0,0,0,0,0,0,0,0,0,0,0,0
0,0,0,0,0,0,0,0,0,0,0,0,0,0,0,0,0,0,0,0,0,0,0,0,0,0,0,0,0,0,0,0,0,0,0,0,0,0,0,0,0,0,0,0,0,0,0,0,0,0,0,0,0,0,0,0,0,0.00539892021595681,0,0,0,0,0,0,0,0.0045990801839632086,0,0,0,0,0,0.00519896020795841,0.0171965606878624,0.02659468106378718,0,0,0,0,0,0,0,0,0,0,0,0.012797440511897606,0.0171965606878624,0.022195560887822388,0,0,0.03979204159168155,0,0.04839032193561273,0.11917616476704815,0.00519896020795841,0.03219356128774237,0,0,0,0,0,0.012397520495900807,0,0.03219356128774237,0.21355728854229603,0,0,0,0,0,0,0,0,0,0,0,0,0,0,0,0,0,0,0,0,0,0,0,0,0,0,0,0,0,0,0,0,0,0,0,0,0,0
0,0,0,0,0,0,0,0,0,0,0,0,0,0,0,0,0,0,0,0,0,0,0,0,0,0,0,0,0,0,0,0,0,0,0,0,0,0,0,0,0,0,0,0,0,0,0,0,0,0,0,0,0,0,0,0,0,0,0,0,0,0,0,0,0,5.998800239952009e-4,0,0,0,0,0,0,9.998000399920016e-4,0.005798840231953611,0,0,0,0,0,0,0,0,0,0,0,0,0,0.0017996400719856025,0,0,0.004399120175964808,0,0.005798840231953611,0.04499100179963994,0,0.004799040191961609,0,0,0,0,0,0,0.020395920815836792,0,0.029594081183763173,0,0,0,0,0,0,0,0,0,0,0,0,0,0,0,0,0,0,0,0,0,0,0,0,0,0,0,0,0,0,0,0,0,0,0,0,0,0
0,0,0,0,0,0,0,0,0,0,0,0,0,0,0,0,0,0,0,0,0,0,0,0,0,0,0,0,0,0,0,0,0,0,0,0,0,0,0,0,0,0,0,0,0,0,0,0,0,0,0,0,0,0,0,0,0,7.998400319936012e-4,0,0,0,0,0,0,0,0.0015996800639872023,0,0,0,0,0,0.0011997600479904018,0.0017996400719856025,0.003999200159968007,0,0,0,0,0,0,0,0,0,0,0,7.998400319936012e-4,0.0017996400719856025,0.003399320135972806,0,0,0.003999200159968007,0,0.006598680263947213,0.10737852429514216,1.999600079984003e-4,0.006598680263947213,0,0,0,0,0,9.998000399920016e-4,0.10657868426314854,0.03399320135972796,0,0,0,0,0,0,0,0,0,0,0,0,0,0,0,0,0,0,0,0,0,0,0,0,0,0,0,0,0,0,0,0,0,0,0,0,0,0,0
0,0,0,0,0,0,0,0,0,0,0,0,0,0,0,0,0,0,0,0,0,0,0,0,0,0,0,0,0,0,0,0,0,0,0,0,0,0,0,3.999200159968006e-4,0,0.05878824235152951,1.999600079984003e-4,7.998400319936012e-4,0,0,1.999600079984003e-4,0,0,0,0,0,0,0,0,0,0,0,0,0,0,0,0,0,0,0,0,0,0,0.04859028194361113,0,0,0,0,0,0,0,0.004199160167966408,0,0.051789642071585526,0.12237552489502265,0.005598880223955211,3.999200159968006e-4,0.11117776444711189,3.999200159968006e-4,0,0,0,0.002999400119976005,0,0,0,0,0,0,0,0,0.04039192161567675,0.243551289742057,0,0,0,0,0,0,0,0,0,0,0,0,0,0,0,0,0,0,0,0,0,0,0,0,0,0.007398520295940815,1.999600079984003e-4,0,0,0,0,0,0,0,0,0,0,0,0,0,0,0,0,0
0,0,0,0,0,0,0,0,0,0,0,0,0,0,0,0,0,0,0,0,0,0,0,0,0,0,0,0,0,0,0,0,0,0,0,0,0,0.07338532293541306,0,0,0,0,0,0,0.11297740451909755,0,0,0,0,0,0,0,0,0,0,0,0,0,0,0,0,0,0,0,0,0,0,0,0,0,0,0,0,0,0,0,0.004199160167966408,0,0,0,0,0,0,0,0,0,0,0,0,0,0,0,0,0,0,0,0,0,0,0,0,0,0,0,0,0,0,0.057588482303539114,0.0901819636072792,0.05538892221555672,0,0,0,0,0,0,0,0,0,0,0,0,0,0.019196160767846394,0,0,0.03419316136772636,0.07738452309538119,0.019996000799839993,0.1147770445910832,0.08018396320735888,0.0715856828634274,0.07698460307938437,0.09738052389522184,0.163367326534696,0.06798640271945608,0.04159168166366715,0.04099180163967195,0.05518896220755832,0.10057988402319634,0.06638672265546883,0.08058388322335569,0.04519096180763834
0,0,0,0,0,0,0,0,0,0,0,0,0,0,0,0,0,0,0,0,0,0,0,0,0,0,0,0,0,0,0,0,0,0,0,0,0,0.004199160167966408,0,0,0,0,0,0,0.0171965606878624,0,0,0,0,0,0,0,0,0,0,0,0,0,0,0,0,0,0,0,0,0,0,0,0,0,0,0,0,0,0,0,0.003399320135972806,0,0,0,0,0,0,0,0,0,0,0,0,0,0,0,0,0,0,0,0,0,0,0,0,0,0,0,0,0,0.037592481503699156,0,0.24115176964607613,0.35612877424514516,0,0,0,0,0,0,0,0,0,0,0,0,0,0.0045990801839632086,0,0,0.010397920415916811,0.009798040391921612,0.007398520295940815,0.011797640471905608,0.022995400919815986,0.015196960607878401,0.0153969206158768,0.013997200559888004,0.043191361727654344,0.020395920815836792,0.008798240351929614,0.011797640471905608,0.006198760247950412,0.013997200559888004,0.020195960807838392,0.023195360927814386,0.013997200559888004
0,0,0,0,0,0,0,0,0,0,0,0,0,0,0,0,0,0,0,0,0,0,0,0,0,0,0,0,0,0,0,0,0,0,0,0,0,0.010397920415916811,0,0,0,0,0,0,0.02579484103179358,0,0,0,0,0,0,0,0,0,0,0,0,0,0,0,0,0,0,0,0,0,0,0,0,0,0,0,0,0,0,0,9.998000399920016e-4,0,0,0,0,0,0,0,0,0,0,0,0,0,0,0,0,0,0,0,0,0,0,0,0,0,0,0,0,0,0.05058988202359513,0.24135172965407453,0,0.23495300939812552,0,0,0,0,0,0,0,0,0,0,0,0,0,0.003999200159968007,0,0,0.011997600479904008,0.012597480503899207,0.01059788042391521,0.03579284143171356,0.03979204159168155,0.022595480903819187,0.03039392121575677,0.03479304139172156,0.06958608278344333,0.023195360927814386,0.013197360527894405,0.02539492101579678,0.0171965606878624,0.018996200759847995,0.03039392121575677,0.03659268146370716,0.0157968406318736
0,0,0,0,0,0,0,0,0,0,0,0,0,0,0,0,0,0,0,0,0,0,0,0,0,0,0,0,0,0,0,0,0,0,0,0,0,0.010197960407918412,0,0,0,0,0,0,0.012997400519896006,0,0,0,0,0,0,0,0,0,0,0,0,0,0,0,0,0,0,0,0,0,0,0,0,0,0,0,0,0,0,0,0.004199160167966408,0,0,0,0,0,0,0,0,0,0,0,0,0,0,0,0,0,0,0,0,0,0,0,0,0,0,0,0,0,0.03539292141571676,0.41291741651668473,0.29874025194961046,0,0,0,0,0,0,0,0,0,0,0,3.999200159968006e-4,0,0,0.005798840231953611,0,0,0.0153969206158768,0.012397520495900807,0.006598680263947213,0.015996800639872,0.027594481103779177,0.014797040591881602,0.022595480903819187,0.015996800639872,0.04639072185562874,0.019596080783843194,0.0153969206158768,0.0037992401519696068,0.008198360327934416,0.009798040391921612,0.014397120575884803,0.017396520695860798,0.014797040591881602
0,0,0,0,0,0,0,0,0,0,0,0,0,0,0,0,0,0,0,0,0,0,0,0,0,0,0,0,0,0,0,0,0,0,0,0,0,0,0.11197760447910551,0,0.0035992801439712063,0,0,0,0,0,0,0,0,0.003399320135972806,0,0,0,0,0,0,0,0,0,0,0,0,0,0,0,0,0,0,0,0,0,0,0,0,0,0,0,0,0,0,0,0,0,0,0,0,0,0,0,0,0,0,0,0,0,0,0,0,0,0,0,0,0,0,0,0,0,0,0,0,0,0.008198360327934416,0.0163967206558688,0.05978804239152151,0.029994001199759972,0.017996400719855997,0.056588682263547116,0.013797240551889604,0,0,0,0,0.8266346730653304,0,0,0,0,0,0,0,0,0,0,0,0,0,0,0,0,0,0,0,0
0,0,0,0,0,0,0,0,0,0,0,0,0,0,0,0,0,0,0,0,0,0,0,0,0,0,0,0,0,0,0,0,0,0,0,0,0,0,0,0,9.998000399920016e-4,0,0,0,0,0,0,0,0,3.999200159968006e-4,0,0,0,0,0,0,0,0,0,0,0,0,0,0,0,0,0,0,0,0,0,0,0,0,0,0,0,0,0,0,0,0,0,0,0,0,0,0,0,0,0,0,0,0,0,0,0,0,0,0,0,0,0,0,0,0,0,0,0,0,0.003999200159968007,0,0.05998800239951991,0.005798840231953611,0.19956008798240757,0.04999000199959993,0.008198360327934416,0.4011197760447804,0,0,0,0,0,0,0,0,0,0,0,0,0,0,0,0,0,0,0,0,0,0,0,0,0
0,0,0,0,0,0,0,0,0,0,0,0,0,0,0,0,0,0,0,0,0,0,0,0,0,0,0,0,0,0,0,0,0,0,0,0,0,0,0,0,0.005598880223955211,0,0,0,0,0,0,0,0,0.0019996000799840027,0,0,0,0,0,0,0,0,0,0,0,0,0,0,0,0,0,0,0,0,0,0,0,0,0,0,0,0,0,0,0,0,0,0,0,0,0,0,0,0,0,0,0,0,0,0,0,0,0,0,0,0,0,0,0,0,0,0,0,0,0.014997000599880001,0.06738652269546086,0,0.022795440911817587,0.10197960407918519,0.4755048990201773,0.02559488102379518,0.0687862427514497,0,0,0,0,0.0017996400719856025,0,0,0,0,0,0,0,0,0,0,0,0,0,0,0,0,0,0,0,0
0,0,0,0,0,0,0,0,0,0,0,0,0,0,0,0,0,0,0,0,0,0,0,0,0,0,0,0,0,0,0,0,0,0,0,0,0,0,0,0,0.17976404719056532,0,0,7.998400319936012e-4,0,0,0,0,7.998400319936012e-4,0.14777044591082028,0,0,0,0,0,0,0.0017996400719856025,0,0,0.006998600279944014,0,0,0,0,0,0,0,3.999200159968006e-4,3.999200159968006e-4,0,0,0,0,0,0,0,0,0,0,0,0,0,0,0,0,0,0,0,0,0,0,0,0,0,0,0,0,0,0,0,0,0,0,0,0,0,0,0,0,0,0.07878424315137003,0.03059388122375517,0.051589682063587126,0,0.06338732253549273,0.05598880223955192,0.32973405318935917,0.04519096180763834,0,0,0,0,0.0019996000799840027,0,0,0,0,0,0,0,0,0,0,0,0,0,0,0,0,0,0,0,0
0,0,0,0,0,0,0,0,0,0,0,0,0,0,0,0,0,0,0,0,0,0,0,0,0,0,0,0,0,0,0,0,0,0,0,0,0,0,0,0,0.0011997600479904018,0,0,0,0,0,0,0,0,3.999200159968006e-4,0,0,0,0,0,0,0,0,0,0,0,0,0,0,0,0,0,0,0,0,0,0,0,0,0,0,0,0,0,0,0,0,0,0,0,0,0,0,0,0,0,0,0,0,0,0,0,0,0,0,0,0,0,0,0,0,0,0,0,0,0.007398520295940815,0.24915016996601239,0.1423715256948633,0.025194961007798382,0,0.12857428514297325,0.027394521095780777,0.22895420915817333,0,0,0,0,0,0,0,0,0,0,0,0,0,0,0,0,0,0,0,0,0,0,0,0,0
0,0,0,0,0,0,0,0,0,0,0,0,0,0,0,0,0,0,0,0,0,0,0,0,0,0,0,0,0,0,0,0,0,0,0,0,0,0,0,0,0.0049990001999600095,0,0,0,0,0,0,0,0,0.0011997600479904018,0,0,0,0,0,0,0,0,0,0,0,0,0,0,0,0,0,0,0,0,0,0,0,0,0,0,0,0,0,0,0,0,0,0,0,0,0,0,0,0,0,0,0,0,0,0,0,0,0,0,0,0,0,0,0,0,0,0,0,0,0.0067986402719456135,0.05398920215956792,0.42291541691660367,0.0171965606878624,0.07838432313537322,0,0.02539492101579678,0.06458708258348317,0,0,0,0,0.0037992401519696068,0,0,0,0,0,0,0,0,0,0,0,0,0,0,0,0,0,0,0,0
0,0,0,0,0,0,0,0,0,0,0,0,0,0,0,0,0,0,0,0,0,0,0,0,0,0,0,0,0,0,0,0,0,0,0,0,0,0,0,0,0.09558088382323618,0,0,1.999600079984003e-4,0,0,0,0,5.998800239952009e-4,0.08298340331933657,0,0,0,0,0,0,5.998800239952009e-4,0,0,0.005598880223955211,0,0,0,0,0,0,0,0,3.999200159968006e-4,0,0,0,0,0,0,0,0,0,0,0,0,0,0,0,0,0,0,0,0,0,0,0,0,0,0,0,0,0,0,0,0,0,0,0,0,0,0,0,0,0,0.11397720455908958,0.04139172165566875,0.056388722255548716,0.34013197360527486,0.09958008398320431,0.043191361727654344,0,0.047190561887622336,0,0,0,0,0.007998400319936016,0,0,0,0,0,0,0,0,0,0,0,0,0,0,0,0,0,0,0,0
0,0,0,0,0,0,0,0,0,0,0,0,0,0,0,0,0,0,0,0,0,0,0,0,0,0,0,0,0,0,0,0,0,0,0,0,0,0,0,0,0,0,0,0,0,0,0,0,0,0.0011997600479904018,0,0,0,0,0,0,0,0,0,0,0,0,0,0,0,0,0,0,0,0,0,0,0,0,0,0,0,0,0,0,0,0,0,0,0,0,0,0,0,0,0,0,0,0,0,0,0,0,0,0,0,0,0,0,0,0,0,0,0,0,0.006998600279944014,0.41931613677263285,0.0653869226154768,0.007798440311937616,0.2401519696060841,0.07298540291941624,0.007198560287942414,0,0,0,0,0,0.002599480103979204,0,0,0,0,0,0,0,0,0,0,0,0,0,0,0,0,0,0,0,0
0,0,0,0,0,0,0,0,0,0,0,0,0,0,0,0,0,0,0,0,0,0,0,0,0,0,0,0,0,0,0,0,0,0,0,0,0,0,0,0,0,0,0,0,0,0,0,0,0,0,0,0,0,0,0,0,0,0,0,0,0,0,0,0,0,0,0,0,0,0,0,0,0,0,0,0,0.03179364127174557,0,0,0,0,0,0,0,0,0,0,0,0,0,0,0,0,0,0,0,0,0,0,0,0,0,0,0,0,0,0,0,0,0,0,0,0,0,0,0,0,0,0,0.3387322535492862,0.1267746450709876,0.07978404319136206,0,0.0045990801839632086,0,0,0,0,0,0,3.999200159968006e-4,0,0.0019996000799840027,0,0,0,0,0,0,0,0,0,0
0,0,0,0,0,0,0,0,0,0,0,0,0,0,0,0,0,0,0,0,0,0,0,0,0,0,0,0,0,0,0,0,0,0,0,0,0,0,0,0,0,0,0,0,0,0,0,0,0,0,0,0,0,0,0,0,0,0,0,0,0,0,0,0,0,0,0,0,0,0,0,0,0,0,0,0,0.04519096180763834,0,0,0,0,0,0,0,0,0,0,0,0,0,0,0,0,0,0,0,0,0,0,0,0,0,0,0,0,0,0,0,0,0,0,0,0,0,0,0,0,0,0.49670065986800543,0,0.1575684863027422,0.1817636472705494,0,0.007398520295940815,0,0,0,0,0,0,1.999600079984003e-4,0,9.998000399920016e-4,0,0,0,0,0,0,0,0,0,0
0,0,0,0,0,0,0,0,0,0,0,0,0,0,0,0,0,0,0,0,0,0,0,0,0,0,0,0,0,0,0,0,0,0,0,0,0,0,0,0,0,0,0,0,0,0,0,0,0,0,0,0,0,0,0,0,0,0,0,0,0,0,0,0,0,0,0,0,0,0,0,0,0,0,0,0,0.0167966406718656,0,0,0,0,0,0,0,0,0,0,0,0,0,0,0,0,0,0,0,0,0,0,0,0,0,0,0,0,0,0,0,0,0,0,0,0,0,0,0,0,0,0.10917816436712782,0.13437312537492704,0,0.5162967406518466,0,0.002599480103979204,0,0,0,0,0,0,0,0,3.999200159968006e-4,0,0,0,0,0,0,0,0,0,0
0,0,0,0,0,0,0,0,0,0,0,0,0,0,0,0,0,0,0,0,0,0,0,0,0,0,0,0,0,0,0,0,0,0,0,0,0,0,0,0,0,0,0,0,0,0,0,0,0,0,0,0,0,0,0,0,0,0,0,0,0,0,0,0,0,0,0,0,0,0,0,0,0,0,0,0,0.013597280543891204,0,0,0,0,0,0,0,0,0,0,0,0,0,0,0,0,0,0,0,0,0,0,0,0,0,0,0,0,0,0,0,0,0,0,0,0,0,0,0,0,0,0.08418316336732701,0.09558088382323618,0.43611277744449667,0,0,0.002199560087982403,0,0,0,0,0,0,0,0,0,0,0,0,0,0,0,0,0,0,0
0,0,0,0,0,0,0,0,0,0,0,0,0,0,0,0,0,0,0,0,0,0,0,0,0,0,0,0,0,0,0,0,0,0,0,0,0,0,0.7040591881623243,0,0,0,0,0,0,0,0,0,0,0,0,0,0,0,0,0,0,0,0,0,0,0,0,0,0,0,0,0,0,0,0,0,0,0,0,0,0,0,0,0,0,0,0,0,0,0,0,0,0,0,0,0,0,0,0,0,0,0,0,0,0,0,0,0,0,0,0,0,0,0,0.052189562087582325,0.0015996800639872023,3.999200159968006e-4,7.998400319936012e-4,0,0.001399720055988802,7.998400319936012e-4,0,0,0,0,0,0,0,0,0,0,0,0,0,0,0,0,0,0,0,0,0,0,0,0,0,0
0,0,0,0,0,0,0,0,0,0,0,0,0,0,0,0,0,0,0,0,0,0,0,0,0,0,0,0,0,0,0,0,0,0,0,0,0,5.998800239952009e-4,0,0,0,0,0,0,0,0,0,0,0,0,0,0,0,0,0,0,0,0,0,0,0,0,0,0,0,0,0,0,0,0,0,0,0,0,0,0,0.37232553489301384,0,0,0,0,0,0,0,0,0,0,0,0,0,0,0,0,0,0,0,0,0,0,0,0,0,0,0,0,0,0.001399720055988802,1.999600079984003e-4,5.998800239952009e-4,0.0011997600479904018,0,0,0,0,0,0,0,0,0.05578884223155352,0.08878224355129036,0.03559288142371516,0.03979204159168155,0,0,0,0,0,7.998400319936012e-4,9.998000399920016e-4,3.999200159968006e-4,0.062387522495500704,0.001399720055988802,0.102379524095182,0,0.0015996800639872023,3.999200159968006e-4,5.998800239952009e-4,0,0,1.999600079984003e-4,0,9.998000399920016e-4,0
0,0,0,0,0,0,0,0,0,0,0,0,0,0,0,0,0,0,0,0,0,0,0,0,0,0,0,0,0,0,0,0,0,0,0,0,0,0,0,0.018196360727854397,0,0.0017996400719856025,0,0.02579484103179358,0,0,0.01079784043191361,0,9.998000399920016e-4,0,0,0,3.999200159968006e-4,0.008198360327934416,0,0.019796040791841593,1.999600079984003e-4,0,0,0.009798040391921612,0.0017996400719856025,0,0.0023995200959808036,0,0,0,0,5.998800239952009e-4,0,0,0,0,0,0,0,0,0,0.04659068186362714,0.002599480103979204,0.0031993601279744054,0.009598080383923213,0.06818636272745449,0.0011997600479904018,0.006198760247950412,0.014397120575884803,0,0,0,0.057588482303539114,0.008598280343931215,0,0.015196960607878401,0,0,0,0,0,5.998800239952009e-4,0.017996400719855997,0,0,0,0,0,0,0.03439312137572476,0,0,0,1.999600079984003e-4,0,0,0,0,0,0,0,0,0,0,0,0,0,0,0,0.012197560487902407,0,0,0,0,0,0,0,0,0,0,0,0,0,0,0,0,0
0,0,0,0,0,0,0,0,0,0,0,0,0,0,0,0,0,0,0,0,0,0,0,0,0,0,0,0,0,0,0,0,0,0,0,0,0,0,0,1.999600079984003e-4,0,0,0,0.0049990001999600095,0,0,0.0011997600479904018,0,0,0,0,0,0,7.998400319936012e-4,0,0.0019996000799840027,7.998400319936012e-4,0,0,0.0011997600479904018,0,0,1.999600079984003e-4,0,0,0,0,0,0,0,0,0,0,0,0,0,0,0,0,0,1.999600079984003e-4,0.0017996400719856025,0,0,0.4417116576684513,0,0,0,0.0011997600479904018,1.999600079984003e-4,0,0.0015996800639872023,0,0,0,0,0,0,1.999600079984003e-4,0,0,0,0,0,0,7.998400319936012e-4,0,0,0,0,0,0,0,0,0,0,0,0,0,0,0,0,0,0,0.0011997600479904018,0,0,0,0,0,0,0,0,0,0,0,0,0,0,0,0,0,0
0,0,0,0,0,0,0,0,0,0,0,0,0,0,0,0,0,0,0,0,0,0,0,0,0,0,0,0,0,0,0,0,0,0,0,0,0,0.007798440311937616,0,0,0,0,0,0,0.005798840231953611,0,0,0,0,0,0,0,0,0,0,0,0,0,0,0,0,0,0,0,0,0,0,0,0,0,0,0,0,0,0,0,1.999600079984003e-4,0,0,0,0,0,0,0,0,0,0,0,0,0,0,0,0,0,0,0,0,0,0,0,0,0,0,0,0,0,0.012997400519896006,0.0037992401519696068,0.01059788042391521,0.012597480503899207,0,0,0,0,0,0,0,0,0,0,0,0,0,5.998800239952009e-4,0,0,0,0.0045990801839632086,0.06738652269546086,0.0045990801839632086,0.018796240751849595,0.004199160167966408,0.0167966406718656,0.013197360527894405,0.017596480703859198,0.003999200159968007,0.11957608478304496,0.10797840431913738,0.008798240351929614,0.001399720055988802,0.00519896020795841,0.0045990801839632086,0.4549090181963443
0,0,0,0,0,0,0,0,0,0,0,0,0,0,0,0,0,0,0,0,0,0,0,0,0,0,0,0,0,0,0,0,0,0,0,0,0,0.40991801639670905,0,0,0,0,0,0,0.2069586082783486,0,0,0,0,0,0,0,0,0,0,0,0,0,0,0,0,0,0,0,0,0,0,0,0,0,0,0,0,0,0,0,0.001399720055988802,0,0,0,0,0,0,0,0,0,0,0,0,0,0,0,0,0,0,0,0,0,0,0,0,0,0,0,0,0,0.048190361927614334,0.007998400319936016,0.008998200359928014,0.010397920415916811,0,0,0,0,0,0,0,0,0,0,0,0,0,0.003999200159968007,0,0,0.007798440311937616,0,0.002999400119976005,0.05098980203959193,0.009598080383923213,0.008398320335932815,0.012997400519896006,0.015196960607878401,0.025194961007798382,0.014197160567886403,0.0017996400719856025,0.010397920415916811,0.007598480303939215,0.03919216156768635,0.007998400319936016,0.007798440311937616,0.004799040191961609
0,0,0,0,0,0,0,0,0,0,0,0,0,0,0,0,0,0,0,0,0,0,0,0,0,0,0,0,0,0,0,0,0,0,0,0,0,0.00519896020795841,0,0,0,0,0,0,0.002199560087982403,0,0,0,0,0,0,0,0,0,0,0,0,0,0,0,0,0,0,0,0,0,0,0,0,0,0,0,0,0,0,0,9.998000399920016e-4,0,0,0,0,0,0,0,0,0,0,0,0,0,0,0,0,0,0,0,0,0,0,0,0,0,0,0,0,0,0.004799040191961609,0.0023995200959808036,0.0019996000799840027,0.0027994401119776045,0,0,0,0,0,0,0,0,0,0,0,0,0,7.998400319936012e-4,0,0,0.08018396320735888,0,0,0.0019996000799840027,0.0023995200959808036,0.0019996000799840027,0.0011997600479904018,9.998000399920016e-4,0.005598880223955211,0.0035992801439712063,0.16856628674265456,0.31473705258948076,1.999600079984003e-4,0.002199560087982403,0.0017996400719856025,9.998000399920016e-4,0.07398520295940827
0,0,0,0,0,0,0,0,0,0,0,0,0,0,0,0,0,0,0,0,0,0,0,0,0,0,0,0,0,0,0,0,0,0,0,0,0,0.04939012197560473,0,0,0,0,0,0,0.09478104379124255,0,0,0,0,0,0,0,0,0,0,0,0,0,0,0,0,0,0,0,0,0,0,0,0,0,0,0,0,0,0,0,7.998400319936012e-4,0,0,0,0,0,0,0,0,0,0,0,0,0,0,0,0,0,0,0,0,0,0,0,0,0,0,0,0,0,0.07238552289542102,0.013597280543891204,0.015196960607878401,0.019796040791841593,0,0,0,0,0,0,0,0,0.0011997600479904018,0,0,0,0,0.005998800239952012,0,0,0.01079784043191361,0.061987602479503905,0.006598680263947213,0,0.019796040791841593,0.024395120975804784,0.017796440711857597,0.019796040791841593,0.047190561887622336,0.017996400719855997,0.008798240351929614,0.008598280343931215,0.010397920415916811,0.4921015796840427,0.022595480903819187,0.02659468106378718,0.007998400319936016
0,0,0,0,0,0,0,0,0,0,0,0,0,0,0,0,0,0,0,0,0,0,0,0,0,0,0,0,0,0,0,0,0,0,0,0,0,0.005998800239952012,0,0,0,0,0,0,0.007998400319936016,0,0,0,0,0,0,0,0,0,0,0,0,0,0,0,0,0,0,0,0,0,0,0,0,0,0,0,0,0,0,0,0.1545690861827661,0,0,0,0,0,0,0,0,0,0,0,0,0,0,0,0,0,0,0,0,0,0,0,0,0,0,0,0,0,0.0163967206558688,0.013597280543891204,0.013797240551889604,0.009998000399920012,0,0,0,0,0,0,0,0,0.005998800239952012,0.011797640471905608,0.011597680463907209,0.013797240551889604,0,0.23675264947011118,0,0,0.0157968406318736,0.006598680263947213,0.006398720255948813,0.008198360327934416,0,0.01059788042391521,0.3767246550689782,0.006598680263947213,0.032593481303739166,0.009998000399920012,0.010397920415916811,0.002599480103979204,0.007398520295940815,0.008198360327934416,0.00539892021595681,0.008198360327934416,0.004199160167966408
0,0,0,0,0,0,0,0,0,0,0,0,0,0,0,0,0,0,0,0,0,0,0,0,0,0,0,0,0,0,0,0,0,0,0,0,0,0.00539892021595681,0,0,0,0,0,0,0.012597480503899207,0,0,0,0,0,0,0,0,0,0,0,0,0,0,0,0,0,0,0,0,0,0,0,0,0,0,0,0,0,0,0,7.998400319936012e-4,0,0,0,0,0,0,0,0,0,0,0,0,0,0,0,0,0,0,0,0,0,0,0,0,0,0,0,0,0,0.024195160967806384,0.009598080383923213,0.008998200359928014,0.007798440311937616,0,0,0,0,0,0,0,0,0,0,0,0,0,7.998400319936012e-4,0,0,0.0037992401519696068,0.007598480303939215,0.002199560087982403,0.012997400519896006,0.014197160567886403,0,0.0031993601279744054,0.25734853029394605,0.02119576084783039,0.006198760247950412,0.004399120175964808,0.006398720255948813,0.007998400319936016,0.005798840231953611,0.4001199760047885,0.017996400719855997,0.0045990801839632086
0,0,0,0,0,0,0,0,0,0,0,0,0,0,0,0,0,0,0,0,0,0,0,0,0,0,0,0,0,0,0,0,0,0,0,0,0,0.00519896020795841,0,0,0,0,0,0,0.0035992801439712063,0,0,0,0,0,0,0,0,0,0,0,0,0,0,0,0,0,0,0,0,0,0,0,0,0,0,0,0,0,0,0,0.26954609078184716,0,0,0,0,0,0,0,0,0,0,0,0,0,0,0,0,0,0,0,0,0,0,0,0,0,0,0,0,0,0.007398520295940815,0.007198560287942414,0.006198760247950412,0.003399320135972806,0,0,0,0,0,0,0,0,0.013597280543891204,0.04199160167966395,0.019996000799839993,0.006998600279944014,0,0.32713457308538024,0,0,0.001399720055988802,0.0019996000799840027,0.0017996400719856025,0.002199560087982403,0.346530693861223,0.0031993601279744054,0,0.006998600279944014,0.013197360527894405,0.001399720055988802,0.005998800239952012,0.002999400119976005,0.007198560287942414,0.0049990001999600095,9.998000399920016e-4,0.003399320135972806,0.004399120175964808
0,0,0,0,0,0,0,0,0,0,0,0,0,0,0,0,0,0,0,0,0,0,0,0,0,0,0,0,0,0,0,0,0,0,0,0,0,0.017796440711857597,0,0,0,0,0,0,0.02099580083983199,0,0,0,0,0,0,0,0,0,0,0,0,0,0,0,0,0,0,0,0,0,0,0,0,0,0,0,0,0,0,0,1.999600079984003e-4,0,0,0,0,0,0,0,0,0,0,0,0,0,0,0,0,0,0,0,0,0,0,0,0,0,0,0,0,0,0.05098980203959193,0.02159568086382719,0.02559488102379518,0.018396320735852796,0,0,0,0,0,0,0,0,0,0,0,0,0,0.006598680263947213,0,0,0.009398120375924813,0.011797640471905608,0.012197560487902407,0.029994001199759972,0.03879224155168955,0.23995200959808569,0.019796040791841593,0,0.056788642271545516,0.022395520895820788,0.012597480503899207,0.011997600479904008,0.02539492101579678,0.022195560887822388,0.2191561687662514,0.023395320935812786,0.009598080383923213
0,0,0,0,0,0,0,0,0,0,0,0,0,0,0,0,0,0,0,0,0,0,0,0,0,0,0,0,0,0,0,0,0,0,0,0,0,0.05058988202359513,0,0,0,0,0,0,0.056588682263547116,0,0,0,0,0,0,0,0,0,0,0,0,0,0,0,0,0,0,0,0,0,0,0,0,0,0,0,0,0,0,0,0.007798440311937616,0,0,0,0,0,0,0,0,0,0,0,0,0,0,0,0,0,0,0,0,0,0,0,0,0,0,0,0,0,0.15556888622275813,0.07038592281543696,0.08458308338332382,0.07298540291941624,0,0,0,0,0,0,0,0,0,0,0,0,0,0.02539492101579678,0,0,0.04119176164767035,0.05538892221555672,0.029194161167766373,0.08118376324735091,0.09838032393521387,0.07538492301539712,0.0991801639672075,0.08158368326334772,0,0.07618476304739075,0.04999000199959993,0.046990601879623936,0.05098980203959193,0.06618676264747042,0.062387522495500704,0.09038192361527761,0.06278744251149751
0,0,0,0,0,0,0,0,0,0,0,0,0,0,0,0,0,0,0,0,0,0,0,0,0,0,0,0,0,0,0,0,0,0,0,0,0,0.003399320135972806,0,0,0,0,0,0,0.013597280543891204,0,0,0,0,0,0,0,0,0,0,0,0,0,0,0,0,0,0,0,0,0,0,0,0,0,0,0,0,0,0,0,0.0049990001999600095,0,0,0,0,0,0,0,0,0,0,0,0,0,0,0,0,0,0,0,0,0,0,0,0,0,0,0,0,0,0.019996000799839993,0.005998800239952012,0.006198760247950412,0.018196360727854397,0,0,0,0,0,0,0,0,0,0,0,0,0,0.0019996000799840027,0,0,0.010397920415916811,0.002999400119976005,0.006998600279944014,0.007998400319936016,0.009998000399920012,0.007798440311937616,0.008998200359928014,0.007998400319936016,0.02619476104779038,0,0.010197960407918412,0.005998800239952012,0.43811237752448046,0.002999400119976005,0.008798240351929614,0.308538292341531,0.008798240351929614
0,0,0,0,0,0,0,0,0,0,0,0,0,0,0,0,0,0,0,0,0,0,0,0,0,0,0,0,0,0,0,0,0,0,0,0,0,0.001399720055988802,0,0,0,0,0,0,0.0037992401519696068,0,0,0,0,0,0,0,0,0,0,0,0,0,0,0,0,0,0,0,0,0,0,0,0,0,0,0,0,0,0,0,0.0015996800639872023,0,0,0,0,0,0,0,0,0,0,0,0,0,0,0,0,0,0,0,0,0,0,0,0,0,0,0,0,0,0.008998200359928014,0.007798440311937616,0.005798840231953611,0.008198360327934416,0,0,0,0,0,0,0,0,0,0,0,0,0,5.998800239952009e-4,0,0,0.13837232553489517,0.002999400119976005,0.23175364927015102,0.001399720055988802,0.006998600279944014,0.0031993601279744054,0.008198360327934416,0.004799040191961609,0.012597480503899207,0.0035992801439712063,0,0.2099580083983247,0.00539892021595681,0.004399120175964808,0.002199560087982403,0.004399120175964808,0.09798040391921706
0,0,0,0,0,0,0,0,0,0,0,0,0,0,0,0,0,0,0,0,0,0,0,0,0,0,0,0,0,0,0,0,0,0,0,0,0,0.0031993601279744054,0,0,0,0,0,0,0.0019996000799840027,0,0,0,0,0,0,0,0,0,0,0,0,0,0,0,0,0,0,0,0,0,0,0,0,0,0,0,0,0,0,0,5.998800239952009e-4,0,0,0,0,0,0,0,0,0,0,0,0,0,0,0,0,0,0,0,0,0,0,0,0,0,0,0,0,0,0.0067986402719456135,0.0019996000799840027,0.005598880223955211,0.0031993601279744054,0,0,0,0,0,0,0,0,0,0,0,0,0,3.999200159968006e-4,0,0,0.12877424515097166,0.002599480103979204,0.4453109378124221,0.002999400119976005,0.0045990801839632086,0.0017996400719856025,0.004799040191961609,0.006198760247950412,0.006598680263947213,0.0049990001999600095,0.30933813237352453,0,1.999600079984003e-4,0.0035992801439712063,0.001399720055988802,0.001399720055988802,0.10037992401519794
0,0,0,0,0,0,0,0,0,0,0,0,0,0,0,0,0,0,0,0,0,0,0,0,0,0,0,0,0,0,0,0,0,0,0,0,0,0.002999400119976005,0,0,0,0,0,0,0.0067986402719456135,0,0,0,0,0,0,0,0,0,0,0,0,0,0,0,0,0,0,0,0,0,0,0,0,0,0,0,0,0,0,0,7.998400319936012e-4,0,0,0,0,0,0,0,0,0,0,0,0,0,0,0,0,0,0,0,0,0,0,0,0,0,0,0,0,0,0.02099580083983199,0.007198560287942414,0.007398520295940815,0.013597280543891204,0,0,0,0,0,0,0,0,0,0,0,0,0,0.0031993601279744054,0,0,0.00519896020795841,0.003999200159968007,0.007198560287942414,0.008598280343931215,0.008398320335932815,0.009598080383923213,0.008798240351929614,0.005998800239952012,0.02139572085582879,0.37132573485302195,0.00519896020795841,0.007398520295940815,0,0.006398720255948813,0.007398520295940815,0.21955608878224822,0.002999400119976005
0,0,0,0,0,0,0,0,0,0,0,0,0,0,0,0,0,0,0,0,0,0,0,0,0,0,0,0,0,0,0,0,0,0,0,0,0,0.06038792241551671,0,0,0,0,0,0,0.09798040391921706,0,0,0,0,0,0,0,0,0,0,0,0,0,0,0,0,0,0,0,0,0,0,0,0,0,0,0,0,0,0,0,0.002199560087982403,0,0,0,0,0,0,0,0,0,0,0,0,0,0,0,0,0,0,0,0,0,0,0,0,0,0,0,0,0,0.07118576284743058,0.0163967206558688,0.023595280943811185,0.012597480503899207,0,0,0,0,0,0,0,0,0,0,0,0,0,0.003999200159968007,0,0,0.009798040391921612,0.06698660267946405,0.005998800239952012,0.38432313537291657,0.0167966406718656,0.015996800639872,0.018996200759847995,0.018596280743851196,0.04359128174365114,0.0171965606878624,0.014397120575884803,0.0163967206558688,0.015196960607878401,0,0.019596080783843194,0.02079584083183359,0.00539892021595681
0,0,0,0,0,0,0,0,0,0,0,0,0,0,0,0,0,0,0,0,0,0,0,0,0,0,0,0,0,0,0,0,0,0,0,0,0,0.005998800239952012,0,0,0,0,0,0,0.011397720455908809,0,0,0,0,0,0,0,0,0,0,0,0,0,0,0,0,0,0,0,0,0,0,0,0,0,0,0,0,0,0,0,0,0,0,0,0,0,0,0,0,0,0,0,0,0,0,0,0,0,0,0,0,0,0,0,0,0,0,0,0,0,0.025194961007798382,0.007398520295940815,0.011997600479904008,0.011397720455908809,0,0,0,0,0,0,0,0,0,0,0,0,0,0.002599480103979204,0,0,0.008398320335932815,0.005598880223955211,0.003999200159968007,0.009398120375924813,0.009198160367926414,0.3839232153569198,0.01059788042391521,0.2467506498700315,0.02199560087982399,0.008598280343931215,0.006398720255948813,0.008198360327934416,0.009998000399920012,0.0049990001999600095,0,0.006998600279944014,0.0019996000799840027
0,0,0,0,0,0,0,0,0,0,0,0,0,0,0,0,0,0,0,0,0,0,0,0,0,0,0,0,0,0,0,0,0,0,0,0,0,0.013397320535892805,0,0,0,0,0,0,0.013597280543891204,0,0,0,0,0,0,0,0,0,0,0,0,0,0,0,0,0,0,0,0,0,0,0,0,0,0,0,0,0,0,0,1.999600079984003e-4,0,0,0,0,0,0,0,0,0,0,0,0,0,0,0,0,0,0,0,0,0,0,0,0,0,0,0,0,0,0.03939212157568475,0.01059788042391521,0.017596480703859198,0.03239352129574077,0,0,0,0,0,0,0,0,0,0,0,0,0,0.005798840231953611,0,0,0.008598280343931215,0.011797640471905608,0.011997600479904008,0.0171965606878624,0.023795240951809585,0.0155968806238752,0.018796240751849595,0.023395320935812786,0.046990601879623936,0.2431513697260602,0.01099780043991201,0.015996800639872,0.25174965006999145,0.008398320335932815,0.019596080783843194,0,0.0167966406718656
0,0,0,0,0,0,0,0,0,0,0,0,0,0,0,0,0,0,0,0,0,0,0,0,0,0,0,0,0,0,0,0,0,0,0,0,0,0.0023995200959808036,0,0,0,0,0,0,0.004799040191961609,0,0,0,0,0,0,0,0,0,0,0,0,0,0,0,0,0,0,0,0,0,0,0,0,0,0,0,0,0,0,0,9.998000399920016e-4,0,0,0,0,0,0,0,0,0,0,0,0,0,0,0,0,0,0,0,0,0,0,0,0,0,0,0,0,0,0.011997600479904008,0.007798440311937616,0.007398520295940815,0.006598680263947213,0,0,0,0,0,0,0,0,0,0,0,0,0,1.999600079984003e-4,0,0,0.39492101579683064,0.0031993601279744054,0.07638472305538915,0.0031993601279744054,0.012997400519896006,0.0031993601279744054,0.011597680463907209,0.006998600279944014,0.0155968806238752,0.004799040191961609,0.11797640471905771,0.09438112377524574,0.006398720255948813,0.005598880223955211,0.005598880223955211,0.0049990001999600095,0
