X1,root,type,sp_infected,sp_infector,infected,infector,pop_infected,pop_infector,modeinfection,tinfection,tinfective,tremoved,moderemoval,index,sim,transmission,year,period_inf,surv,nb_lineages,badger,boar,cattle
129014,15,SB0832,badger,NA,45_d500_152_0,NA,45_d500_152,NA,initialisation,0,0,47,demographie,15,133,NA->badger,2007,47,b2012,346,22,43,281
129015,15,SB0832,cattle,badger,64420038_0,45_d500_152_0,64420038,45_d500_152,badger,4,6,16,abattage,22,133,badger->cattle,2007,12,b2012,346,22,43,281
129016,15,SB0832,cattle,cattle,64420038_1,64420038_0,64420038,64420038,within,9,13,15,demographie,56,133,cattle->cattle,2007,6,b2012,346,22,43,281
129017,15,SB0832,badger,cattle,45_d500_124_0,64420038_1,45_d500_124,64420038,cattle,19,19,52,demographie,143,133,cattle->badger,2008,33,b2012,346,22,43,281
129018,15,SB0832,cattle,badger,64420035_0,45_d500_124_0,64420035,45_d500_124,badger,28,32,44,abattage,201,133,badger->cattle,2009,16,b2012,346,22,43,281
129019,15,SB0832,badger,cattle,45_d500_159_855_0,64420035_0,45_d500_159_855,64420035,cattle,33,33,76,demographie,242,133,cattle->badger,2009,43,b2012,346,22,43,281
129020,15,SB0832,badger,cattle,45_d500_99_766_0,64420035_0,45_d500_99_766,64420035,cattle,33,33,114,trapping,243,133,cattle->badger,2009,81,b2012,346,22,43,281
129021,15,SB0832,cattle,cattle,64420035_1,64420035_0,64420035,64420035,within,34,-1,44,abattage,248,133,cattle->cattle,2009,10,b2012,346,22,43,281
129022,15,SB0832,cattle,cattle,64420035_2,64420035_0,64420035,64420035,within,41,42,43,demographie,327,133,cattle->cattle,2010,2,b2012,346,22,43,281
129023,15,SB0832,badger,cattle,45_d500_182_0,64420035_0,45_d500_182,64420035,cattle,42,42,69,demographie,334,133,cattle->badger,2010,27,b2012,346,22,43,281
129024,15,SB0832,cattle,badger,64420035_3,45_d500_124_0,64420035,45_d500_124,badger,44,-1,44,abattage,346,133,badger->cattle,2010,0,b2012,346,22,43,281
129025,15,SB0832,badger,badger,45_d500_99_766_1,45_d500_99_766_0,45_d500_99_766,45_d500_99_766,within,49,49,76,trapping,407,133,badger->badger,2011,27,b2012,346,22,43,281
129026,15,SB0832,cattle,badger,64281008_0,45_d500_159_855_0,64281008,45_d500_159_855,badger,52,53,55,demographie,461,133,badger->cattle,2011,3,b2012,346,22,43,281
129027,15,SB0832,cattle,badger,64420039_3,45_d500_99_766_0,64420039,45_d500_99_766,badger,53,-1,59,abattage,487,133,badger->cattle,2011,6,b2012,346,22,43,281
129028,15,SB0832,cattle,badger,64420046_0,45_d500_99_766_0,64420046,45_d500_99_766,badger,54,55,73,abattage,507,133,badger->cattle,2011,19,b2012,346,22,43,281
129029,15,SB0832,badger,badger,45_d500_99_766_2,45_d500_99_766_0,45_d500_99_766,45_d500_99_766,within,55,55,62,demographie,524,133,badger->badger,2011,7,b2012,346,22,43,281
129030,15,SB0832,cattle,badger,64416031_0,45_d500_182_0,64416031,45_d500_182,badger,57,59,73,abattage,571,133,badger->cattle,2011,16,b2012,346,22,43,281
129031,15,SB0832,cattle,cattle,64420046_1,64420046_0,64420046,64420046,within,59,63,73,abattage,631,133,cattle->cattle,2011,14,b2012,346,22,43,281
129032,15,SB0832,cattle,badger,64420002_0,45_d500_159_855_0,64420002,45_d500_159_855,badger,63,70,83,abattage,754,133,badger->cattle,2012,20,b2016,346,22,43,281
129033,15,SB0832,cattle,badger,64556500_0,45_d500_159_855_0,64556500,45_d500_159_855,badger,63,64,67,demographie,755,133,badger->cattle,2012,4,b2016,346,22,43,281
129034,15,SB0832,boar,cattle,64416_0,64416031_0,64416,64416031,cattle,63,63,77,demographie,772,133,cattle->boar,2012,14,b2016,346,22,43,281
129035,15,SB0832,cattle,badger,64420035_4,45_d500_182_0,64420035,45_d500_182,badger,64,66,83,abattage,788,133,badger->cattle,2012,19,b2016,346,22,43,281
129036,15,SB0832,cattle,cattle,64416031_1,64416031_0,64416031,64416031,within,65,66,72,demographie,822,133,cattle->cattle,2012,7,b2016,346,22,43,281
129037,15,SB0832,boar,badger,64416_1,45_d500_182_0,64416,45_d500_182,badger,66,66,79,demographie,834,133,badger->boar,2012,13,b2016,346,22,43,281
129038,15,SB0832,badger,badger,45_d500_159_855_1,45_d500_159_855_0,45_d500_159_855,45_d500_159_855,within,67,67,129,demographie,856,133,badger->badger,2012,62,b2016,346,22,43,281
129039,15,SB0832,badger,badger,45_d500_159_855_2,45_d500_159_855_1,45_d500_159_855,45_d500_159_855,within,67,67,72,demographie,857,133,badger->badger,2012,5,b2016,346,22,43,281
129040,15,SB0832,cattle,cattle,64420035_5,64420035_4,64420035,64420035,within,68,73,83,abattage,880,133,cattle->cattle,2012,15,b2016,346,22,43,281
129041,15,SB0832,cattle,cattle,64420046_2,64420046_0,64420046,64420046,within,68,-1,72,demographie,881,133,cattle->cattle,2012,4,b2016,346,22,43,281
129042,15,SB0832,cattle,cattle,64416031_2,64416031_0,64416031,64416031,within,69,70,73,demographie,903,133,cattle->cattle,2012,4,b2016,346,22,43,281
129043,15,SB0832,cattle,cattle,64420035_6,64420035_4,64420035,64420035,within,69,70,83,abattage,904,133,cattle->cattle,2012,14,b2016,346,22,43,281
129044,15,SB0832,badger,cattle,45_d500_99_720_0,64420035_4,45_d500_99_720,64420035,cattle,69,69,126,trapping,905,133,cattle->badger,2012,57,b2016,346,22,43,281
129045,15,SB0832,cattle,cattle,64416031_4,64416031_1,64416031,64416031,within,71,72,73,abattage,963,133,cattle->cattle,2012,2,b2016,346,22,43,281
129046,15,SB0832,cattle,cattle,64416031_3,64416031_2,64416031,64416031,within,71,72,73,abattage,964,133,cattle->cattle,2012,2,b2016,346,22,43,281
129047,15,SB0832,cattle,cattle,64420002_1,64420002_0,64420002,64420002,within,71,75,83,abattage,965,133,cattle->cattle,2012,12,b2016,346,22,43,281
129048,15,SB0832,cattle,cattle,64420046_3,64420046_1,64420046,64420046,within,71,-1,73,abattage,967,133,cattle->cattle,2012,2,b2016,346,22,43,281
129049,15,SB0832,cattle,cattle,64420046_4,64420046_1,64420046,64420046,within,71,-1,73,abattage,968,133,cattle->cattle,2012,2,b2016,346,22,43,281
129050,15,SB0832,cattle,cattle,64416031_5,64416031_4,64416031,64416031,within,72,-1,73,abattage,1001,133,cattle->cattle,2013,1,b2016,346,22,43,281
129051,15,SB0832,cattle,cattle,64420035_7,64420035_4,64420035,64420035,within,72,-1,85,abattage,1002,133,cattle->cattle,2013,13,b2016,346,22,43,281
129052,15,SB0832,cattle,cattle,64416031_6,64416031_4,64416031,64416031,within,73,-1,73,abattage,1034,133,cattle->cattle,2013,0,b2016,346,22,43,281
129053,15,SB0832,cattle,cattle,64420002_2,64420002_0,64420002,64420002,within,73,74,83,abattage,1035,133,cattle->cattle,2013,10,b2016,346,22,43,281
129054,15,SB0832,cattle,cattle,64420035_8,64420035_6,64420035,64420035,within,73,74,83,abattage,1036,133,cattle->cattle,2013,10,b2016,346,22,43,281
129055,15,SB0832,cattle,cattle,64420046_5,64420046_0,64420046,64420046,within,73,-1,75,abattage,1038,133,cattle->cattle,2013,2,b2016,346,22,43,281
129056,15,SB0832,cattle,cattle,64420046_6,64420046_0,64420046,64420046,within,73,-1,75,abattage,1039,133,cattle->cattle,2013,2,b2016,346,22,43,281
129057,15,SB0832,cattle,cattle,64420046_7,64420046_0,64420046,64420046,within,73,-1,75,abattage,1040,133,cattle->cattle,2013,2,b2016,346,22,43,281
129058,15,SB0832,cattle,cattle,64420002_3,64420002_0,64420002,64420002,within,74,78,85,abattage,1059,133,cattle->cattle,2013,11,b2016,346,22,43,281
129059,15,SB0832,cattle,cattle,64420035_9,64420035_5,64420035,64420035,within,75,78,83,abattage,1080,133,cattle->cattle,2013,8,b2016,346,22,43,281
129060,15,SB0832,boar,badger,64359_0,45_d500_99_720_0,64359,45_d500_99_720,badger,76,76,81,demographie,1087,133,badger->boar,2013,5,b2016,346,22,43,281
129061,15,SB0832,cattle,cattle,64420035_10,64420035_8,64420035,64420035,within,76,80,83,abattage,1096,133,cattle->cattle,2013,7,b2016,346,22,43,281
129062,15,SB0832,cattle,cattle,64420035_11,64420035_8,64420035,64420035,within,76,-1,85,abattage,1097,133,cattle->cattle,2013,9,b2016,346,22,43,281
129063,15,SB0832,badger,cattle,45_d500_99_866_0,64420035_8,45_d500_99_866,64420035,cattle,76,76,80,trapping,1098,133,cattle->badger,2013,4,b2016,346,22,43,281
129064,15,SB0832,cattle,badger,64420012_0,45_d500_99_866_0,64420012,45_d500_99_866,badger,77,82,86,abattage,1107,133,badger->cattle,2013,9,b2016,346,22,43,281
129065,15,SB0832,cattle,cattle,64420035_12,64420035_4,64420035,64420035,within,77,-1,83,abattage,1116,133,cattle->cattle,2013,6,b2016,346,22,43,281
129066,15,SB0832,cattle,badger,64420012_2,45_d500_99_766_0,64420012,45_d500_99_766,badger,81,83,86,abattage,1175,133,badger->cattle,2013,5,b2016,346,22,43,281
129067,15,SB0832,cattle,cattle,64420035_14,64420035_5,64420035,64420035,within,81,-1,83,abattage,1194,133,cattle->cattle,2013,2,b2016,346,22,43,281
129068,15,SB0832,cattle,cattle,64420035_15,64420035_5,64420035,64420035,within,81,83,83,abattage,1195,133,cattle->cattle,2013,2,b2016,346,22,43,281
129069,15,SB0832,cattle,cattle,64420035_13,64420035_6,64420035,64420035,within,81,83,83,abattage,1196,133,cattle->cattle,2013,2,b2016,346,22,43,281
129070,15,SB0832,cattle,cattle,64420035_16,64420035_6,64420035,64420035,within,82,82,83,abattage,1222,133,cattle->cattle,2013,1,b2016,346,22,43,281
129071,15,SB0832,cattle,cattle,64420002_5,64420002_2,64420002,64420002,within,83,-1,83,abattage,1252,133,cattle->cattle,2013,0,b2016,346,22,43,281
129072,15,SB0832,cattle,cattle,64420002_6,64420002_2,64420002,64420002,within,83,-1,83,abattage,1253,133,cattle->cattle,2013,0,b2016,346,22,43,281
129073,15,SB0832,cattle,cattle,64420002_7,64420002_2,64420002,64420002,within,83,84,85,abattage,1254,133,cattle->cattle,2013,2,b2016,346,22,43,281
129074,15,SB0832,cattle,cattle,64420002_4,64420002_3,64420002,64420002,within,83,-1,85,abattage,1255,133,cattle->cattle,2013,2,b2016,346,22,43,281
129075,15,SB0832,cattle,cattle,64420035_19,64420035_4,64420035,64420035,within,83,-1,83,abattage,1256,133,cattle->cattle,2013,0,b2016,346,22,43,281
129076,15,SB0832,cattle,cattle,64420035_17,64420035_5,64420035,64420035,within,83,83,83,abattage,1257,133,cattle->cattle,2013,0,b2016,346,22,43,281
129077,15,SB0832,cattle,cattle,64420035_18,64420035_5,64420035,64420035,within,83,-1,83,abattage,1258,133,cattle->cattle,2013,0,b2016,346,22,43,281
129078,15,SB0832,cattle,cattle,64420002_8,64420002_3,64420002,64420002,within,84,-1,85,abattage,1288,133,cattle->cattle,2014,1,b2016,346,22,43,281
129079,15,SB0832,cattle,cattle,64420002_9,64420002_7,64420002,64420002,within,85,85,85,abattage,1307,133,cattle->cattle,2014,0,b2016,346,22,43,281
129080,15,SB0832,cattle,badger,64359153_0,45_d500_99_720_0,64359153,45_d500_99_720,badger,90,93,113,abattage,1383,133,badger->cattle,2014,23,b2016,346,22,43,281
129081,15,SB0832,cattle,badger,64449007_0,45_d500_99_720_0,64449007,45_d500_99_720,badger,93,96,97,demographie,1447,133,badger->cattle,2014,4,b2016,346,22,43,281
129082,15,SB0832,cattle,cattle,64359153_1,64359153_0,64359153,64359153,within,95,96,111,abattage,1522,133,cattle->cattle,2014,16,b2016,346,22,43,281
129083,15,SB0832,cattle,cattle,64359153_2,64359153_0,64359153,64359153,within,97,101,111,abattage,1576,133,cattle->cattle,2015,14,b2016,346,22,43,281
129084,15,SB0832,cattle,cattle,64359153_3,64359153_1,64359153,64359153,within,97,103,111,abattage,1577,133,cattle->cattle,2015,14,b2016,346,22,43,281
129085,15,SB0832,cattle,cattle,64359153_4,64359153_1,64359153,64359153,within,99,102,111,abattage,1619,133,cattle->cattle,2015,12,b2016,346,22,43,281
129086,15,SB0832,boar,cattle,64359_3,64359153_1,64359,64359153,cattle,102,102,129,demographie,1658,133,cattle->boar,2015,27,b2016,346,22,43,281
129087,15,SB0832,cattle,cattle,64359153_5,64359153_1,64359153,64359153,within,103,105,113,abattage,1673,133,cattle->cattle,2015,10,b2016,346,22,43,281
129088,15,SB0832,boar,cattle,64359_4,64359153_3,64359,64359153,cattle,103,103,157,NA,1674,133,cattle->boar,2015,54,b2016,346,22,43,281
129089,15,SB0832,cattle,badger,64420035_20,45_d500_159_855_1,64420035,45_d500_159_855,badger,104,109,110,abattage,1680,133,badger->cattle,2015,6,b2016,346,22,43,281
129090,15,SB0832,cattle,boar,64359110_0,64359_4,64359110,64359,boar,104,-1,106,demographie,1691,133,boar->cattle,2015,2,b2016,346,22,43,281
129091,15,SB0832,cattle,cattle,64359153_6,64359153_5,64359153,64359153,within,105,109,113,abattage,1708,133,cattle->cattle,2015,8,b2016,346,22,43,281
129092,15,SB0832,cattle,boar,64359005_0,64359_3,64359005,64359,boar,106,-1,110,abattage,1730,133,boar->cattle,2015,4,b2016,346,22,43,281
129093,15,SB0832,cattle,boar,64359108_0,64359_3,64359108,64359,boar,106,109,116,abattage,1731,133,boar->cattle,2015,10,b2016,346,22,43,281
129094,15,SB0832,cattle,cattle,64359153_7,64359153_4,64359153,64359153,within,106,111,111,abattage,1732,133,cattle->cattle,2015,5,b2016,346,22,43,281
129095,15,SB0832,cattle,cattle,64359153_8,64359153_1,64359153,64359153,within,107,-1,113,abattage,1754,133,cattle->cattle,2015,6,b2016,346,22,43,281
129096,15,SB0832,cattle,cattle,64359153_10,64359153_2,64359153,64359153,within,107,108,111,abattage,1755,133,cattle->cattle,2015,4,b2016,346,22,43,281
129097,15,SB0832,cattle,cattle,64359153_9,64359153_5,64359153,64359153,within,107,-1,111,abattage,1756,133,cattle->cattle,2015,4,b2016,346,22,43,281
129098,15,SB0832,boar,boar,64359_5,64359_3,64359,64359,within,108,108,146,demographie,1786,133,boar->boar,2016,38,s2016,346,22,43,281
129099,15,SB0832,cattle,cattle,64359153_11,64359153_5,64359153,64359153,within,108,-1,113,abattage,1788,133,cattle->cattle,2016,5,s2016,346,22,43,281
129100,15,SB0832,cattle,cattle,64359153_12,64359153_4,64359153,64359153,within,109,110,113,abattage,1805,133,cattle->cattle,2016,4,s2016,346,22,43,281
129101,15,SB0832,cattle,cattle,64359108_1,64359108_0,64359108,64359108,within,110,113,115,demographie,1822,133,cattle->cattle,2016,5,s2016,346,22,43,281
129102,15,SB0832,cattle,cattle,64359153_15,64359153_0,64359153,64359153,within,110,-1,111,abattage,1823,133,cattle->cattle,2016,1,s2016,346,22,43,281
129103,15,SB0832,cattle,cattle,64359153_14,64359153_1,64359153,64359153,within,110,113,113,abattage,1824,133,cattle->cattle,2016,3,s2016,346,22,43,281
129104,15,SB0832,cattle,cattle,64359153_16,64359153_1,64359153,64359153,within,110,-1,113,abattage,1825,133,cattle->cattle,2016,3,s2016,346,22,43,281
129105,15,SB0832,cattle,cattle,64359153_13,64359153_10,64359153,64359153,within,110,-1,111,demographie,1826,133,cattle->cattle,2016,1,s2016,346,22,43,281
129106,15,SB0832,cattle,cattle,64420035_21,64420035_20,64420035,64420035,within,110,-1,112,abattage,1828,133,cattle->cattle,2016,2,s2016,346,22,43,281
129107,15,SB0832,cattle,boar,64359045_0,64359_3,64359045,64359,boar,111,113,125,abattage,1842,133,boar->cattle,2016,14,s2016,346,22,43,281
129108,15,SB0832,boar,cattle,64359_6,64359108_0,64359,64359108,cattle,111,111,141,demographie,1843,133,cattle->boar,2016,30,s2016,346,22,43,281
129109,15,SB0832,cattle,cattle,64359153_17,64359153_7,64359153,64359153,within,111,-1,113,abattage,1844,133,cattle->cattle,2016,2,s2016,346,22,43,281
129110,15,SB0832,boar,cattle,64359_8,64359108_0,64359,64359108,cattle,112,112,157,NA,1860,133,cattle->boar,2016,45,s2016,346,22,43,281
129111,15,SB0832,boar,cattle,64359_7,64359153_2,64359,64359153,cattle,112,112,125,demographie,1861,133,cattle->boar,2016,13,s2016,346,22,43,281
129112,15,SB0832,cattle,boar,64359045_1,64359_3,64359045,64359,boar,113,120,121,abattage,1872,133,boar->cattle,2016,8,s2016,346,22,43,281
129113,15,SB0832,cattle,boar,64359110_1,64359_4,64359110,64359,boar,113,117,121,abattage,1873,133,boar->cattle,2016,8,s2016,346,22,43,281
129114,15,SB0832,cattle,cattle,64359108_2,64359108_0,64359108,64359108,within,113,115,116,abattage,1874,133,cattle->cattle,2016,3,s2016,346,22,43,281
129115,15,SB0832,boar,cattle,64359_9,64359108_1,64359,64359108,cattle,113,113,122,demographie,1875,133,cattle->boar,2016,9,s2016,346,22,43,281
129116,15,SB0832,cattle,cattle,64359153_18,64359153_6,64359153,64359153,within,113,-1,113,abattage,1876,133,cattle->cattle,2016,0,s2016,346,22,43,281
129117,15,SB0832,cattle,boar,64359056_0,64359_9,64359056,64359,boar,114,119,121,abattage,1893,133,boar->cattle,2016,7,s2016,346,22,43,281
129118,15,SB0832,badger,cattle,45_d500_37_577_0,64359045_0,45_d500_37_577,64359045,cattle,114,114,127,trapping,1894,133,cattle->badger,2016,13,s2016,346,22,43,281
129119,15,SB0832,cattle,cattle,64359108_3,64359108_0,64359108,64359108,within,114,115,116,abattage,1895,133,cattle->cattle,2016,2,s2016,346,22,43,281
129120,15,SB0832,cattle,cattle,64359108_4,64359108_2,64359108,64359108,within,115,116,116,abattage,1906,133,cattle->cattle,2016,1,s2016,346,22,43,281
129121,15,SB0832,cattle,boar,64359209_0,64359_3,64359209,64359,boar,116,131,133,abattage,1919,133,boar->cattle,2016,17,s2016,346,22,43,281
129122,15,SB0832,cattle,boar,64359042_0,64359_4,64359042,64359,boar,116,117,119,abattage,1920,133,boar->cattle,2016,3,s2016,346,22,43,281
129123,15,SB0832,cattle,boar,64359045_2,64359_5,64359045,64359,boar,116,120,121,abattage,1921,133,boar->cattle,2016,5,s2016,346,22,43,281
129124,15,SB0832,boar,cattle,64359_10,64359108_3,64359,64359108,cattle,117,117,150,demographie,1935,133,cattle->boar,2016,33,s2016,346,22,43,281
129125,15,SB0832,cattle,badger,64359045_3,45_d500_37_577_0,64359045,45_d500_37_577,badger,118,118,125,abattage,1941,133,badger->cattle,2016,7,s2016,346,22,43,281
129126,15,SB0832,boar,cattle,64359_11,64359042_0,64359,64359042,cattle,118,118,120,demographie,1951,133,cattle->boar,2016,2,s2016,346,22,43,281
129127,15,SB0832,cattle,cattle,64359045_4,64359045_0,64359045,64359045,within,119,120,121,abattage,1972,133,cattle->cattle,2016,2,s2016,346,22,43,281
129128,15,SB0832,cattle,cattle,64359110_2,64359110_1,64359110,64359110,within,119,-1,123,abattage,1973,133,cattle->cattle,2016,4,s2016,346,22,43,281
129129,15,SB0832,cattle,cattle,64359045_5,64359045_1,64359045,64359045,within,120,-1,125,abattage,1998,133,cattle->cattle,2017,5,s2016,346,22,43,281
129130,15,SB0832,cattle,cattle,64359110_3,64359110_1,64359110,64359110,within,120,122,123,abattage,1999,133,cattle->cattle,2017,3,s2016,346,22,43,281
129131,15,SB0832,boar,cattle,64359_12,64359042_0,64359,64359042,cattle,121,121,131,demographie,2029,133,cattle->boar,2017,10,s2016,346,22,43,281
129132,15,SB0832,cattle,cattle,64359045_6,64359045_3,64359045,64359045,within,121,123,125,abattage,2030,133,cattle->cattle,2017,4,s2016,346,22,43,281
129133,15,SB0832,cattle,cattle,64359045_7,64359045_3,64359045,64359045,within,121,-1,125,abattage,2031,133,cattle->cattle,2017,4,s2016,346,22,43,281
129134,15,SB0832,cattle,cattle,64359110_4,64359110_1,64359110,64359110,within,121,-1,123,abattage,2032,133,cattle->cattle,2017,2,s2016,346,22,43,281
129135,15,SB0832,cattle,cattle,64359045_8,64359045_3,64359045,64359045,within,122,124,125,abattage,2055,133,cattle->cattle,2017,3,s2016,346,22,43,281
129136,15,SB0832,cattle,boar,64359008_0,64359_10,64359008,64359,boar,123,124,133,abattage,2072,133,boar->cattle,2017,10,s2016,346,22,43,281
129137,15,SB0832,cattle,boar,64359056_1,64359_7,64359056,64359,boar,123,-1,123,abattage,2073,133,boar->cattle,2017,0,s2016,346,22,43,281
129138,15,SB0832,cattle,boar,64359061_4,64359_8,64359061,64359,boar,123,127,134,abattage,2074,133,boar->cattle,2017,11,s2016,346,22,43,281
129139,15,SB0832,boar,cattle,64359_13,64359110_3,64359,64359110,cattle,123,123,125,demographie,2075,133,cattle->boar,2017,2,s2016,346,22,43,281
129140,15,SB0832,cattle,boar,64359061_5,64359_13,64359061,64359,boar,124,125,134,abattage,2087,133,boar->cattle,2017,10,s2016,346,22,43,281
129141,15,SB0832,cattle,boar,64359061_6,64359_13,64359061,64359,boar,124,126,134,abattage,2088,133,boar->cattle,2017,10,s2016,346,22,43,281
129142,15,SB0832,cattle,boar,64359005_2,64359_7,64359005,64359,boar,124,130,134,demographie,2089,133,boar->cattle,2017,10,s2016,346,22,43,281
129143,15,SB0832,boar,cattle,64359_14,64359110_1,64359,64359110,cattle,124,124,157,NA,2090,133,cattle->boar,2017,33,s2016,346,22,43,281
129144,15,SB0832,cattle,boar,64359042_1,64359_10,64359042,64359,boar,125,126,132,abattage,2108,133,boar->cattle,2017,7,s2016,346,22,43,281
129145,15,SB0832,cattle,boar,64359209_2,64359_12,64359209,64359,boar,125,127,137,abattage,2109,133,boar->cattle,2017,12,s2016,346,22,43,281
129146,15,SB0832,cattle,boar,64359209_1,64359_3,64359209,64359,boar,125,-1,137,abattage,2110,133,boar->cattle,2017,12,s2016,346,22,43,281
129147,15,SB0832,cattle,boar,64359008_1,64359_4,64359008,64359,boar,125,-1,135,abattage,2111,133,boar->cattle,2017,10,s2016,346,22,43,281
129148,15,SB0832,cattle,boar,64359108_5,64359_4,64359108,64359,boar,125,131,145,abattage,2112,133,boar->cattle,2017,20,s2016,346,22,43,281
129149,15,SB0832,badger,cattle,45_d500_94_0,64359110_1,45_d500_94,64359110,cattle,125,125,136,trapping,2113,133,cattle->badger,2017,11,s2016,346,22,43,281
129150,15,SB0832,cattle,boar,64359211_0,64359_14,64359211,64359,boar,126,133,148,abattage,2125,133,boar->cattle,2017,22,s2016,346,22,43,281
129151,15,SB0832,badger,boar,45_d500_39_552_0,64359_8,45_d500_39_552,64359,boar,126,126,128,trapping,2126,133,boar->badger,2017,2,s2016,346,22,43,281
129152,15,SB0832,badger,cattle,45_d500_120_0,64359045_0,45_d500_120,64359045,cattle,126,126,138,trapping,2128,133,cattle->badger,2017,12,s2016,346,22,43,281
129153,15,SB0832,cattle,cattle,64359061_7,64359061_5,64359061,64359061,within,126,127,134,abattage,2129,133,cattle->cattle,2017,8,s2016,346,22,43,281
129154,15,SB0832,cattle,cattle,64359061_8,64359061_5,64359061,64359061,within,126,130,134,abattage,2130,133,cattle->cattle,2017,8,s2016,346,22,43,281
129155,15,SB0832,badger,cattle,45_d500_94_1,64359110_3,45_d500_94,64359110,cattle,126,126,150,trapping,2131,133,cattle->badger,2017,24,s2016,346,22,43,281
129156,15,SB0832,cattle,boar,64359204_0,64359_12,64359204,64359,boar,127,128,132,abattage,2143,133,boar->cattle,2017,5,s2016,346,22,43,281
129157,15,SB0832,cattle,boar,64359005_3,64359_4,64359005,64359,boar,127,128,137,abattage,2145,133,boar->cattle,2017,10,s2016,346,22,43,281
129158,15,SB0832,cattle,boar,64359005_4,64359_6,64359005,64359,boar,127,130,137,abattage,2146,133,boar->cattle,2017,10,s2016,346,22,43,281
129159,15,SB0832,badger,cattle,45_d500_122_0,64359045_8,45_d500_122,64359045,cattle,127,127,157,NA,2147,133,cattle->badger,2017,30,s2016,346,22,43,281
129160,15,SB0832,cattle,boar,64359001_0,64359_14,64359001,64359,boar,128,-1,131,abattage,2167,133,boar->cattle,2017,3,s2016,346,22,43,281
129161,15,SB0832,boar,cattle,64359_16,64359042_1,64359,64359042,cattle,128,128,157,NA,2168,133,cattle->boar,2017,29,s2016,346,22,43,281
129162,15,SB0832,cattle,cattle,64359061_9,64359061_5,64359061,64359061,within,128,130,134,abattage,2169,133,cattle->cattle,2017,6,s2016,346,22,43,281
129163,15,SB0832,badger,cattle,45_d500_84_0,64359061_6,45_d500_84,64359061,cattle,128,128,149,trapping,2170,133,cattle->badger,2017,21,s2016,346,22,43,281
129164,15,SB0832,cattle,boar,64359209_3,64359_14,64359209,64359,boar,129,130,133,abattage,2193,133,boar->cattle,2017,4,s2016,346,22,43,281
129165,15,SB0832,cattle,boar,64359110_5,64359_16,64359110,64359,boar,129,131,145,abattage,2195,133,boar->cattle,2017,16,s2016,346,22,43,281
129166,15,SB0832,cattle,cattle,64359008_2,64359008_0,64359008,64359008,within,129,-1,133,abattage,2196,133,cattle->cattle,2017,4,s2016,346,22,43,281
129167,15,SB0832,cattle,cattle,64359061_11,64359008_0,64359061,64359008,pasture,129,130,134,abattage,2197,133,cattle->cattle,2017,5,s2016,346,22,43,281
129168,15,SB0832,cattle,cattle,64359061_10,64359061_6,64359061,64359061,within,129,-1,134,abattage,2198,133,cattle->cattle,2017,5,s2016,346,22,43,281
129169,15,SB0832,cattle,badger,64349068_9,45_d500_159_855_1,64349068,45_d500_159_855,badger,130,132,145,abattage,2206,133,badger->cattle,2017,15,s2016,346,22,43,281
129170,15,SB0832,cattle,badger,64420035_22,45_d500_159_855_1,64420035,45_d500_159_855,badger,130,-1,131,abattage,2207,133,badger->cattle,2017,1,s2016,346,22,43,281
129171,15,SB0832,cattle,badger,64359110_6,45_d500_84_0,64359110,45_d500_84,badger,130,-1,143,abattage,2208,133,badger->cattle,2017,13,s2016,346,22,43,281
129172,15,SB0832,cattle,boar,64359187_0,64359_14,64359187,64359,boar,130,133,133,abattage,2223,133,boar->cattle,2017,3,s2016,346,22,43,281
129173,15,SB0832,cattle,boar,64359045_9,64359_16,64359045,64359,boar,130,132,134,abattage,2224,133,boar->cattle,2017,4,s2016,346,22,43,281
129174,15,SB0832,cattle,boar,64359070_0,64359_8,64359070,64359,boar,130,-1,132,abattage,2225,133,boar->cattle,2017,2,s2016,346,22,43,281
129175,15,SB0832,cattle,cattle,64359005_5,64359005_3,64359005,64359005,within,131,134,137,abattage,2243,133,cattle->cattle,2017,6,s2016,346,22,43,281
129176,15,SB0832,cattle,cattle,64359005_7,64359005_3,64359005,64359005,within,131,132,137,abattage,2244,133,cattle->cattle,2017,6,s2016,346,22,43,281
129177,15,SB0832,cattle,cattle,64359005_8,64359005_3,64359005,64359005,within,131,133,136,demographie,2245,133,cattle->cattle,2017,5,s2016,346,22,43,281
129178,15,SB0832,cattle,cattle,64359008_3,64359008_0,64359008,64359008,within,131,-1,133,abattage,2246,133,cattle->cattle,2017,2,s2016,346,22,43,281
129179,15,SB0832,cattle,cattle,64359008_4,64359008_0,64359008,64359008,within,131,133,133,abattage,2247,133,cattle->cattle,2017,2,s2016,346,22,43,281
129180,15,SB0832,cattle,cattle,64359008_5,64359008_0,64359008,64359008,within,131,135,135,abattage,2248,133,cattle->cattle,2017,4,s2016,346,22,43,281
129181,15,SB0832,cattle,cattle,64359061_13,64359061_4,64359061,64359061,within,131,132,134,abattage,2249,133,cattle->cattle,2017,3,s2016,346,22,43,281
129182,15,SB0832,cattle,cattle,64359061_12,64359061_9,64359061,64359061,within,131,132,134,abattage,2250,133,cattle->cattle,2017,3,s2016,346,22,43,281
129183,15,SB0832,cattle,cattle,64359005_9,64359005_2,64359005,64359005,within,132,133,137,abattage,2273,133,cattle->cattle,2018,5,s2016,346,22,43,281
129184,15,SB0832,cattle,cattle,64359005_11,64359005_7,64359005,64359005,within,132,-1,137,abattage,2274,133,cattle->cattle,2018,5,s2016,346,22,43,281
129185,15,SB0832,cattle,cattle,64359061_14,64359061_13,64359061,64359061,within,132,-1,134,abattage,2275,133,cattle->cattle,2018,2,s2016,346,22,43,281
129186,15,SB0832,cattle,cattle,64359209_4,64359209_3,64359209,64359209,within,132,-1,133,abattage,2276,133,cattle->cattle,2018,1,s2016,346,22,43,281
129187,15,SB0832,cattle,cattle,64349068_10,64349068_9,64349068,64349068,within,133,134,145,abattage,2294,133,cattle->cattle,2018,12,s2016,346,22,43,281
129188,15,SB0832,cattle,cattle,64359005_12,64359005_2,64359005,64359005,within,133,133,137,demographie,2299,133,cattle->cattle,2018,4,s2016,346,22,43,281
129189,15,SB0832,cattle,cattle,64359005_14,64359005_3,64359005,64359005,within,133,-1,136,demographie,2300,133,cattle->cattle,2018,3,s2016,346,22,43,281
129190,15,SB0832,cattle,cattle,64359005_15,64359005_3,64359005,64359005,within,133,134,137,abattage,2301,133,cattle->cattle,2018,4,s2016,346,22,43,281
129191,15,SB0832,cattle,cattle,64359005_13,64359005_4,64359005,64359005,within,133,135,137,abattage,2302,133,cattle->cattle,2018,4,s2016,346,22,43,281
129192,15,SB0832,cattle,cattle,64359045_10,64359045_9,64359045,64359045,within,133,135,137,abattage,2303,133,cattle->cattle,2018,4,s2016,346,22,43,281
129193,15,SB0832,cattle,cattle,64359061_15,64359061_7,64359061,64359061,within,133,-1,134,abattage,2304,133,cattle->cattle,2018,1,s2016,346,22,43,281
129194,15,SB0832,cattle,cattle,64359061_16,64359061_7,64359061,64359061,within,133,-1,134,abattage,2305,133,cattle->cattle,2018,1,s2016,346,22,43,281
129195,15,SB0832,cattle,cattle,64359110_7,64359110_5,64359110,64359110,within,133,137,143,abattage,2306,133,cattle->cattle,2018,10,s2016,346,22,43,281
129196,15,SB0832,cattle,cattle,64359045_11,64359045_9,64359045,64359045,within,134,135,137,abattage,2324,133,cattle->cattle,2018,3,s2016,346,22,43,281
129197,15,SB0832,cattle,cattle,64359061_17,64359061_12,64359061,64359061,within,134,134,134,abattage,2325,133,cattle->cattle,2018,0,s2016,346,22,43,281
129198,15,SB0832,cattle,cattle,64359209_5,64359209_2,64359209,64359209,within,134,-1,137,abattage,2326,133,cattle->cattle,2018,3,s2016,346,22,43,281
129199,15,SB0832,cattle,cattle,64359211_1,64359211_0,64359211,64359211,within,134,140,144,abattage,2327,133,cattle->cattle,2018,10,s2016,346,22,43,281
129200,15,SB0832,cattle,boar,64359209_6,64359_6,64359209,64359,boar,135,-1,137,abattage,2340,133,boar->cattle,2018,2,s2016,346,22,43,281
129201,15,SB0832,cattle,cattle,64359110_8,64359110_5,64359110,64359110,within,135,138,143,abattage,2341,133,cattle->cattle,2018,8,s2016,346,22,43,281
129202,15,SB0832,cattle,cattle,64359110_9,64359110_5,64359110,64359110,within,135,-1,137,demographie,2342,133,cattle->cattle,2018,2,s2016,346,22,43,281
129203,15,SB0832,boar,badger,64393_1,45_d500_120_0,64393,45_d500_120,badger,136,136,155,demographie,2353,133,badger->boar,2018,19,s2016,346,22,43,281
129204,15,SB0832,cattle,boar,64359056_2,64359_4,64359056,64359,boar,136,-1,143,abattage,2365,133,boar->cattle,2018,7,s2016,346,22,43,281
129205,15,SB0832,cattle,cattle,64359005_16,64359005_3,64359005,64359005,within,136,139,140,abattage,2366,133,cattle->cattle,2018,4,s2016,346,22,43,281
129206,15,SB0832,cattle,boar,64551007_0,64359_14,64551007,64551,boar,136,145,157,NA,2370,133,boar->cattle,2018,21,s2016,346,22,43,281
129207,15,SB0832,cattle,boar,64349086_6,64349_69,64349086,64349,boar,137,138,148,abattage,2378,133,boar->cattle,2018,11,s2016,346,22,43,281
129208,15,SB0832,boar,cattle,64349_69,64349068_9,64349,64349068,cattle,137,137,139,demographie,2379,133,cattle->boar,2018,2,s2016,346,22,43,281
129209,15,SB0832,cattle,cattle,64359108_6,64359108_5,64359108,64359108,within,137,-1,143,abattage,2385,133,cattle->cattle,2018,6,s2016,346,22,43,281
129210,15,SB0832,badger,cattle,45_d500_298_0,64359110_5,45_d500_298,64359110,cattle,137,137,157,NA,2386,133,cattle->badger,2018,20,s2016,346,22,43,281
129211,15,SB0832,cattle,boar,64508022_0,64359_10,64508022,64508,boar,137,140,157,NA,2391,133,boar->cattle,2018,20,s2016,346,22,43,281
129212,15,SB0832,cattle,badger,64359209_7,45_d500_122_0,64359209,45_d500_122,badger,138,-1,139,demographie,2395,133,badger->cattle,2018,1,s2016,346,22,43,281
129213,15,SB0832,boar,cattle,64349_72,64349068_10,64349,64349068,cattle,138,138,154,demographie,2397,133,cattle->boar,2018,16,s2016,346,22,43,281
129214,15,SB0832,boar,cattle,64349_71,64349068_9,64349,64349068,cattle,138,138,148,demographie,2398,133,cattle->boar,2018,10,s2016,346,22,43,281
129215,15,SB0832,cattle,boar,64359200_0,64359_8,64359200,64359,boar,138,144,146,abattage,2401,133,boar->cattle,2018,8,s2016,346,22,43,281
129216,15,SB0832,cattle,cattle,64359108_7,64359108_5,64359108,64359108,within,138,142,143,abattage,2402,133,cattle->cattle,2018,5,s2016,346,22,43,281
129217,15,SB0832,cattle,cattle,64359110_10,64359110_7,64359110,64359110,within,138,-1,145,abattage,2403,133,cattle->cattle,2018,7,s2016,346,22,43,281
129218,15,SB0832,boar,cattle,64359_17,64359211_0,64359,64359211,cattle,138,138,157,NA,2404,133,cattle->boar,2018,19,s2016,346,22,43,281
129219,15,SB0832,badger,boar,45_d500_227_0,64359_14,45_d500_227,64551,boar,138,138,148,trapping,2410,133,boar->badger,2018,10,s2016,346,22,43,281
129220,15,SB0832,boar,cattle,64349_73,64349086_6,64349,64349086,cattle,139,139,157,NA,2422,133,cattle->boar,2018,18,s2016,346,22,43,281
129221,15,SB0832,cattle,boar,64359056_3,64359_17,64359056,64359,boar,139,143,145,abattage,2426,133,boar->cattle,2018,6,s2016,346,22,43,281
129222,15,SB0832,cattle,boar,64359075_0,64359_17,64359075,64359,boar,139,140,145,abattage,2427,133,boar->cattle,2018,6,s2016,346,22,43,281
129223,15,SB0832,cattle,boar,64359103_0,64359_8,64359103,64359,boar,139,140,144,abattage,2428,133,boar->cattle,2018,5,s2016,346,22,43,281
129224,15,SB0832,boar,cattle,64359_18,64359045_11,64359,64359045,cattle,139,139,148,demographie,2429,133,cattle->boar,2018,9,s2016,346,22,43,281
129225,15,SB0832,badger,cattle,45_d500_87_0,64359211_0,45_d500_87,64359211,cattle,139,139,157,NA,2430,133,cattle->badger,2018,18,s2016,346,22,43,281
129226,15,SB0832,cattle,boar,64551017_0,64359_14,64551017,64551,boar,139,143,145,demographie,2434,133,boar->cattle,2018,6,s2016,346,22,43,281
129227,15,SB0832,cattle,badger,64359204_1,45_d500_298_0,64359204,45_d500_298,badger,140,145,146,abattage,2440,133,badger->cattle,2018,6,s2016,346,22,43,281
129228,15,SB0832,cattle,badger,64359196_0,45_d500_84_0,64359196,45_d500_84,badger,140,145,146,demographie,2441,133,badger->cattle,2018,6,s2016,346,22,43,281
129229,15,SB0832,cattle,badger,64359110_11,45_d500_94_0,64359110,45_d500_94,badger,140,-1,143,abattage,2442,133,badger->cattle,2018,3,s2016,346,22,43,281
129230,15,SB0832,boar,cattle,64349_74,64349086_6,64349,64349086,cattle,140,140,157,NA,2447,133,cattle->boar,2018,17,s2016,346,22,43,281
129231,15,SB0832,boar,cattle,64349_75,64349086_6,64349,64349086,cattle,140,140,157,NA,2448,133,cattle->boar,2018,17,s2016,346,22,43,281
129232,15,SB0832,cattle,boar,64359148_0,64359_16,64359148,64359,boar,140,142,157,NA,2455,133,boar->cattle,2018,17,s2016,346,22,43,281
129233,15,SB0832,cattle,boar,64359075_1,64359_8,64359075,64359,boar,140,142,147,abattage,2456,133,boar->cattle,2018,7,s2016,346,22,43,281
129234,15,SB0832,cattle,boar,64393387_0,64393_1,64393387,64393,boar,140,146,157,NA,2458,133,boar->cattle,2018,17,s2016,346,22,43,281
129235,15,SB0832,boar,cattle,64349_76,64349086_6,64349,64349086,cattle,141,141,157,NA,2475,133,cattle->boar,2018,16,s2016,346,22,43,281
129236,15,SB0832,boar,cattle,64349_77,64349086_6,64349,64349086,cattle,141,141,143,demographie,2476,133,cattle->boar,2018,2,s2016,346,22,43,281
129237,15,SB0832,cattle,boar,64359042_2,64359_16,64359042,64359,boar,141,-1,144,abattage,2478,133,boar->cattle,2018,3,s2016,346,22,43,281
129238,15,SB0832,cattle,boar,64359005_17,64359_19,64359005,64359,boar,141,142,143,abattage,2479,133,boar->cattle,2018,2,s2016,346,22,43,281
129239,15,SB0832,boar,cattle,64359_19,64359103_0,64359,64359103,cattle,141,141,148,demographie,2480,133,cattle->boar,2018,7,s2016,346,22,43,281
129240,15,SB0832,cattle,cattle,64359108_8,64359108_5,64359108,64359108,within,141,142,143,abattage,2481,133,cattle->cattle,2018,2,s2016,346,22,43,281
129241,15,SB0832,cattle,cattle,64359110_12,64359110_8,64359110,64359110,within,141,144,145,abattage,2482,133,cattle->cattle,2018,4,s2016,346,22,43,281
129242,15,SB0832,cattle,cattle,64359110_13,64359110_8,64359110,64359110,within,141,143,143,abattage,2483,133,cattle->cattle,2018,2,s2016,346,22,43,281
129243,15,SB0832,cattle,cattle,64077001_0,64359211_1,64359211,64359211,within,141,141,147,abattage,2484,133,cattle->cattle,2018,6,s2016,346,22,43,281
129244,15,SB0832,cattle,boar,64349001_12,64349_74,64349001,64349,boar,142,143,145,abattage,2500,133,boar->cattle,2018,3,s2016,346,22,43,281
129245,15,SB0832,boar,cattle,64349_79,64349086_6,64349,64349086,cattle,142,142,144,demographie,2501,133,cattle->boar,2018,2,s2016,346,22,43,281
129246,15,SB0832,cattle,boar,64359200_1,64359_16,64359200,64359,boar,142,-1,148,abattage,2507,133,boar->cattle,2018,6,s2016,346,22,43,281
129247,15,SB0832,cattle,boar,64359103_1,64359_17,64359103,64359,boar,142,-1,144,abattage,2508,133,boar->cattle,2018,2,s2016,346,22,43,281
129248,15,SB0832,cattle,boar,64359138_0,64359_18,64359138,64359,boar,142,144,144,abattage,2509,133,boar->cattle,2018,2,s2016,346,22,43,281
129249,15,SB0832,cattle,boar,64359005_18,64359_5,64359005,64359,boar,142,143,146,abattage,2510,133,boar->cattle,2018,4,s2016,346,22,43,281
129250,15,SB0832,cattle,cattle,64359110_14,64359110_7,64359110,64359110,within,142,-1,143,abattage,2511,133,cattle->cattle,2018,1,s2016,346,22,43,281
129251,15,SB0832,cattle,cattle,64077001_1,64077001_0,64077001,64077001,within,143,144,147,abattage,2529,133,cattle->cattle,2018,4,s2016,346,22,43,281
129252,15,SB0832,cattle,cattle,64349068_11,64349068_10,64349068,64349068,within,143,-1,143,abattage,2533,133,cattle->cattle,2018,0,s2016,346,22,43,281
129253,15,SB0832,boar,cattle,64349_80,64349068_10,64349,64349068,cattle,143,143,147,demographie,2534,133,cattle->boar,2018,4,s2016,346,22,43,281
129254,15,SB0832,cattle,cattle,64349086_7,64349086_6,64349086,64349086,within,143,151,151,abattage,2535,133,cattle->cattle,2018,8,s2016,346,22,43,281
129255,15,SB0832,cattle,cattle,64359005_19,64359005_17,64359005,64359005,within,143,-1,146,abattage,2541,133,cattle->cattle,2018,3,s2016,346,22,43,281
129256,15,SB0832,cattle,cattle,64359075_2,64359075_0,64359075,64359075,within,143,144,146,demographie,2542,133,cattle->cattle,2018,3,s2016,346,22,43,281
129257,15,SB0832,cattle,cattle,64359108_9,64359108_5,64359108,64359108,within,143,-1,143,abattage,2543,133,cattle->cattle,2018,0,s2016,346,22,43,281
129258,15,SB0832,cattle,cattle,64359108_10,64359108_7,64359108,64359108,within,143,-1,143,abattage,2544,133,cattle->cattle,2018,0,s2016,346,22,43,281
129259,15,SB0832,cattle,cattle,64359110_15,64359110_5,64359110,64359110,within,143,-1,143,abattage,2545,133,cattle->cattle,2018,0,s2016,346,22,43,281
129260,15,SB0832,cattle,cattle,64349001_13,64349001_12,64349001,64349001,within,144,145,145,abattage,2556,133,cattle->cattle,2019,1,s2016,346,22,43,281
129261,15,SB0832,cattle,cattle,64349068_12,64349068_10,64349068,64349068,within,144,-1,147,abattage,2558,133,cattle->cattle,2019,3,s2016,346,22,43,281
129262,15,SB0832,cattle,cattle,64349068_13,64349068_10,64349068,64349068,within,144,-1,145,abattage,2559,133,cattle->cattle,2019,1,s2016,346,22,43,281
129263,15,SB0832,cattle,cattle,64349068_14,64349068_10,64349068,64349068,within,144,-1,145,abattage,2560,133,cattle->cattle,2019,1,s2016,346,22,43,281
129264,15,SB0832,boar,cattle,64359_20,64359075_2,64359,64359075,cattle,144,144,157,NA,2562,133,cattle->boar,2019,13,s2016,346,22,43,281
129265,15,SB0832,boar,cattle,64359_21,64359075_2,64359,64359075,cattle,144,144,146,demographie,2563,133,cattle->boar,2019,2,s2016,346,22,43,281
129266,15,SB0832,cattle,cattle,64359110_16,64359110_12,64359110,64359110,within,144,-1,145,abattage,2564,133,cattle->cattle,2019,1,s2016,346,22,43,281
129267,15,SB0832,cattle,cattle,64359110_18,64359110_12,64359110,64359110,within,144,-1,145,abattage,2565,133,cattle->cattle,2019,1,s2016,346,22,43,281
129268,15,SB0832,cattle,cattle,64359110_17,64359110_5,64359110,64359110,within,144,-1,145,abattage,2566,133,cattle->cattle,2019,1,s2016,346,22,43,281
129269,15,SB0832,cattle,cattle,64359211_2,64359211_1,64359211,64359211,within,144,-1,144,abattage,2567,133,cattle->cattle,2019,0,s2016,346,22,43,281
129270,15,SB0832,cattle,cattle,64359211_3,64359211_1,64359211,64359211,within,144,-1,144,abattage,2568,133,cattle->cattle,2019,0,s2016,346,22,43,281
129271,15,SB0832,cattle,cattle,64508022_1,64508022_0,64508022,64508022,within,144,145,157,NA,2576,133,cattle->cattle,2019,13,s2016,346,22,43,281
129272,15,SB0832,cattle,cattle,64077001_2,64077001_1,64077001,64077001,within,145,150,151,abattage,2588,133,cattle->cattle,2019,6,s2016,346,22,43,281
129273,15,SB0832,cattle,cattle,64349001_14,64349001_13,64349001,64349001,within,145,-1,145,abattage,2592,133,cattle->cattle,2019,0,s2016,346,22,43,281
129274,15,SB0832,boar,cattle,64349_82,64349086_6,64349,64349086,cattle,145,145,157,NA,2593,133,cattle->boar,2019,12,s2016,346,22,43,281
129275,15,SB0832,boar,cattle,64349_83,64349086_6,64349,64349086,cattle,145,145,147,demographie,2594,133,cattle->boar,2019,2,s2016,346,22,43,281
129276,15,SB0832,cattle,cattle,64359075_3,64359075_1,64359075,64359075,within,145,147,147,abattage,2595,133,cattle->cattle,2019,2,s2016,346,22,43,281
129277,15,SB0832,cattle,cattle,64359075_4,64359075_1,64359075,64359075,within,145,146,147,abattage,2596,133,cattle->cattle,2019,2,s2016,346,22,43,281
129278,15,SB0832,cattle,cattle,64359110_19,64359110_12,64359110,64359110,within,145,-1,145,abattage,2597,133,cattle->cattle,2019,0,s2016,346,22,43,281
129279,15,SB0832,cattle,cattle,64359110_20,64359110_12,64359110,64359110,within,145,-1,145,abattage,2598,133,cattle->cattle,2019,0,s2016,346,22,43,281
129280,15,SB0832,cattle,cattle,64359148_1,64359148_0,64359148,64359148,within,145,148,157,NA,2599,133,cattle->cattle,2019,12,s2016,346,22,43,281
129281,15,SB0832,cattle,cattle,64359148_2,64359148_0,64359148,64359148,within,145,155,155,abattage,2600,133,cattle->cattle,2019,10,s2016,346,22,43,281
129282,15,SB0832,cattle,cattle,64508022_2,64508022_1,64508022,64508022,within,145,146,157,NA,2605,133,cattle->cattle,2019,12,s2016,346,22,43,281
129283,15,SB0832,cattle,cattle,64077001_3,64077001_1,64077001,64077001,within,146,149,151,abattage,2609,133,cattle->cattle,2019,5,s2016,346,22,43,281
129284,15,SB0832,cattle,cattle,64077001_4,64077001_1,64077001,64077001,within,146,147,147,abattage,2610,133,cattle->cattle,2019,1,s2016,346,22,43,281
129285,15,SB0832,cattle,cattle,64077001_5,64077001_1,64077001,64077001,within,146,148,151,abattage,2611,133,cattle->cattle,2019,5,s2016,346,22,43,281
129286,15,SB0832,cattle,cattle,64359200_2,64359200_0,64359200,64359200,within,146,146,146,abattage,2615,133,cattle->cattle,2019,0,s2016,346,22,43,281
129287,15,SB0832,cattle,cattle,64508022_3,64508022_2,64508022,64508022,within,146,149,157,NA,2620,133,cattle->cattle,2019,11,s2016,346,22,43,281
129288,15,SB0832,cattle,cattle,64551007_1,64551007_0,64551007,64551007,within,146,147,157,NA,2621,133,cattle->cattle,2019,11,s2016,346,22,43,281
129289,15,SB0832,cattle,cattle,64551007_2,64551007_0,64551007,64551007,within,146,-1,157,NA,2622,133,cattle->cattle,2019,11,s2016,346,22,43,281
129290,15,SB0832,cattle,boar,64359056_4,64359_17,64359056,64359,boar,147,-1,147,abattage,2642,133,boar->cattle,2019,0,s2016,346,22,43,281
129291,15,SB0832,cattle,cattle,64359075_7,64359075_1,64359075,64359075,within,147,-1,147,abattage,2643,133,cattle->cattle,2019,0,s2016,346,22,43,281
129292,15,SB0832,cattle,cattle,64359075_5,64359075_4,64359075,64359075,within,147,-1,147,abattage,2644,133,cattle->cattle,2019,0,s2016,346,22,43,281
129293,15,SB0832,cattle,cattle,64359075_6,64359075_4,64359075,64359075,within,147,-1,147,abattage,2645,133,cattle->cattle,2019,0,s2016,346,22,43,281
129294,15,SB0832,cattle,boar,64551002_0,64359_14,64551002,64551,boar,147,153,157,NA,2647,133,boar->cattle,2019,10,s2016,346,22,43,281
129295,15,SB0832,cattle,boar,64551007_3,64359_14,64551007,64551,boar,147,-1,152,demographie,2648,133,boar->cattle,2019,5,s2016,346,22,43,281
129296,15,SB0832,boar,badger,64393_3,45_d500_122_0,64393,45_d500_122,badger,148,148,157,NA,2649,133,badger->boar,2019,9,s2016,346,22,43,281
129297,15,SB0832,badger,cattle,3_d500_16_165_0,64077001_0,3_d500_16_165,64077001,cattle,148,148,151,trapping,2653,133,cattle->badger,2019,3,s2016,346,22,43,281
129298,15,SB0832,cattle,boar,64359196_1,64359_16,64359196,64359,boar,148,-1,152,abattage,2661,133,boar->cattle,2019,4,s2016,346,22,43,281
129299,15,SB0832,cattle,boar,64359138_1,64359_21,64359138,64359,boar,148,149,157,NA,2662,133,boar->cattle,2019,9,s2016,346,22,43,281
129300,15,SB0832,cattle,boar,64359005_20,64359_10,64359005,64359,boar,148,-1,152,abattage,2663,133,boar->cattle,2019,4,s2016,346,22,43,281
129301,15,SB0832,cattle,boar,64359042_3,64359_4,64359042,64359,boar,148,149,150,abattage,2664,133,boar->cattle,2019,2,s2016,346,22,43,281
129302,15,SB0832,cattle,cattle,64393387_1,64393387_0,64393387,64393387,within,148,150,157,NA,2667,133,cattle->cattle,2019,9,s2016,346,22,43,281
129303,15,SB0832,cattle,cattle,64551007_4,64551007_1,64551007,64551007,within,148,155,157,NA,2670,133,cattle->cattle,2019,9,s2016,346,22,43,281
129304,15,SB0832,cattle,boar,64359024_0,64359_19,64359024,64359,boar,149,153,157,NA,2676,133,boar->cattle,2019,8,s2016,346,22,43,281
129305,15,SB0832,cattle,cattle,64508031_0,64508022_1,64508031,64508022,pasture,149,150,157,NA,2679,133,cattle->cattle,2019,8,s2016,346,22,43,281
129306,15,SB0832,cattle,cattle,64551007_5,64551007_1,64551007,64551007,within,149,151,157,NA,2680,133,cattle->cattle,2019,8,s2016,346,22,43,281
129307,15,SB0832,cattle,boar,64349053_10,64349_72,64349053,64349,boar,150,151,153,abattage,2688,133,boar->cattle,2019,3,s2016,346,22,43,281
129308,15,SB0832,cattle,boar,64359042_4,64359_20,64359042,64359,boar,150,-1,150,abattage,2693,133,boar->cattle,2019,0,s2016,346,22,43,281
129309,15,SB0832,cattle,boar,64359138_2,64359_21,64359138,64359,boar,150,-1,151,abattage,2694,133,boar->cattle,2019,1,s2016,346,22,43,281
129310,15,SB0832,cattle,boar,64359187_1,64359_23,64359187,64359,boar,150,151,154,demographie,2695,133,boar->cattle,2019,4,s2016,346,22,43,281
129311,15,SB0832,cattle,cattle,64359148_3,64359148_1,64359148,64359148,within,150,-1,157,NA,2696,133,cattle->cattle,2019,7,s2016,346,22,43,281
129312,15,SB0832,boar,cattle,64359_23,64359211_0,64359,64359211,cattle,150,150,157,NA,2697,133,cattle->boar,2019,7,s2016,346,22,43,281
129313,15,SB0832,cattle,boar,64551024_0,64359_14,64551024,64551,boar,150,-1,157,NA,2702,133,boar->cattle,2019,7,s2016,346,22,43,281
129314,15,SB0832,cattle,badger,64551024_1,45_d500_227_0,64551024,45_d500_227,badger,151,-1,155,abattage,2704,133,badger->cattle,2019,4,s2016,346,22,43,281
129315,15,SB0832,cattle,boar,64359042_5,64359_16,64359042,64359,boar,151,-1,153,abattage,2709,133,boar->cattle,2019,2,s2016,346,22,43,281
129316,15,SB0832,cattle,boar,64359138_3,64359_18,64359138,64359,boar,151,-1,154,abattage,2710,133,boar->cattle,2019,3,s2016,346,22,43,281
129317,15,SB0832,cattle,boar,64359001_1,64359_20,64359001,64359,boar,151,152,157,NA,2711,133,boar->cattle,2019,6,s2016,346,22,43,281
129318,15,SB0832,cattle,boar,64359061_18,64359_4,64359061,64359,boar,151,153,157,NA,2712,133,boar->cattle,2019,6,s2016,346,22,43,281
129319,15,SB0832,cattle,badger,64359110_21,45_d500_298_0,64359110,45_d500_298,badger,152,-1,157,NA,2720,133,badger->cattle,2019,5,s2016,346,22,43,281
129320,15,SB0832,boar,cattle,64349_89,64349053_10,64349,64349053,cattle,152,152,157,NA,2727,133,cattle->boar,2019,5,s2016,346,22,43,281
129321,15,SB0832,cattle,boar,64359211_4,64359_17,64359211,64359,boar,152,154,154,abattage,2730,133,boar->cattle,2019,2,s2016,346,22,43,281
129322,15,SB0832,cattle,boar,64359211_5,64359_17,64359211,64359,boar,152,153,154,abattage,2731,133,boar->cattle,2019,2,s2016,346,22,43,281
129323,15,SB0832,boar,boar,64367_10,64349_73,64367,64367,within,152,152,157,NA,2732,133,boar->boar,2019,5,s2016,346,22,43,281
129324,15,SB0832,boar,cattle,64393_4,64393387_0,64393,64393387,cattle,152,152,157,NA,2733,133,cattle->boar,2019,5,s2016,346,22,43,281
129325,15,SB0832,cattle,cattle,64488018_0,64393387_1,64393387,64393387,within,152,-1,157,NA,2734,133,cattle->cattle,2019,5,s2016,346,22,43,281
129326,15,SB0832,cattle,boar,64359209_8,64359_16,64359209,64359,boar,153,-1,155,abattage,2744,133,boar->cattle,2019,2,s2016,346,22,43,281
129327,15,SB0832,cattle,boar,64359056_5,64359_10,64359056,64359,boar,153,-1,157,NA,2745,133,boar->cattle,2019,4,s2016,346,22,43,281
129328,15,SB0832,cattle,boar,64359035_0,64359_8,64359035,64359,boar,153,154,157,NA,2746,133,boar->cattle,2019,4,s2016,346,22,43,281
129329,15,SB0832,cattle,cattle,64359138_4,64359138_1,64359138,64359138,within,153,-1,157,NA,2747,133,cattle->cattle,2019,4,s2016,346,22,43,281
129330,15,SB0832,cattle,cattle,64359148_4,64359148_1,64359148,64359148,within,153,-1,157,NA,2748,133,cattle->cattle,2019,4,s2016,346,22,43,281
129331,15,SB0832,cattle,cattle,64359148_5,64359148_1,64359148,64359148,within,153,154,157,NA,2749,133,cattle->cattle,2019,4,s2016,346,22,43,281
129332,15,SB0832,boar,cattle,64393_5,64393387_1,64393,64393387,cattle,153,153,157,NA,2750,133,cattle->boar,2019,4,s2016,346,22,43,281
129333,15,SB0832,cattle,cattle,64551007_6,64551007_0,64551007,64551007,within,153,-1,157,NA,2753,133,cattle->cattle,2019,4,s2016,346,22,43,281
129334,15,SB0832,cattle,cattle,64551007_7,64551007_1,64551007,64551007,within,153,-1,157,NA,2754,133,cattle->cattle,2019,4,s2016,346,22,43,281
129335,15,SB0832,boar,cattle,64349_91,64349053_10,64349,64349053,cattle,154,154,157,NA,2763,133,cattle->boar,2019,3,s2016,346,22,43,281
129336,15,SB0832,cattle,boar,64359035_1,64359_10,64359035,64359,boar,154,-1,157,NA,2766,133,boar->cattle,2019,3,s2016,346,22,43,281
129337,15,SB0832,cattle,boar,64359153_19,64359_10,64359153,64359,boar,154,-1,157,NA,2767,133,boar->cattle,2019,3,s2016,346,22,43,281
129338,15,SB0832,cattle,boar,64359024_2,64359_4,64359024,64359,boar,154,-1,157,NA,2768,133,boar->cattle,2019,3,s2016,346,22,43,281
129339,15,SB0832,cattle,boar,64359056_6,64359_4,64359056,64359,boar,154,-1,157,NA,2769,133,boar->cattle,2019,3,s2016,346,22,43,281
129340,15,SB0832,cattle,cattle,64359024_1,64359024_0,64359024,64359024,within,154,-1,157,NA,2770,133,cattle->cattle,2019,3,s2016,346,22,43,281
129341,15,SB0832,cattle,cattle,64359148_6,64359148_0,64359148,64359148,within,154,-1,157,NA,2771,133,cattle->cattle,2019,3,s2016,346,22,43,281
129342,15,SB0832,cattle,cattle,64393387_2,64393387_0,64393387,64393387,within,154,-1,157,NA,2778,133,cattle->cattle,2019,3,s2016,346,22,43,281
129343,15,SB0832,cattle,cattle,64393387_3,64393387_0,64393387,64393387,within,154,-1,157,NA,2779,133,cattle->cattle,2019,3,s2016,346,22,43,281
129344,15,SB0832,cattle,boar,64551007_8,64359_14,64551007,64551,boar,154,-1,157,NA,2784,133,boar->cattle,2019,3,s2016,346,22,43,281
129345,15,SB0832,cattle,cattle,64551002_1,64551002_0,64551002,64551002,within,154,-1,157,NA,2785,133,cattle->cattle,2019,3,s2016,346,22,43,281
129346,15,SB0832,cattle,cattle,64359061_19,64359061_18,64359061,64359061,within,155,-1,157,NA,2795,133,cattle->cattle,2019,2,s2016,346,22,43,281
129347,15,SB0832,cattle,cattle,64359061_20,64359061_18,64359061,64359061,within,155,-1,155,abattage,2796,133,cattle->cattle,2019,0,s2016,346,22,43,281
129348,15,SB0832,cattle,cattle,64359138_5,64359138_1,64359138,64359138,within,155,-1,157,NA,2797,133,cattle->cattle,2019,2,s2016,346,22,43,281
129349,15,SB0832,cattle,cattle,64359148_9,64359148_1,64359148,64359148,within,155,-1,157,NA,2798,133,cattle->cattle,2019,2,s2016,346,22,43,281
129350,15,SB0832,cattle,cattle,64359148_7,64359148_5,64359148,64359148,within,155,-1,157,NA,2799,133,cattle->cattle,2019,2,s2016,346,22,43,281
129351,15,SB0832,cattle,cattle,64359148_8,64359148_5,64359148,64359148,within,155,-1,157,NA,2800,133,cattle->cattle,2019,2,s2016,346,22,43,281
129352,15,SB0832,boar,cattle,64359_25,64359211_4,64359,64359211,cattle,155,155,157,NA,2801,133,cattle->boar,2019,2,s2016,346,22,43,281
129353,15,SB0832,cattle,cattle,64393387_4,64393387_0,64393387,64393387,within,155,-1,157,NA,2805,133,cattle->cattle,2019,2,s2016,346,22,43,281
129354,15,SB0832,cattle,cattle,64393387_5,64393387_1,64393387,64393387,within,155,155,157,NA,2806,133,cattle->cattle,2019,2,s2016,346,22,43,281
129355,15,SB0832,boar,cattle,64393_7,64393387_1,64393,64393387,cattle,155,155,157,NA,2807,133,cattle->boar,2019,2,s2016,346,22,43,281
129356,15,SB0832,cattle,cattle,64508022_4,64508022_0,64508022,64508022,within,155,-1,157,NA,2810,133,cattle->cattle,2019,2,s2016,346,22,43,281
129357,15,SB0832,cattle,cattle,64551002_2,64551002_0,64551002,64551002,within,155,-1,157,NA,2811,133,cattle->cattle,2019,2,s2016,346,22,43,281
129358,15,SB0832,cattle,cattle,64551007_10,64551007_0,64551007,64551007,within,155,-1,157,NA,2812,133,cattle->cattle,2019,2,s2016,346,22,43,281
129359,15,SB0832,cattle,cattle,64551007_9,64551007_5,64551007,64551007,within,155,-1,157,NA,2813,133,cattle->cattle,2019,2,s2016,346,22,43,281
